{"type":"FeatureCollection","features":[{"type":"Feature","properties":{"id":"ohl-0","kind":"ohl","name":"AXMINSTER - CHICKERELL - MANNINGTON","voltage":"400","towers":"4VN ROUTE TWR (001 - 158)","status":"C","gid":10004542,"risk":"MEDIUM","floodCodes":["111FWFALN111","111FWFSTOL811","111FWGALL103","111FWFFROL310","111FWFPIDD410","111FWFWEY510"],"floodNames":["River Allen at Wimborne","Lower Stour at Cowgrove","Groundwater flooding in the Lower Allen Vale","Lower Frome from Dorchester to East Stoke","River Piddle from Alton Pancras to Wareham","River Wey from Upwey to Weymouth"]},"geometry":{"type":"LineString","coordinates":[[-1.896267,50.848093],[-1.89976,50.849478],[-1.904691,50.849295],[-1.91008,50.849106],[-1.914293,50.848963],[-1.919606,50.848776],[-1.925524,50.848573],[-1.930882,50.848386],[-1.935504,50.847456],[-1.941359,50.846275],[-1.9437,50.845803],[-1.949488,50.844636],[-1.953907,50.843745],[-1.958963,50.842736],[-1.963402,50.840108],[-1.967132,50.837906],[-1.970053,50.836184],[-1.974677,50.833463],[-1.978045,50.83148],[-1.981056,50.829044],[-1.984432,50.826321],[-1.986913,50.824315],[-1.989924,50.821889],[-1.993294,50.819169],[-1.995305,50.817545],[-1.998554,50.81492],[-2.001604,50.81246],[-2.004986,50.809736],[-2.006814,50.807393],[-2.009955,50.803372],[-2.015448,50.803215],[-2.020345,50.803066],[-2.025454,50.802921],[-2.030217,50.801072],[-2.034297,50.799497],[-2.038482,50.797883],[-2.042505,50.79633],[-2.046585,50.794754],[-2.051163,50.792985],[-2.054619,50.791652],[-2.058083,50.790314],[-2.063296,50.788317],[-2.066181,50.785582],[-2.069165,50.78277],[-2.072499,50.779624],[-2.074727,50.777525],[-2.077848,50.774593],[-2.08153,50.773159],[-2.086596,50.771186],[-2.090744,50.76957],[-2.095486,50.767728],[-2.098897,50.764973],[-2.10159,50.762797],[-2.104185,50.760063],[-2.106151,50.757994],[-2.108914,50.755079],[-2.111451,50.752149],[-2.114284,50.748869],[-2.116354,50.746473],[-2.118891,50.743539],[-2.121807,50.740164],[-2.12372,50.737953],[-2.126551,50.734681],[-2.12917,50.731637],[-2.133625,50.729743],[-2.138643,50.727618],[-2.14406,50.727645],[-2.150006,50.727677],[-2.155427,50.727709],[-2.160685,50.727743],[-2.166287,50.727772],[-2.17207,50.727803],[-2.177681,50.727844],[-2.18305,50.726491],[-2.188431,50.725136],[-2.193837,50.725348],[-2.198325,50.725517],[-2.203438,50.72571],[-2.207418,50.725862],[-2.212824,50.726064],[-2.218463,50.726277],[-2.223247,50.72646],[-2.229023,50.726674],[-2.233508,50.726843],[-2.238344,50.727026],[-2.244335,50.72725],[-2.249188,50.727428],[-2.255352,50.72766],[-2.259885,50.727828],[-2.265406,50.728034],[-2.271259,50.728261],[-2.27536,50.727251],[-2.27834,50.726523],[-2.283877,50.72517],[-2.288991,50.723923],[-2.293725,50.722767],[-2.298079,50.721697],[-2.303329,50.721649],[-2.307741,50.721617],[-2.31205,50.719031],[-2.315969,50.716694],[-2.32011,50.71423],[-2.323757,50.712053],[-2.327251,50.709973],[-2.330485,50.708045],[-2.334252,50.705801],[-2.337305,50.70398],[-2.340906,50.701836],[-2.344122,50.699632],[-2.347589,50.697264],[-2.351882,50.694317],[-2.355788,50.691635],[-2.358174,50.689999],[-2.361844,50.687494],[-2.361516,50.683825],[-2.36135,50.681915],[-2.361134,50.679415],[-2.363632,50.677905],[-2.367547,50.675543],[-2.370716,50.67364],[-2.373649,50.67062],[-2.376367,50.670268],[-2.380838,50.66968],[-2.384933,50.669146],[-2.389405,50.668559],[-2.393639,50.668002],[-2.397348,50.667517],[-2.400261,50.667137],[-2.405689,50.666056],[-2.408861,50.665428],[-2.413941,50.664419],[-2.418566,50.663499],[-2.422914,50.662636],[-2.426886,50.661852],[-2.431125,50.659986],[-2.433628,50.65889],[-2.43724,50.657308],[-2.440652,50.656441],[-2.445051,50.655322],[-2.44955,50.654184],[-2.452446,50.653452],[-2.455928,50.652566],[-2.459342,50.651699],[-2.464333,50.648452],[-2.467718,50.646246],[-2.470609,50.646487],[-2.476046,50.646947],[-2.481341,50.647394],[-2.48464,50.644904],[-2.487105,50.643046],[-2.487196,50.641569],[-2.487306,50.639659],[-2.487522,50.635872],[-2.487666,50.633256],[-2.487876,50.629539],[-2.487974,50.627747],[-2.486611,50.626429],[-2.485482,50.625366],[-2.487695,50.625314]]}},{"type":"Feature","properties":{"id":"ohl-1","kind":"ohl","name":"DRAX - KEADBY - THORPE MARSH","voltage":"400","towers":"ZDA ROUTE TWR (064 - 127A)","status":"C","gid":10004543,"risk":"MEDIUM","floodCodes":["034FWBTRCROWLE","123FWT057"],"floodNames":["River Trent at Crowle","River Don at Thorne"]},"geometry":{"type":"LineString","coordinates":[[-1.064491,53.635974],[-1.059158,53.635284],[-1.053659,53.63457],[-1.049061,53.633974],[-1.043432,53.633245],[-1.038655,53.632622],[-1.033568,53.631962],[-1.028366,53.631286],[-1.023133,53.630607],[-1.018217,53.629971],[-1.013052,53.629299],[-1.007905,53.62863],[-1.002374,53.627911],[-0.997666,53.627299],[-0.993203,53.626985],[-0.988909,53.626684],[-0.983531,53.626307],[-0.978225,53.625935],[-0.971818,53.625486],[-0.967661,53.625192],[-0.962789,53.62485],[-0.957532,53.624483],[-0.952954,53.622818],[-0.948499,53.621202],[-0.943946,53.61955],[-0.939415,53.617906],[-0.93493,53.616278],[-0.930206,53.614563],[-0.925637,53.612908],[-0.920985,53.611219],[-0.916755,53.60968],[-0.911528,53.607782],[-0.906963,53.606124],[-0.902647,53.60456],[-0.898035,53.602882],[-0.892672,53.602706],[-0.886978,53.602516],[-0.881598,53.602336],[-0.876277,53.602162],[-0.871995,53.602015],[-0.867629,53.602217],[-0.862003,53.602471],[-0.857525,53.602669],[-0.853434,53.602286],[-0.849328,53.6019],[-0.844941,53.601487],[-0.839463,53.600972],[-0.834093,53.600468],[-0.828993,53.599991],[-0.826473,53.599752],[-0.822802,53.59968],[-0.817643,53.599579],[-0.813589,53.599498],[-0.808956,53.59916],[-0.80402,53.598798],[-0.798872,53.598422],[-0.793334,53.598015],[-0.787844,53.597614],[-0.782504,53.597222],[-0.77722,53.596829],[-0.77254,53.596825],[-0.767916,53.596822],[-0.763267,53.596817],[-0.760736,53.596815],[-0.758276,53.596968]]}},{"type":"Feature","properties":{"id":"ohl-2","kind":"ohl","name":"COVENTRY - RATCLIFFE ON SOAR","voltage":"400","towers":"ZLA ROUTE TWR (001A-002C-002B-002A-002)","status":"C","gid":10004544,"risk":"LOW","floodCodes":["034FWFTRCASDONN"],"floodNames":["River Trent at Castle Donington including Hemington and Lockington"]},"geometry":{"type":"LineString","coordinates":[[-1.353619,52.847674],[-1.354588,52.847457],[-1.354694,52.846989],[-1.355163,52.84685],[-1.357472,52.84619]]}},{"type":"Feature","properties":{"id":"ohl-3","kind":"ohl","name":"AMERSHAM - EAST CLAYDON - IVER 1","voltage":"400","towers":"ZL ROUTE (TWR 343 - 509)","status":"C","gid":10004545,"risk":"MEDIUM","floodCodes":["061FWF19Sthcourt","061FWF19Aylesbry","061FWF19Thame"],"floodNames":["Bear Brook and tributaries, from Walton Court in the Ellen Road area down to St Marys School","Bear Brook and tributaries, from Broughton to Haydon Mill Farm in Coldharbour, Aylesbury","River Thame from North Aylesbury to Chiselhampton"]},"geometry":{"type":"LineString","coordinates":[[-0.656535,51.666186],[-0.660007,51.667394],[-0.66372,51.668705],[-0.66751,51.670044],[-0.670637,51.672862],[-0.672912,51.674908],[-0.677241,51.678817],[-0.681363,51.68253],[-0.682293,51.686724],[-0.683384,51.689897],[-0.684229,51.692361],[-0.685253,51.695343],[-0.686417,51.69872],[-0.687529,51.701958],[-0.688673,51.705287],[-0.689628,51.708079],[-0.694365,51.708913],[-0.697962,51.710548],[-0.701465,51.712145],[-0.703591,51.714542],[-0.706563,51.71789],[-0.709119,51.720769],[-0.711495,51.723444],[-0.714059,51.725904],[-0.717781,51.729471],[-0.720196,51.731789],[-0.723489,51.734947],[-0.725806,51.737592],[-0.728252,51.740384],[-0.7307,51.743176],[-0.73324,51.746076],[-0.735661,51.748837],[-0.738647,51.752205],[-0.740814,51.755381],[-0.743173,51.7574],[-0.745331,51.759434],[-0.747089,51.760838],[-0.749697,51.762343],[-0.753265,51.763986],[-0.756457,51.765457],[-0.759343,51.765942],[-0.762413,51.766461],[-0.766398,51.767134],[-0.77004,51.767747],[-0.772378,51.768142],[-0.775089,51.768598],[-0.777699,51.769039],[-0.780541,51.769759],[-0.783234,51.770443],[-0.785782,51.771089],[-0.789614,51.772059],[-0.793649,51.773864],[-0.797541,51.775605],[-0.801247,51.77726],[-0.805397,51.779116],[-0.80909,51.780767],[-0.813371,51.782682],[-0.815148,51.785197],[-0.817102,51.787965],[-0.818872,51.790471],[-0.821125,51.793665],[-0.823307,51.796756],[-0.825545,51.799925],[-0.827393,51.802541],[-0.829262,51.805179],[-0.831222,51.807961],[-0.833393,51.810761],[-0.835777,51.813834],[-0.837424,51.815957],[-0.839464,51.818586],[-0.841967,51.821809],[-0.843625,51.823951],[-0.846417,51.826023],[-0.849572,51.828368],[-0.852338,51.830424],[-0.855798,51.832994],[-0.858498,51.834997],[-0.861653,51.837341],[-0.864833,51.839703],[-0.86807,51.842106],[-0.870785,51.844121],[-0.873755,51.846324],[-0.87712,51.84882],[-0.879301,51.850441],[-0.880296,51.853497],[-0.88129,51.856557],[-0.882335,51.859772],[-0.883457,51.863221],[-0.884289,51.865778],[-0.885211,51.868608],[-0.886196,51.871633],[-0.887109,51.874404],[-0.888157,51.877582],[-0.889367,51.881261],[-0.89034,51.884205],[-0.891299,51.887112],[-0.892302,51.890153],[-0.893321,51.893244],[-0.894348,51.896362],[-0.895598,51.899447],[-0.896909,51.902696],[-0.898248,51.906006],[-0.899572,51.909287],[-0.900784,51.912283],[-0.902052,51.91542],[-0.903219,51.918303],[-0.904499,51.921489],[-0.906817,51.925134]]}},{"type":"Feature","properties":{"id":"ohl-4","kind":"ohl","name":"CILFYNYDD - SEABANK - WHITSON","voltage":"400","towers":"2VL ROUTE TWR (001 - 023)","status":"C","gid":10004546,"risk":"MEDIUM","floodCodes":["112FWTAVN02","112FWTNOR03","112FWTSEV03","112FWTNOR02"],"floodNames":["Severn Estuary at Avonmouth","Severn Estuary at Northwick and Aust","Severn Estuary at Severn Beach and Pilning","Severn Estuary at Northwick"]},"geometry":{"type":"LineString","coordinates":[[-2.597633,51.578811],[-2.602916,51.578392],[-2.608639,51.577969],[-2.613714,51.57652],[-2.618722,51.575102],[-2.623198,51.573828],[-2.624246,51.571753],[-2.625615,51.569026],[-2.626777,51.566715],[-2.62796,51.564361],[-2.62923,51.561831],[-2.631376,51.558758],[-2.63323,51.556097],[-2.635122,51.5534],[-2.638534,51.551847],[-2.642031,51.550265],[-2.645475,51.548707],[-2.649108,51.547054],[-2.650989,51.544169],[-2.65255,51.541757],[-2.654888,51.53956],[-2.657487,51.537118],[-2.664278,51.537017],[-2.669215,51.536902]]}},{"type":"Feature","properties":{"id":"ohl-5","kind":"ohl","name":"DUNGENESS - SELLINDGE 1","voltage":"400","towers":"VO ROUTE TWR (022 - 083)","status":"C","gid":10004547,"risk":"MEDIUM","floodCodes":["064FWF6EastStour","064FWC9","064FWC8A","064FWC8B"],"floodNames":["East Stour from Sellinge to South Ashford","Coast from Dungeness to Rye","Coast from Folkestone to St Mary's Bay","Coast from Littlestone Golf Course to Dungeness"]},"geometry":{"type":"LineString","coordinates":[[0.971956,51.105312],[0.969693,51.104007],[0.967342,51.10265],[0.964446,51.100981],[0.961223,51.099124],[0.957297,51.096863],[0.953508,51.094683],[0.952543,51.092424],[0.951277,51.089483],[0.950362,51.087354],[0.949175,51.085569],[0.9474,51.082911],[0.946563,51.081646],[0.94464,51.078759],[0.942788,51.075968],[0.940304,51.073223],[0.937612,51.070241],[0.93492,51.067259],[0.932444,51.064517],[0.930076,51.061891],[0.927707,51.059265],[0.925325,51.056625],[0.92286,51.053892],[0.920389,51.051152],[0.91776,51.048236],[0.915626,51.045869],[0.915468,51.04292],[0.915315,51.040101],[0.915155,51.037077],[0.914998,51.034187],[0.914842,51.031297],[0.91471,51.028838],[0.91452,51.025273],[0.914359,51.022255],[0.914192,51.019141],[0.914035,51.016197],[0.913871,51.013197],[0.913716,51.010261],[0.913548,51.00714],[0.913388,51.004141],[0.913225,51.001127],[0.913072,50.998248],[0.912907,50.99518],[0.912734,50.991949],[0.912565,50.98877],[0.912411,50.985847],[0.909563,50.983778],[0.90646,50.981518],[0.903394,50.979287],[0.901153,50.977652],[0.89814,50.975458],[0.895361,50.973431],[0.894252,50.970716],[0.893165,50.968055],[0.891974,50.965131],[0.890812,50.962276],[0.889676,50.959492],[0.88853,50.95668],[0.887386,50.953872],[0.886299,50.95122],[0.888083,50.948375],[0.889437,50.946202],[0.891775,50.943766]]}},{"type":"Feature","properties":{"id":"ohl-6","kind":"ohl","name":"KIRKBY - RAINHILL 1","voltage":"275","towers":"4ZG ROUTE TWR (001 - 031)","status":"C","gid":10004548,"risk":"SAFE","floodCodes":[],"floodNames":[]},"geometry":{"type":"LineString","coordinates":[[-2.738775,53.422221],[-2.740754,53.422188],[-2.744335,53.421275],[-2.750402,53.420065],[-2.755802,53.418991],[-2.759171,53.4209],[-2.762061,53.422538],[-2.763543,53.424576],[-2.768413,53.425472],[-2.774791,53.426656],[-2.775752,53.428264],[-2.777466,53.431093],[-2.775184,53.433828],[-2.779372,53.436064],[-2.783029,53.438024],[-2.787142,53.440225],[-2.791645,53.442637],[-2.796015,53.444977],[-2.798351,53.447552],[-2.800548,53.449976],[-2.803121,53.452805],[-2.80467,53.456126],[-2.806382,53.459776],[-2.807832,53.462902],[-2.811519,53.465613],[-2.81512,53.468276],[-2.81899,53.471138],[-2.822451,53.473711],[-2.828079,53.472239],[-2.83336,53.470865],[-2.837165,53.469877],[-2.841849,53.468653],[-2.846373,53.468555]]}},{"type":"Feature","properties":{"id":"ohl-7","kind":"ohl","name":"STELLA NORTH - STELLA WEST SGT4","voltage":"132","towers":"PJ ROUTE","status":"C","gid":10004549,"risk":"SAFE","floodCodes":[],"floodNames":[]},"geometry":{"type":"LineString","coordinates":[[-1.741144,54.977096],[-1.737943,54.975687],[-1.732877,54.974898],[-1.732496,54.975259],[-1.72824,54.976504],[-1.724759,54.977742]]}},{"type":"Feature","properties":{"id":"ohl-8","kind":"ohl","name":"EGGBOROUGH - NEEPSEND - STOCKSBRIDGE","voltage":"400","towers":"4YQ ROUTE TWR (018 - 047 - ZZH038)","status":"C","gid":10004550,"risk":"SAFE","floodCodes":[],"floodNames":[]},"geometry":{"type":"LineString","coordinates":[[-1.252953,53.609689],[-1.250358,53.61186],[-1.248164,53.614904],[-1.249573,53.618212],[-1.247977,53.621878],[-1.246881,53.624421],[-1.245804,53.627412],[-1.244736,53.630376],[-1.243729,53.633166],[-1.242645,53.636177],[-1.24152,53.639325],[-1.238769,53.642032],[-1.236317,53.644461],[-1.234207,53.646551],[-1.230332,53.650385],[-1.228061,53.652627],[-1.224881,53.655771],[-1.222084,53.658544],[-1.218781,53.661814],[-1.216328,53.664235],[-1.213881,53.666657],[-1.211179,53.66933],[-1.208589,53.671889],[-1.205914,53.674532],[-1.203614,53.676806],[-1.201295,53.679116],[-1.201323,53.682104],[-1.201367,53.685261],[-1.20143,53.689355],[-1.201461,53.691785],[-1.201492,53.694055],[-1.197167,53.695843]]}},{"type":"Feature","properties":{"id":"ohl-9","kind":"ohl","name":"EGGBOROUGH - FERRYBRIDGE 'C'","voltage":"400","towers":"4YQ ROUTE TWR (001 - 016)","status":"C","gid":10004551,"risk":"SAFE","floodCodes":[],"floodNames":[]},"geometry":{"type":"LineString","coordinates":[[-1.209393,53.701611],[-1.202109,53.700963],[-1.198005,53.700891],[-1.193322,53.702698],[-1.189242,53.704276],[-1.185006,53.705916],[-1.180865,53.70753],[-1.176201,53.708311],[-1.171033,53.709186],[-1.16534,53.710149],[-1.160964,53.710886],[-1.155492,53.71181],[-1.150703,53.712614],[-1.145406,53.713504],[-1.139521,53.714498],[-1.134193,53.715404],[-1.130986,53.714264]]}},{"type":"Feature","properties":{"id":"ohl-10","kind":"ohl","name":"EGGBOROUGH - NEEPSEND - STOCKSBRIDGE","voltage":"400","towers":"4YT ROUTE TWR (001 - 016)","status":"C","gid":10004552,"risk":"SAFE","floodCodes":[],"floodNames":[]},"geometry":{"type":"LineString","coordinates":[[-1.197167,53.695843],[-1.192248,53.697881],[-1.188298,53.699518],[-1.183191,53.701628],[-1.179809,53.704186],[-1.176501,53.706689],[-1.17248,53.707185],[-1.168063,53.708075],[-1.162683,53.709156],[-1.158051,53.710087],[-1.153574,53.71098],[-1.148566,53.711982],[-1.143723,53.71295],[-1.139128,53.713872],[-1.134811,53.714738],[-1.131589,53.71364]]}},{"type":"Feature","properties":{"id":"ohl-11","kind":"ohl","name":"NORWICH MAIN - NORWICH TROWSE 3","voltage":"132","towers":"PGG ROUTE","status":"C","gid":10004553,"risk":"SAFE","floodCodes":[],"floodNames":[]},"geometry":{"type":"LineString","coordinates":[[1.274644,52.574412],[1.274204,52.572661],[1.272406,52.572702],[1.271967,52.572957]]}},{"type":"Feature","properties":{"id":"ohl-12","kind":"ohl","name":"BUSHBURY - PENN","voltage":"275","towers":"ZNB ROUTE","status":"C","gid":10004554,"risk":"SAFE","floodCodes":[],"floodNames":[]},"geometry":{"type":"LineString","coordinates":[[-2.116221,52.637629],[-2.116306,52.638896],[-2.116466,52.641131],[-2.116721,52.644685],[-2.116975,52.648314],[-2.117215,52.651681],[-2.114704,52.654331],[-2.112072,52.657111],[-2.108778,52.660579],[-2.109047,52.663569],[-2.109328,52.666778]]}},{"type":"Feature","properties":{"id":"ohl-13","kind":"ohl","name":"COTTAM - GRENDON","voltage":"400","towers":"ZDA ROUTE TWR (254 - 311)","status":"C","gid":10004555,"risk":"MEDIUM","floodCodes":["034FWBTRMARNHAM","034FWFTRNTHMUSKHM","034FWFTRAVRSTAY"],"floodNames":["River Trent at High Marnham and Low Marnham","River Trent at North Muskham","River Trent at Averham, Staythorpe and Kelham"]},"geometry":{"type":"LineString","coordinates":[[-0.788996,53.226018],[-0.793221,53.224907],[-0.797354,53.223888],[-0.802993,53.222569],[-0.806567,53.221697],[-0.80904,53.221093],[-0.811391,53.220559],[-0.813894,53.219954],[-0.81655,53.219315],[-0.819277,53.218677],[-0.822502,53.217918],[-0.823587,53.215524],[-0.824738,53.21303],[-0.824368,53.20951],[-0.824001,53.206044],[-0.823732,53.203107],[-0.823367,53.20002],[-0.823079,53.196907],[-0.822789,53.19436],[-0.825863,53.191442],[-0.825987,53.18803],[-0.826174,53.184628],[-0.826396,53.180855],[-0.826667,53.177418],[-0.826954,53.17394],[-0.827231,53.170906],[-0.82757,53.16725],[-0.827776,53.164036],[-0.828026,53.161024],[-0.82836,53.157478],[-0.828578,53.154308],[-0.828848,53.151108],[-0.829175,53.147858],[-0.829221,53.144507],[-0.829353,53.141324],[-0.829462,53.138413],[-0.829505,53.135406],[-0.829666,53.132015],[-0.829762,53.128474],[-0.829881,53.125212],[-0.829924,53.121867],[-0.832898,53.1192],[-0.835486,53.116879],[-0.838079,53.114512],[-0.841215,53.111658],[-0.843785,53.1094],[-0.847023,53.106436],[-0.850448,53.103602],[-0.854027,53.100645],[-0.857312,53.09788],[-0.860792,53.095037],[-0.86371,53.092629],[-0.866608,53.090238],[-0.869417,53.087901],[-0.871492,53.086177],[-0.870365,53.083613],[-0.86908,53.080832],[-0.867811,53.078613],[-0.866654,53.076673]]}},{"type":"Feature","properties":{"id":"ohl-14","kind":"ohl","name":"DRAKELOW - HAMS HALL","voltage":"400","towers":"ZF ROUTE TWR (059 - 088)","status":"C","gid":10004556,"risk":"SAFE","floodCodes":[],"floodNames":[]},"geometry":{"type":"LineString","coordinates":[[-1.750729,52.616255],[-1.75109,52.613668],[-1.751458,52.61047],[-1.751814,52.607362],[-1.752124,52.604649],[-1.75241,52.602152],[-1.752702,52.599602],[-1.752056,52.596514],[-1.751489,52.593838],[-1.7508,52.590574],[-1.750241,52.587912],[-1.749785,52.585706],[-1.747205,52.583046],[-1.744689,52.580441],[-1.742166,52.577821],[-1.739763,52.575334],[-1.736817,52.572275],[-1.734342,52.569709],[-1.731789,52.567061],[-1.72921,52.564384],[-1.726694,52.561787],[-1.726081,52.558391],[-1.725538,52.555409],[-1.723759,52.552134],[-1.72222,52.549291],[-1.720471,52.546048],[-1.719038,52.543407],[-1.717642,52.540824],[-1.716084,52.537936],[-1.714285,52.53461]]}},{"type":"Feature","properties":{"id":"ohl-15","kind":"ohl","name":"FIDDLERS FERRY - FRODSHAM 1","voltage":"275","towers":"4ZF ROUTE","status":"C","gid":10004557,"risk":"MEDIUM","floodCodes":["013FWTTCH12"],"floodNames":["River Mersey from Runcorn to Woolston"]},"geometry":{"type":"LineString","coordinates":[[-2.680018,53.361769],[-2.676636,53.359911],[-2.675573,53.358415],[-2.673043,53.354887],[-2.671597,53.352876],[-2.670033,53.350699],[-2.669072,53.348801],[-2.667538,53.345798],[-2.666063,53.342915],[-2.664006,53.338888],[-2.662613,53.336201],[-2.66319,53.332982],[-2.663639,53.33036],[-2.669047,53.32784],[-2.673168,53.325922],[-2.677796,53.32377],[-2.682406,53.321624],[-2.686777,53.319589],[-2.691809,53.317239],[-2.696499,53.315516],[-2.701549,53.313655],[-2.705905,53.31205],[-2.711775,53.309881],[-2.715957,53.310014]]}},{"type":"Feature","properties":{"id":"ohl-16","kind":"ohl","name":"CARDIFF EAST - USKMOUTH - WHITSON","voltage":"275","towers":"XMO ROUTE","status":"C","gid":10004558,"risk":"SAFE","floodCodes":[],"floodNames":[]},"geometry":{"type":"LineString","coordinates":[[-2.909005,51.564138],[-2.911036,51.560772],[-2.913021,51.557484],[-2.915041,51.554125],[-2.917994,51.553546],[-2.923152,51.552527],[-2.928518,51.551467],[-2.933962,51.550391],[-2.938078,51.548544],[-2.94164,51.546947],[-2.946237,51.544887],[-2.950506,51.542968],[-2.953119,51.541799],[-2.956603,51.540232],[-2.96119,51.541151],[-2.966097,51.542128],[-2.9713,51.543164]]}},{"type":"Feature","properties":{"id":"ohl-17","kind":"ohl","name":"HARKER - MOFFAT","voltage":"400","towers":"ZV ROUTE TWR (370 - 401)","status":"C","gid":10004559,"risk":"MEDIUM","floodCodes":["011FWCN1A","011FWCN1B"],"floodNames":["Cumbrian coastline from Gretna to Silloth including Port Carlisle, Skinburness and Rockcliffe","Cumbrian coastline from Gretna to Silloth, between Longtown and Skinburness"]},"geometry":{"type":"LineString","coordinates":[[-3.043487,55.011306],[-3.042729,55.008917],[-3.041785,55.005956],[-3.040938,55.003295],[-3.040508,55.000379],[-3.040186,54.998174],[-3.038375,54.994732],[-3.036795,54.991723],[-3.035327,54.988929],[-3.033751,54.985919],[-3.032185,54.982935],[-3.029363,54.980241],[-3.027228,54.978201],[-3.024652,54.97574],[-3.021995,54.973199],[-3.019716,54.971021],[-3.016961,54.968388],[-3.014268,54.96581],[-3.011569,54.963231],[-3.009275,54.961036],[-3.006501,54.958383],[-3.004005,54.955996],[-3.001752,54.953837],[-2.999839,54.952014],[-2.996021,54.950992],[-2.992429,54.950032],[-2.987665,54.948759],[-2.982292,54.947323],[-2.977759,54.94611],[-2.973486,54.944965],[-2.9692,54.943815],[-2.962816,54.943305]]}},{"type":"Feature","properties":{"id":"ohl-18","kind":"ohl","name":"CHAPEL CROSS - HARKER","voltage":"132","towers":"T ROUTE","status":"C","gid":10004560,"risk":"MEDIUM","floodCodes":["011FWCN1A","011FWCN1B"],"floodNames":["Cumbrian coastline from Gretna to Silloth including Port Carlisle, Skinburness and Rockcliffe","Cumbrian coastline from Gretna to Silloth, between Longtown and Skinburness"]},"geometry":{"type":"LineString","coordinates":[[-3.055773,54.988348],[-3.051724,54.987551],[-3.047535,54.986724],[-3.043774,54.98598],[-3.039942,54.985224],[-3.036111,54.984469],[-3.034005,54.982456],[-3.031852,54.980399],[-3.02989,54.978523],[-3.027727,54.976457],[-3.025632,54.974454],[-3.023567,54.972479],[-3.021398,54.970406],[-3.019205,54.96831],[-3.016832,54.966039],[-3.014783,54.964077],[-3.012656,54.962042],[-3.01051,54.959989],[-3.008388,54.95796],[-3.006314,54.955972],[-3.004015,54.953774],[-3.001713,54.95157],[-3.000035,54.949964],[-2.997678,54.947706],[-2.996076,54.946176]]}},{"type":"Feature","properties":{"id":"ohl-19","kind":"ohl","name":"GRETNA - HARKER - HAWICK","voltage":"132","towers":"AL ROUTE TWR (057 - 068)","status":"C","gid":10004561,"risk":"SAFE","floodCodes":[],"floodNames":[]},"geometry":{"type":"LineString","coordinates":[[-3.026405,55.03742],[-3.022256,55.038282],[-3.01849,55.039063],[-3.014449,55.039901],[-3.010679,55.040683],[-3.005693,55.040905],[-3.000464,55.041133],[-2.995635,55.041345],[-2.990404,55.041575],[-2.985527,55.041788],[-2.981038,55.041984],[-2.977453,55.042139]]}},{"type":"Feature","properties":{"id":"ohl-20","kind":"ohl","name":"CHAPEL CROSS - HARKER","voltage":"132","towers":"FW ROUTE","status":"C","gid":10004562,"risk":"LOW","floodCodes":["011FWCN1A","011FWCN1B"],"floodNames":["Cumbrian coastline from Gretna to Silloth including Port Carlisle, Skinburness and Rockcliffe","Cumbrian coastline from Gretna to Silloth, between Longtown and Skinburness"]},"geometry":{"type":"LineString","coordinates":[[-2.996076,54.946176],[-2.992764,54.947087],[-2.988583,54.947805],[-2.98452,54.946728],[-2.981217,54.945845],[-2.976683,54.944635],[-2.97243,54.943497],[-2.967967,54.942465],[-2.965131,54.942299]]}},{"type":"Feature","properties":{"id":"ohl-21","kind":"ohl","name":"COVENTRY - RATCLIFFE ON SOAR","voltage":"400","towers":"ZLA ROUTE TWR (002 - 012 - ZL010)","status":"C","gid":10004563,"risk":"MEDIUM","floodCodes":["034FWFTRSWARKST"],"floodNames":["River Trent at Swarkestone"]},"geometry":{"type":"LineString","coordinates":[[-1.357472,52.84619],[-1.360725,52.843991],[-1.365911,52.844646],[-1.369239,52.84506],[-1.374679,52.84574],[-1.379288,52.847667],[-1.38411,52.846323],[-1.38856,52.845079],[-1.393508,52.843697],[-1.398471,52.84231],[-1.403221,52.840977],[-1.404504,52.838137]]}},{"type":"Feature","properties":{"id":"ohl-22","kind":"ohl","name":"COVENTRY - RATCLIFFE ON SOAR","voltage":"400","towers":"ZL ROUTE (TWR 343 - 509)","status":"C","gid":10004564,"risk":"MEDIUM","floodCodes":["034FWFTRSWARKST"],"floodNames":["River Trent at Swarkestone"]},"geometry":{"type":"LineString","coordinates":[[-1.404504,52.838137],[-1.405675,52.8348],[-1.406645,52.832348],[-1.407505,52.830164],[-1.407548,52.82697],[-1.407582,52.824032],[-1.407616,52.821091],[-1.407653,52.817886],[-1.407687,52.815393],[-1.407739,52.811001],[-1.408579,52.808053],[-1.409263,52.805668],[-1.410176,52.80246],[-1.411251,52.798702],[-1.409049,52.794747],[-1.407566,52.792083],[-1.405852,52.789],[-1.404237,52.786094],[-1.402587,52.783125],[-1.400749,52.779824],[-1.399895,52.776733],[-1.399027,52.77359],[-1.398323,52.771023],[-1.397398,52.76769],[-1.396567,52.764672],[-1.395792,52.761871],[-1.394993,52.758995],[-1.396828,52.75655],[-1.399843,52.752505],[-1.401742,52.74998],[-1.399239,52.747211],[-1.397077,52.744822],[-1.39799,52.741929],[-1.399141,52.738241],[-1.399949,52.735685],[-1.400869,52.732768],[-1.401882,52.729525],[-1.402851,52.726449],[-1.399636,52.724255],[-1.396092,52.721829],[-1.392907,52.719648],[-1.390139,52.717767],[-1.389961,52.714746],[-1.389732,52.711066],[-1.389529,52.707987],[-1.387339,52.706455],[-1.383503,52.7038],[-1.380192,52.7015],[-1.376001,52.698603],[-1.373062,52.696565],[-1.369452,52.69406],[-1.365711,52.691472],[-1.362033,52.688917],[-1.358847,52.686705],[-1.356022,52.684737],[-1.353473,52.682968],[-1.353462,52.68058],[-1.353468,52.677539],[-1.353493,52.674103],[-1.353503,52.671072],[-1.353497,52.66807],[-1.353522,52.665197],[-1.353526,52.662153],[-1.353536,52.65912],[-1.353352,52.655806],[-1.353179,52.652882],[-1.352963,52.649028],[-1.352806,52.646257],[-1.35261,52.642966],[-1.353697,52.639932],[-1.354977,52.636343],[-1.355977,52.633559],[-1.354609,52.631273],[-1.352958,52.628509],[-1.35096,52.625162],[-1.34895,52.621794],[-1.347327,52.61907],[-1.345896,52.616673],[-1.343917,52.613349],[-1.342055,52.610233],[-1.337116,52.608497],[-1.333334,52.607163],[-1.329591,52.605842],[-1.326432,52.604731],[-1.322453,52.602108],[-1.318525,52.599522],[-1.314511,52.596878],[-1.311175,52.59468],[-1.307456,52.592228],[-1.304034,52.589975],[-1.300892,52.587904],[-1.297267,52.585515],[-1.293498,52.583031],[-1.289591,52.580455],[-1.28662,52.578497],[-1.284133,52.576014],[-1.281228,52.57311],[-1.278367,52.570253],[-1.275636,52.567543]]}},{"type":"Feature","properties":{"id":"ohl-23","kind":"ohl","name":"FECKENHAM - HAMS HALL","voltage":"400","towers":"ZF ROUTE TWR (134 - 134A - 135)","status":"C","gid":10004565,"risk":"SAFE","floodCodes":[],"floodNames":[]},"geometry":{"type":"LineString","coordinates":[[-1.715901,52.393984],[-1.715807,52.395325],[-1.716505,52.39666]]}},{"type":"Feature","properties":{"id":"ohl-24","kind":"ohl","name":"BERKSWELL - FECKENHAM","voltage":"400","towers":"ZF ROUTE TWR (135 - 208)","status":"C","gid":10004566,"risk":"MEDIUM","floodCodes":["033FWF3ARR002"],"floodNames":["River Arrow at Spernall"]},"geometry":{"type":"LineString","coordinates":[[-1.715901,52.393984],[-1.714329,52.390945],[-1.712497,52.387397],[-1.710747,52.384014],[-1.709547,52.381702],[-1.707999,52.378717],[-1.709002,52.3754],[-1.709985,52.372113],[-1.710944,52.368913],[-1.712015,52.365341],[-1.712863,52.362518],[-1.713841,52.359228],[-1.714367,52.356163],[-1.71485,52.353355],[-1.715375,52.350281],[-1.71585,52.347529],[-1.716375,52.344448],[-1.716873,52.34153],[-1.7174,52.338476],[-1.717848,52.335855],[-1.720949,52.333439],[-1.723368,52.331554],[-1.726094,52.329435],[-1.730079,52.326323],[-1.731383,52.32531],[-1.733709,52.323493],[-1.736206,52.321547],[-1.739988,52.318596],[-1.742741,52.31645],[-1.744784,52.314852],[-1.74893,52.31162],[-1.752744,52.310857],[-1.756134,52.310175],[-1.760603,52.309276],[-1.765011,52.308391],[-1.770963,52.307193],[-1.775855,52.30621],[-1.780507,52.305274],[-1.785175,52.304334],[-1.790281,52.303308],[-1.794889,52.300746],[-1.798535,52.298719],[-1.80317,52.296144],[-1.806714,52.294174],[-1.809557,52.292592],[-1.813162,52.290588],[-1.817793,52.288012],[-1.820783,52.286349],[-1.825298,52.284057],[-1.828652,52.282355],[-1.833035,52.280131],[-1.835432,52.278915],[-1.838869,52.277169],[-1.843115,52.275013],[-1.846605,52.273241],[-1.850621,52.271202],[-1.855103,52.268928],[-1.859499,52.266694],[-1.863972,52.264422],[-1.867239,52.262763],[-1.870506,52.261102],[-1.874284,52.259185],[-1.877737,52.257425],[-1.883271,52.256165],[-1.886839,52.255349],[-1.891631,52.254253],[-1.895565,52.253354],[-1.899533,52.252447],[-1.903968,52.251433],[-1.909002,52.250284],[-1.914839,52.248956],[-1.919335,52.247936],[-1.925106,52.246624],[-1.929279,52.245675],[-1.931625,52.245139]]}},{"type":"Feature","properties":{"id":"ohl-25","kind":"ohl","name":"BERKSWELL - OCKER HILL","voltage":"400","towers":"ZF ROUTE TWR (134 - 134B - 135)","status":"C","gid":10004567,"risk":"SAFE","floodCodes":[],"floodNames":[]},"geometry":{"type":"LineString","coordinates":[[-1.716502,52.396652],[-1.716226,52.395064],[-1.715901,52.393984]]}},{"type":"Feature","properties":{"id":"ohl-26","kind":"ohl","name":"FERRYBRIDGE 'C' - FERRYBRIDGE 'B' - FERRYBRIDGE 'A' 1","voltage":"275","towers":"XFG ROUTE","status":"C","gid":10004568,"risk":"MEDIUM","floodCodes":["123FWF137"],"floodNames":["River Aire at Ferrybridge"]},"geometry":{"type":"LineString","coordinates":[[-1.279174,53.721111],[-1.273264,53.71978]]}},{"type":"Feature","properties":{"id":"ohl-27","kind":"ohl","name":"FERRYBRIDGE 'C' - FERRYBRIDGE 'B' - FERRYBRIDGE 'A' 2","voltage":"275","towers":"XFG ROUTE","status":"C","gid":10004569,"risk":"MEDIUM","floodCodes":["123FWF137"],"floodNames":["River Aire at Ferrybridge"]},"geometry":{"type":"LineString","coordinates":[[-1.279174,53.721111],[-1.278929,53.721613]]}},{"type":"Feature","properties":{"id":"ohl-28","kind":"ohl","name":"FERRYBRIDGE 'C' - FERRYBRIDGE 'B' - FERRYBRIDGE 'A' 1","voltage":"275","towers":"XFG ROUTE","status":"C","gid":10004570,"risk":"MEDIUM","floodCodes":["123FWF137"],"floodNames":["River Aire at Ferrybridge"]},"geometry":{"type":"LineString","coordinates":[[-1.279174,53.721111],[-1.278919,53.721316]]}},{"type":"Feature","properties":{"id":"ohl-29","kind":"ohl","name":"NORWICH MAIN - NORWICH TROWSE 3","voltage":"132","towers":"PGG ROUTE","status":"C","gid":10004571,"risk":"MEDIUM","floodCodes":["054FWFNF3D"],"floodNames":["The River Yare from the A11 at Cringleford to Trowse Newton"]},"geometry":{"type":"LineString","coordinates":[[1.306692,52.607319],[1.305471,52.605635],[1.303942,52.603573],[1.302182,52.601967],[1.300578,52.600483],[1.298295,52.598397],[1.296127,52.596391],[1.293683,52.594174],[1.291625,52.592296],[1.289088,52.590004],[1.286838,52.588212],[1.284085,52.585966],[1.281654,52.584032],[1.279518,52.582328],[1.277659,52.580832],[1.27515,52.578814],[1.274425,52.576986],[1.27489,52.575125]]}},{"type":"Feature","properties":{"id":"ohl-30","kind":"ohl","name":"DRAKELOW - OLDBURY","voltage":"400","towers":"VT ROUTE TWR (016 - 019)","status":"C","gid":10004572,"risk":"MEDIUM","floodCodes":["033FWF3TAME002"],"floodNames":["River Tame at Golds Hill"]},"geometry":{"type":"LineString","coordinates":[[-2.026924,52.542698],[-2.027615,52.543322],[-2.027834,52.542856],[-2.028114,52.542367],[-2.029586,52.540253],[-2.031915,52.537655]]}},{"type":"Feature","properties":{"id":"ohl-31","kind":"ohl","name":"KITWELL - OCKER HILL","voltage":"400","towers":"VT ROUTE TWR (018A - 019)","status":"C","gid":10004573,"risk":"MEDIUM","floodCodes":["033FWF3TAME002"],"floodNames":["River Tame at Golds Hill"]},"geometry":{"type":"LineString","coordinates":[[-2.031915,52.537655],[-2.030248,52.539955],[-2.030079,52.541176]]}},{"type":"Feature","properties":{"id":"ohl-32","kind":"ohl","name":"CORYTON STH - TILBURY 400 - TILBURY 275","voltage":"400","towers":"ZJA ROUTE TWR (001 - 008 - ZJ034)","status":"C","gid":10004574,"risk":"MEDIUM","floodCodes":["051FWCDV5B3EAST"],"floodNames":["The Thames estuary from Shellhaven, to and including Tilbury"]},"geometry":{"type":"LineString","coordinates":[[0.505868,51.513594],[0.503658,51.51565],[0.499891,51.516987],[0.495188,51.518662],[0.489809,51.520575],[0.485204,51.522212],[0.480666,51.521698],[0.475307,51.52108],[0.471527,51.521604]]}},{"type":"Feature","properties":{"id":"ohl-33","kind":"ohl","name":"CARRINGTON 275KV SGT1A","voltage":"132","towers":"DO ROUTE","status":"C","gid":10004575,"risk":"LOW","floodCodes":["013FWFGM40"],"floodNames":["River Mersey at Flixton Village"]},"geometry":{"type":"LineString","coordinates":[[-2.407878,53.435226],[-2.405335,53.435086],[-2.403327,53.434976]]}},{"type":"Feature","properties":{"id":"ohl-34","kind":"ohl","name":"CARRINGTON 275KV SGT2A","voltage":"132","towers":"EA ROUTE","status":"C","gid":10004576,"risk":"LOW","floodCodes":["013FWFGM40"],"floodNames":["River Mersey at Flixton Village"]},"geometry":{"type":"LineString","coordinates":[[-2.408116,53.435046],[-2.405614,53.434771],[-2.403635,53.434564]]}},{"type":"Feature","properties":{"id":"ohl-35","kind":"ohl","name":"IRONBRIDGE SGT 4","voltage":"132","towers":"PZW ROUTE","status":"C","gid":10004577,"risk":"LOW","floodCodes":["031FWFSE250"],"floodNames":["River Severn at Ironbridge and Jackfield"]},"geometry":{"type":"LineString","coordinates":[[-2.514028,52.633141],[-2.510563,52.632464]]}},{"type":"Feature","properties":{"id":"ohl-36","kind":"ohl","name":"CARRINGTON - DAINES 3","voltage":"400","towers":"ZZN ROUTE TWR (023 - 023A - 023B - 023C)","status":"C","gid":10004578,"risk":"MEDIUM","floodCodes":["013FWFGM39"],"floodNames":["River Mersey at Flixton Rural"]},"geometry":{"type":"LineString","coordinates":[[-2.373213,53.435403],[-2.375053,53.432431],[-2.376626,53.429864],[-2.378332,53.427036]]}},{"type":"Feature","properties":{"id":"ohl-37","kind":"ohl","name":"CARRINGTON - SOUTH MANCHESTER 1","voltage":"400","towers":"ZZN ROUTE TWR (023 - 029)","status":"C","gid":10004579,"risk":"MEDIUM","floodCodes":["013FWFGM40","013FWFGM39"],"floodNames":["River Mersey at Flixton Village","River Mersey at Flixton Rural"]},"geometry":{"type":"LineString","coordinates":[[-2.373213,53.435403],[-2.375986,53.435406],[-2.38121,53.435392],[-2.387073,53.435376],[-2.392224,53.435359],[-2.397282,53.435343],[-2.40112,53.435776]]}},{"type":"Feature","properties":{"id":"ohl-38","kind":"ohl","name":"CARRINGTON - SOUTH MANCHESTER 2","voltage":"400","towers":"ZO ROUTE (TWR 100-196R)","status":"C","gid":10004580,"risk":"MEDIUM","floodCodes":["013FWFGM40"],"floodNames":["River Mersey at Flixton Village"]},"geometry":{"type":"LineString","coordinates":[[-2.400596,53.433103],[-2.398086,53.434697]]}},{"type":"Feature","properties":{"id":"ohl-39","kind":"ohl","name":"CARRINGTON - DAINES 2","voltage":"400","towers":"ZO ROUTE (TWR 100-196R)","status":"C","gid":10004581,"risk":"MEDIUM","floodCodes":["013FWFGM40"],"floodNames":["River Mersey at Flixton Village"]},"geometry":{"type":"LineString","coordinates":[[-2.400182,53.433648],[-2.398086,53.434697]]}},{"type":"Feature","properties":{"id":"ohl-40","kind":"ohl","name":"CARRINGTON - SOUTH MANCHESTER 2","voltage":"400","towers":"ZZN ROUTE TWR (023C - 023D)","status":"C","gid":10004582,"risk":"SAFE","floodCodes":[],"floodNames":[]},"geometry":{"type":"LineString","coordinates":[[-2.378332,53.427036],[-2.376916,53.425225]]}},{"type":"Feature","properties":{"id":"ohl-41","kind":"ohl","name":"YYJN ROUTE","voltage":"400","towers":"YYJN ROUTE","status":"C","gid":10004583,"risk":"SAFE","floodCodes":[],"floodNames":[]},"geometry":{"type":"LineString","coordinates":[[-1.237796,54.604931],[-1.237741,54.603434]]}},{"type":"Feature","properties":{"id":"ohl-42","kind":"ohl","name":"YYJN ROUTE","voltage":"400","towers":"YYJN ROUTE","status":"C","gid":10004584,"risk":"SAFE","floodCodes":[],"floodNames":[]},"geometry":{"type":"LineString","coordinates":[[-1.236354,54.60503],[-1.237741,54.603434]]}},{"type":"Feature","properties":{"id":"ohl-43","kind":"ohl","name":"DRAKELOW - RATCLIFFE ON SOAR","voltage":"400","towers":"ZLA ROUTE TWR (001A - 002)","status":"C","gid":10004585,"risk":"LOW","floodCodes":["034FWFTRCASDONN"],"floodNames":["River Trent at Castle Donington including Hemington and Lockington"]},"geometry":{"type":"LineString","coordinates":[[-1.357472,52.84619],[-1.353619,52.847674]]}},{"type":"Feature","properties":{"id":"ohl-44","kind":"ohl","name":"DRAKELOW - RUGELEY","voltage":"400","towers":"ZN ROUTE TWR (002A - 002B - 003)","status":"C","gid":10004586,"risk":"SAFE","floodCodes":[],"floodNames":[]},"geometry":{"type":"LineString","coordinates":[[-1.663617,52.769298],[-1.658104,52.770591],[-1.655142,52.773178]]}},{"type":"Feature","properties":{"id":"ohl-45","kind":"ohl","name":"BUSHBURY - DRAKELOW","voltage":"400","towers":"ZN ROUTE TWR (001A - 001 - 002  -003)","status":"C","gid":10004587,"risk":"SAFE","floodCodes":[],"floodNames":[]},"geometry":{"type":"LineString","coordinates":[[-1.663617,52.769298],[-1.656904,52.76976],[-1.655599,52.770361],[-1.655351,52.770703]]}},{"type":"Feature","properties":{"id":"ohl-46","kind":"ohl","name":"FECKENHAM - IRONBRIDGE","voltage":"400","towers":"ZN ROUTE TWR (278 - 280)","status":"C","gid":10004588,"risk":"SAFE","floodCodes":[],"floodNames":[]},"geometry":{"type":"LineString","coordinates":[[-1.975459,52.252151],[-1.974507,52.250459],[-1.97296,52.248895]]}},{"type":"Feature","properties":{"id":"ohl-47","kind":"ohl","name":"BERKSWELL - FECKENHAM","voltage":"400","towers":"ZFC ROUTE TWR (001B - 001A - 001)","status":"C","gid":10004589,"risk":"SAFE","floodCodes":[],"floodNames":[]},"geometry":{"type":"LineString","coordinates":[[-1.970809,52.250617],[-1.971762,52.250595],[-1.972839,52.25223]]}},{"type":"Feature","properties":{"id":"ohl-48","kind":"ohl","name":"DRAKELOW - HAMS HALL","voltage":"400","towers":"ZF ROUTE TWR (088 - 088A/B - 089)","status":"C","gid":10004590,"risk":"SAFE","floodCodes":[],"floodNames":[]},"geometry":{"type":"LineString","coordinates":[[-1.714285,52.53461],[-1.714526,52.534179],[-1.714551,52.533345],[-1.714988,52.532227]]}},{"type":"Feature","properties":{"id":"ohl-49","kind":"ohl","name":"HIGH MARNHAM 400/275KV SGT2","voltage":"400","towers":"ZDA ROUTE TWR (252C - 253A)","status":"C","gid":10004591,"risk":"SAFE","floodCodes":[],"floodNames":[]},"geometry":{"type":"LineString","coordinates":[[-0.795478,53.227213],[-0.793951,53.227171]]}},{"type":"Feature","properties":{"id":"ohl-50","kind":"ohl","name":"GRANGE - MARGAM SGT1","voltage":"275","towers":"VE ROUTE","status":"C","gid":10004592,"risk":"SAFE","floodCodes":[],"floodNames":[]},"geometry":{"type":"LineString","coordinates":[[-3.754603,51.563277],[-3.754016,51.562278],[-3.753041,51.562059]]}},{"type":"Feature","properties":{"id":"ohl-51","kind":"ohl","name":"MARGAM - PYLE","voltage":"275","towers":"VE ROUTE","status":"C","gid":10004593,"risk":"SAFE","floodCodes":[],"floodNames":[]},"geometry":{"type":"LineString","coordinates":[[-3.753041,51.562059],[-3.752737,51.560157]]}},{"type":"Feature","properties":{"id":"ohl-52","kind":"ohl","name":"BISHOPS WOOD - PENN","voltage":"400","towers":"ZN ROUTE TWR (161A - 161)","status":"C","gid":10004594,"risk":"SAFE","floodCodes":[],"floodNames":[]},"geometry":{"type":"LineString","coordinates":[[-2.213378,52.553487],[-2.210484,52.555349]]}},{"type":"Feature","properties":{"id":"ohl-53","kind":"ohl","name":"FECKENHAM - IRONBRIDGE","voltage":"400","towers":"ZN ROUTE TWR (161 - ZNA001)","status":"C","gid":10004595,"risk":"SAFE","floodCodes":[],"floodNames":[]},"geometry":{"type":"LineString","coordinates":[[-2.213378,52.553487],[-2.213795,52.556777]]}},{"type":"Feature","properties":{"id":"ohl-54","kind":"ohl","name":"DRAKELOW - WILLINGTON EAST","voltage":"400","towers":"ZSA ROUTE TWR (001B - 002)","status":"C","gid":10004596,"risk":"LOW","floodCodes":["034FWFTRTWYFORD","034FWFTRWLLNGTN"],"floodNames":["River Trent at Twyford","River Trent at Willington"]},"geometry":{"type":"LineString","coordinates":[[-1.548754,52.854813],[-1.551534,52.854941]]}},{"type":"Feature","properties":{"id":"ohl-55","kind":"ohl","name":"DRAKELOW - RATCLIFFE ON SOAR","voltage":"400","towers":"4YZ ROUTE TWR (001A - 001B)","status":"C","gid":10004597,"risk":"SAFE","floodCodes":[],"floodNames":[]},"geometry":{"type":"LineString","coordinates":[[-1.256511,52.862303],[-1.256199,52.862328]]}},{"type":"Feature","properties":{"id":"ohl-56","kind":"ohl","name":"ROCHDALE - STALYBRIDGE","voltage":"400","towers":"ZP ROUTE (TWR 179 - 220)","status":"C","gid":10004598,"risk":"SAFE","floodCodes":[],"floodNames":[]},"geometry":{"type":"LineString","coordinates":[[-2.223206,53.633629],[-2.223047,53.630883],[-2.222879,53.627699],[-2.222719,53.624487],[-2.218342,53.622607]]}},{"type":"Feature","properties":{"id":"ohl-57","kind":"ohl","name":"FRODSHAM - ROCKSAVAGE","voltage":"400","towers":"YY ROUTE TWR (001G - 001A- 001 - 005)","status":"C","gid":10004599,"risk":"SAFE","floodCodes":[],"floodNames":[]},"geometry":{"type":"LineString","coordinates":[[-2.725715,53.314571],[-2.722829,53.314337],[-2.719342,53.314053],[-2.718805,53.311611],[-2.718433,53.309986],[-2.717521,53.310435],[-2.716923,53.310452],[-2.716366,53.310599],[-2.715762,53.310406],[-2.715475,53.31001],[-2.715658,53.309759],[-2.715907,53.309475]]}},{"type":"Feature","properties":{"id":"ohl-58","kind":"ohl","name":"BAGLAN BAY - MARGAM","voltage":"275","towers":"VEA ROUTE","status":"C","gid":10004600,"risk":"SAFE","floodCodes":[],"floodNames":[]},"geometry":{"type":"LineString","coordinates":[[-3.823372,51.623995],[-3.823228,51.6204],[-3.827586,51.618129],[-3.831358,51.617459]]}},{"type":"Feature","properties":{"id":"ohl-59","kind":"ohl","name":"NEWARK BR - STAYTHORPE B","voltage":"25","towers":"KK ROUTE","status":"C","gid":10004601,"risk":"MEDIUM","floodCodes":["034FWFTRSUGARNWK","034FWFTRSTMUSKHM","034FWFTRAVRSTAY"],"floodNames":["River Trent at Newark Sugar Factory and Kelham Bridge","River Trent at South Muskham and Little Carlton","River Trent at Averham, Staythorpe and Kelham"]},"geometry":{"type":"LineString","coordinates":[[-0.865166,53.077772],[-0.865094,53.07811],[-0.864678,53.078405],[-0.863591,53.078518],[-0.862722,53.07805],[-0.86184,53.077585],[-0.860758,53.077072],[-0.859571,53.077124],[-0.858404,53.077179],[-0.857253,53.077231],[-0.856146,53.077284],[-0.855002,53.076928],[-0.853839,53.076562],[-0.85252,53.07658],[-0.851225,53.076599],[-0.84974,53.076624],[-0.84859,53.076643],[-0.847548,53.076659],[-0.846522,53.076676],[-0.845352,53.076741],[-0.844293,53.077255],[-0.843244,53.077768],[-0.84293,53.078345],[-0.842619,53.078921],[-0.842309,53.079501],[-0.841992,53.080097],[-0.840802,53.080712],[-0.840552,53.081515],[-0.84031,53.082311],[-0.840073,53.083103],[-0.839833,53.083905],[-0.839594,53.084715],[-0.839363,53.08552],[-0.839022,53.086211],[-0.838675,53.086923],[-0.83833,53.087636],[-0.837704,53.088271],[-0.83709,53.088901],[-0.836478,53.089535],[-0.835862,53.090166],[-0.835212,53.09083],[-0.834565,53.091492],[-0.833905,53.092169],[-0.833257,53.092835],[-0.832609,53.0935],[-0.831955,53.094168],[-0.831308,53.094835],[-0.830721,53.095435],[-0.830138,53.096038],[-0.829565,53.09664],[-0.828952,53.097226],[-0.828342,53.097811],[-0.827736,53.098394],[-0.827108,53.099006],[-0.826144,53.099935],[-0.825437,53.100608],[-0.824722,53.101293],[-0.824027,53.101977],[-0.823136,53.102314],[-0.822175,53.102679],[-0.821214,53.103044],[-0.82023,53.10342],[-0.819073,53.103229],[-0.81791,53.103034],[-0.816685,53.10283],[-0.815459,53.102626],[-0.814229,53.102423],[-0.813004,53.102219],[-0.811789,53.102018]]}},{"type":"Feature","properties":{"id":"ohl-60","kind":"ohl","name":"BICKER FEN - SPALDING NORTH - WEST BURTON","voltage":"400","towers":"2WS ROUTE TWR (001 - 017)","status":"C","gid":10004602,"risk":"MEDIUM","floodCodes":["055FWTWELL3","055FWTWELL1"],"floodNames":["Tidal flooding from the Right Bank of the River Welland near Spalding and Moulton Common","Tidal Welland between Fulney and Fosdyke Bridge"]},"geometry":{"type":"LineString","coordinates":[[-0.131738,52.806524],[-0.127596,52.807391],[-0.122094,52.808567],[-0.116524,52.809759],[-0.111357,52.810864],[-0.106046,52.812346],[-0.101328,52.813661],[-0.096609,52.814977],[-0.092587,52.816097],[-0.087532,52.817505],[-0.086324,52.819486],[-0.0842,52.822964],[-0.082627,52.82554],[-0.080712,52.828673],[-0.078717,52.831946],[-0.075978,52.834435],[-0.071962,52.838125]]}},{"type":"Feature","properties":{"id":"ohl-61","kind":"ohl","name":"BARKING 275KV SGT 3A/B","voltage":"275","towers":"VX ROUTE","status":"C","gid":10004604,"risk":"MEDIUM","floodCodes":["063FWT23Barking"],"floodNames":["Tidal Thames from The Mardyke to Barking Creek"]},"geometry":{"type":"LineString","coordinates":[[0.113685,51.521146],[0.113012,51.520627]]}},{"type":"Feature","properties":{"id":"ohl-62","kind":"ohl","name":"HAMS HALL - LEA MARSTON 7","voltage":"132","towers":"PSX ROUTE","status":"C","gid":10004605,"risk":"SAFE","floodCodes":[],"floodNames":[]},"geometry":{"type":"LineString","coordinates":[[-1.709942,52.527129],[-1.711153,52.528753],[-1.712199,52.530144],[-1.71209,52.531577]]}},{"type":"Feature","properties":{"id":"ohl-63","kind":"ohl","name":"HAMS HALL - LEA MARSTON 6","voltage":"132","towers":"PPX ROUTE","status":"C","gid":10004606,"risk":"SAFE","floodCodes":[],"floodNames":[]},"geometry":{"type":"LineString","coordinates":[[-1.70998,52.526736],[-1.711673,52.528422],[-1.713443,52.530174]]}},{"type":"Feature","properties":{"id":"ohl-64","kind":"ohl","name":"DISC HAMS HALL SGT3","voltage":"400","towers":"PRZ ROUTE TWR (001 - 002)","status":"C","gid":10004607,"risk":"SAFE","floodCodes":[],"floodNames":[]},"geometry":{"type":"LineString","coordinates":[[-1.711439,52.530116],[-1.70927,52.527735]]}},{"type":"Feature","properties":{"id":"ohl-65","kind":"ohl","name":"ELLAND - FERRYBRIDGE 'C'","voltage":"400","towers":"4ZU ROUTE TWR (001 - 003)","status":"C","gid":10004608,"risk":"MEDIUM","floodCodes":["123FWF137"],"floodNames":["River Aire at Ferrybridge"]},"geometry":{"type":"LineString","coordinates":[[-1.290292,53.715479],[-1.287599,53.71732],[-1.284215,53.7181]]}},{"type":"Feature","properties":{"id":"ohl-66","kind":"ohl","name":"CREYKE BECK - HUMBER REFINERY - KEADBY","voltage":"400","towers":"2AJ ROUTE TWR (001 - 009)","status":"C","gid":10004609,"risk":"MEDIUM","floodCodes":["053FWTBNHGH1"],"floodNames":["Tidal flooding of low-lying areas from New Holland to Immingham Dock"]},"geometry":{"type":"LineString","coordinates":[[-0.239108,53.639156],[-0.241136,53.642274],[-0.243172,53.645401],[-0.245203,53.64852],[-0.247227,53.651642],[-0.246044,53.655245],[-0.248562,53.657892],[-0.251938,53.658284],[-0.254603,53.6574],[-0.257405,53.656468]]}},{"type":"Feature","properties":{"id":"ohl-67","kind":"ohl","name":"NORTON - OSBALDWICK 1","voltage":"400","towers":"2TW ROUTE TWR (001 - 169)","status":"C","gid":10004610,"risk":"LOW","floodCodes":["122FWF245"],"floodNames":["Cod Beck at Thirsk"]},"geometry":{"type":"LineString","coordinates":[[-1.13757,54.0323],[-1.143045,54.032872],[-1.143593,54.035276],[-1.143337,54.038748],[-1.143123,54.041658],[-1.142882,54.044916],[-1.142657,54.047939],[-1.143423,54.051045],[-1.144225,54.054291],[-1.145069,54.057716],[-1.145822,54.06078],[-1.14656,54.063766],[-1.147433,54.06727],[-1.150568,54.069766],[-1.153034,54.071717],[-1.155783,54.073897],[-1.159011,54.076455],[-1.162412,54.079148],[-1.165838,54.081861],[-1.168867,54.084266],[-1.172589,54.085521],[-1.176374,54.086805],[-1.180449,54.088186],[-1.184012,54.089396],[-1.187587,54.090605],[-1.191215,54.091834],[-1.194765,54.093038],[-1.198143,54.093888],[-1.201578,54.094755],[-1.205457,54.095736],[-1.208477,54.096495],[-1.211946,54.097371],[-1.215555,54.098281],[-1.219084,54.099172],[-1.223287,54.100081],[-1.228669,54.101247],[-1.233837,54.102364],[-1.240294,54.103763],[-1.244036,54.104571],[-1.250205,54.105909],[-1.25566,54.107096],[-1.259543,54.110064],[-1.262515,54.112351],[-1.265489,54.114641],[-1.268505,54.116961],[-1.271805,54.119502],[-1.275018,54.121973],[-1.278451,54.124615],[-1.282647,54.127842],[-1.286308,54.130653],[-1.288531,54.132818],[-1.291134,54.135353],[-1.293665,54.137816],[-1.295958,54.140047],[-1.298333,54.142356],[-1.301259,54.145203],[-1.303907,54.14778],[-1.306684,54.150468],[-1.30731,54.153984],[-1.307882,54.157151],[-1.308448,54.160277],[-1.308998,54.163318],[-1.309571,54.166499],[-1.31004,54.169077],[-1.310329,54.170688],[-1.310681,54.172621],[-1.311046,54.174637],[-1.311577,54.176311],[-1.312445,54.179042],[-1.313112,54.181145],[-1.314378,54.183215],[-1.315925,54.185754],[-1.317341,54.188075],[-1.318867,54.190574],[-1.320413,54.193111],[-1.321896,54.195563],[-1.323441,54.198072],[-1.325032,54.200687],[-1.326975,54.202653],[-1.329468,54.205182],[-1.331769,54.207518],[-1.3343,54.210087],[-1.336633,54.21244],[-1.334886,54.214481],[-1.333096,54.216575],[-1.33004,54.218961],[-1.327312,54.221095],[-1.324938,54.222951],[-1.322454,54.224893],[-1.319989,54.22682],[-1.320722,54.229364],[-1.321342,54.231491],[-1.322079,54.233992],[-1.321987,54.236446],[-1.321893,54.239124],[-1.321808,54.241522],[-1.321735,54.243579],[-1.321651,54.245959],[-1.321545,54.248816],[-1.323515,54.251398],[-1.32509,54.253473],[-1.326868,54.255814],[-1.328402,54.257832],[-1.330394,54.260455],[-1.33216,54.262779],[-1.334772,54.265125],[-1.337292,54.26738],[-1.338432,54.2694],[-1.339825,54.271846],[-1.341475,54.274745],[-1.343274,54.277909],[-1.344686,54.280384],[-1.346204,54.28305],[-1.347954,54.28613],[-1.350895,54.288772],[-1.354121,54.291665],[-1.356389,54.294658],[-1.35869,54.297686],[-1.360895,54.300573],[-1.361658,54.303144],[-1.362775,54.306898],[-1.363719,54.310055],[-1.364555,54.312821],[-1.363803,54.316035],[-1.363088,54.31909],[-1.362344,54.322294],[-1.361571,54.325607],[-1.360838,54.328768],[-1.360089,54.331975],[-1.359192,54.335823],[-1.358563,54.338536],[-1.357775,54.34191],[-1.357085,54.344864],[-1.356386,54.347877],[-1.355694,54.350863],[-1.359018,54.352966],[-1.361672,54.354637],[-1.364585,54.35647],[-1.368894,54.359185],[-1.371986,54.361128],[-1.375568,54.363388],[-1.37646,54.366469],[-1.377382,54.369745],[-1.378215,54.372675],[-1.379086,54.375743],[-1.380122,54.379364],[-1.379086,54.382777],[-1.378375,54.385124],[-1.377362,54.388487],[-1.376347,54.391849],[-1.375337,54.395191],[-1.374251,54.398783],[-1.3733,54.401935],[-1.372808,54.40509],[-1.372225,54.408804],[-1.371689,54.412209],[-1.372712,54.415349],[-1.373654,54.418237],[-1.374455,54.42075],[-1.372166,54.424576],[-1.37029,54.427674],[-1.368295,54.430976],[-1.366119,54.434578],[-1.365404,54.437153],[-1.363365,54.440481],[-1.361395,54.443698],[-1.359314,54.447086],[-1.357345,54.450297],[-1.355337,54.453583],[-1.353242,54.456286],[-1.355212,54.459613]]}},{"type":"Feature","properties":{"id":"ohl-68","kind":"ohl","name":"LACKENBY - THORNTON 1","voltage":"400","towers":"2TX ROUTE TWR (034 - 062)","status":"C","gid":10004611,"risk":"SAFE","floodCodes":[],"floodNames":[]},"geometry":{"type":"LineString","coordinates":[[-1.349813,54.450491],[-1.351566,54.453452],[-1.348679,54.456543],[-1.34598,54.459426],[-1.343134,54.462466],[-1.340226,54.465571],[-1.337266,54.468713],[-1.332701,54.470664],[-1.327626,54.472821],[-1.321733,54.475326],[-1.316934,54.477365],[-1.314437,54.478426],[-1.309142,54.480675],[-1.305404,54.482272],[-1.299488,54.483247],[-1.294433,54.48409],[-1.289839,54.48485],[-1.283057,54.486705],[-1.27749,54.488225],[-1.27253,54.489578],[-1.267017,54.49108],[-1.262165,54.492406],[-1.256599,54.493926],[-1.252878,54.494939],[-1.247832,54.496316],[-1.243356,54.497535],[-1.238173,54.498944],[-1.235169,54.500741],[-1.232232,54.502494],[-1.229537,54.504101]]}},{"type":"Feature","properties":{"id":"ohl-69","kind":"ohl","name":"LACKENBY - THORNTON 1","voltage":"400","towers":"2TX ROUTE TWR (001 - 018)","status":"C","gid":10004612,"risk":"MEDIUM","floodCodes":["121FWF091"],"floodNames":["Middlesbrough Becks at Middlesbrough"]},"geometry":{"type":"LineString","coordinates":[[-1.160672,54.52453],[-1.158603,54.527476],[-1.156559,54.530387],[-1.154426,54.533424],[-1.156299,54.536278],[-1.155339,54.538918],[-1.154515,54.541183],[-1.15369,54.543426],[-1.151738,54.544852],[-1.148687,54.547074],[-1.1437,54.549406],[-1.139608,54.551324],[-1.135759,54.553975],[-1.132575,54.556168],[-1.129002,54.558628],[-1.126246,54.560534],[-1.128292,54.563193],[-1.129664,54.565438]]}},{"type":"Feature","properties":{"id":"ohl-70","kind":"ohl","name":"NORTON - OSBALDWICK 1","voltage":"400","towers":"YR ROUTE TWR (001 - 040)","status":"C","gid":10004613,"risk":"MEDIUM","floodCodes":["122FWF777","122FWF780"],"floodNames":["River Foss upstream of Yearsley Baths to Strensall - riverside properties only","Osbaldwick Beck - Osbaldwick"]},"geometry":{"type":"LineString","coordinates":[[-1.02195,53.957621],[-1.021519,53.959113],[-1.023987,53.961486],[-1.025749,53.963189],[-1.026728,53.965798],[-1.027903,53.968917],[-1.027541,53.97181],[-1.027211,53.974379],[-1.027691,53.978005],[-1.028085,53.980996],[-1.031325,53.983191],[-1.034555,53.98538],[-1.037621,53.987456],[-1.040422,53.989348],[-1.040567,53.992251],[-1.040714,53.995071],[-1.040886,53.998419],[-1.041051,54.001563],[-1.041213,54.004773],[-1.04139,54.008186],[-1.041558,54.011644],[-1.046267,54.013881],[-1.050694,54.015985],[-1.054855,54.017963],[-1.059422,54.020139],[-1.063255,54.021961],[-1.06744,54.023948],[-1.071318,54.02579],[-1.076183,54.028101],[-1.08179,54.027997],[-1.087635,54.027888],[-1.093915,54.027772],[-1.099943,54.028397],[-1.105134,54.028936],[-1.110977,54.029544],[-1.116794,54.030144],[-1.121497,54.030636],[-1.127069,54.031213],[-1.132374,54.031762],[-1.13757,54.0323]]}},{"type":"Feature","properties":{"id":"ohl-71","kind":"ohl","name":"NORTON - OSBALDWICK 1","voltage":"400","towers":"4VC ROUTE (TWR 1 - 273B)","status":"C","gid":10004614,"risk":"SAFE","floodCodes":[],"floodNames":[]},"geometry":{"type":"LineString","coordinates":[[-1.355212,54.459613],[-1.356675,54.462087],[-1.358426,54.465044],[-1.359941,54.467604],[-1.359918,54.469687],[-1.359879,54.473191],[-1.359848,54.476018],[-1.359812,54.479034],[-1.359782,54.481619],[-1.35975,54.484621],[-1.359707,54.487567],[-1.360366,54.490895],[-1.360972,54.493978],[-1.361615,54.497261],[-1.362134,54.499913],[-1.362705,54.502865],[-1.363259,54.505663],[-1.363805,54.508446],[-1.364365,54.511327],[-1.365007,54.514593],[-1.365702,54.518163],[-1.366404,54.521743],[-1.365737,54.524658],[-1.365034,54.527719],[-1.364541,54.529875],[-1.363832,54.532956],[-1.363128,54.536025],[-1.362448,54.53896],[-1.362473,54.541896],[-1.362477,54.544796],[-1.364951,54.547696],[-1.367875,54.551156],[-1.370288,54.554016],[-1.372357,54.55646],[-1.37501,54.559595],[-1.377562,54.562611],[-1.379015,54.564343],[-1.378189,54.567783],[-1.377527,54.570496],[-1.376945,54.572875],[-1.376014,54.576737],[-1.373871,54.580015],[-1.371524,54.583624],[-1.369666,54.586464],[-1.368377,54.589463],[-1.367731,54.592039]]}},{"type":"Feature","properties":{"id":"ohl-72","kind":"ohl","name":"BISHOPS WOOD - FECKENHAM","voltage":"400","towers":"ZN ROUTE TWR (238 - 278)","status":"C","gid":10004615,"risk":"MEDIUM","floodCodes":["031FWFHEN10"],"floodNames":["Hen Brook at Stoke Prior"]},"geometry":{"type":"LineString","coordinates":[[-2.123863,52.335734],[-2.120971,52.332967],[-2.119088,52.331167],[-2.115889,52.329041],[-2.113076,52.32717],[-2.110071,52.325166],[-2.106463,52.322765],[-2.102412,52.320068],[-2.099447,52.318096],[-2.09565,52.315564],[-2.092615,52.313548],[-2.088439,52.310789],[-2.08667,52.309617],[-2.08284,52.30709],[-2.080047,52.304168],[-2.077744,52.301794],[-2.074991,52.298908],[-2.07328,52.297114],[-2.068907,52.295479],[-2.063669,52.293519],[-2.059032,52.291779],[-2.054591,52.290114],[-2.048987,52.288016],[-2.044242,52.285856],[-2.039736,52.283802],[-2.035799,52.282007],[-2.031888,52.280222],[-2.027147,52.278055],[-2.024222,52.276719],[-2.01987,52.274733],[-2.015544,52.27279],[-2.011062,52.270769],[-2.007447,52.269143],[-2.003374,52.267309],[-1.999209,52.26543],[-1.993947,52.263057],[-1.98975,52.261165],[-1.984537,52.258813],[-1.980287,52.2569],[-1.977829,52.254479],[-1.975459,52.252151]]}},{"type":"Feature","properties":{"id":"ohl-73","kind":"ohl","name":"FECKENHAM - IRONBRIDGE","voltage":"400","towers":"ZN ROUTE TWR (237 - 237A - 238)","status":"C","gid":10004616,"risk":"SAFE","floodCodes":[],"floodNames":[]},"geometry":{"type":"LineString","coordinates":[[-2.127082,52.338805],[-2.125475,52.336934],[-2.123863,52.335734]]}},{"type":"Feature","properties":{"id":"ohl-74","kind":"ohl","name":"BUSTLEHOLM SGT3","voltage":"132","towers":"PCW ROUTE","status":"C","gid":10004617,"risk":"MEDIUM","floodCodes":["033FWF3TAME006"],"floodNames":["River Tame at Ray Hall Water Works"]},"geometry":{"type":"LineString","coordinates":[[-1.964609,52.553508],[-1.962321,52.553825]]}},{"type":"Feature","properties":{"id":"ohl-75","kind":"ohl","name":"DISC BUSTLEHOLM","voltage":"132","towers":"PBW ROUTE","status":"C","gid":10004618,"risk":"MEDIUM","floodCodes":["033FWF3TAME006"],"floodNames":["River Tame at Ray Hall Water Works"]},"geometry":{"type":"LineString","coordinates":[[-1.963236,52.553424],[-1.962087,52.553345]]}},{"type":"Feature","properties":{"id":"ohl-76","kind":"ohl","name":"HAMS HALL - WILLINGTON EAST","voltage":"400","towers":"4ZWW ROUTE TWR (059 - 4WP001)","status":"C","gid":10004619,"risk":"SAFE","floodCodes":[],"floodNames":[]},"geometry":{"type":"LineString","coordinates":[[-1.469356,52.456666],[-1.463374,52.457539]]}},{"type":"Feature","properties":{"id":"ohl-77","kind":"ohl","name":"HAMS HALL - WILLINGTON EAST","voltage":"400","towers":"4WP ROUTE TWR (001 - 002)","status":"C","gid":10004620,"risk":"SAFE","floodCodes":[],"floodNames":[]},"geometry":{"type":"LineString","coordinates":[[-1.463374,52.457539],[-1.461138,52.458854]]}},{"type":"Feature","properties":{"id":"ohl-78","kind":"ohl","name":"HAMS HALL - WILLINGTON EAST","voltage":"400","towers":"ZSA ROUTE TWR (ZD200D - 001C - 002)","status":"C","gid":10004621,"risk":"LOW","floodCodes":["034FWFTRTWYFORD","034FWFTRWLLNGTN"],"floodNames":["River Trent at Twyford","River Trent at Willington"]},"geometry":{"type":"LineString","coordinates":[[-1.548754,52.854813],[-1.549674,52.855163],[-1.550602,52.855334]]}},{"type":"Feature","properties":{"id":"ohl-79","kind":"ohl","name":"HURST - LITTLEBROOK 2","voltage":"275","towers":"VN ROUTE","status":"C","gid":10004622,"risk":"MEDIUM","floodCodes":["064FWT1Dartford"],"floodNames":["Dartford, Crayford and Greenhithe"]},"geometry":{"type":"LineString","coordinates":[[0.235527,51.46425],[0.237481,51.4647]]}},{"type":"Feature","properties":{"id":"ohl-80","kind":"ohl","name":"HURST - LITTLEBROOK 1","voltage":"275","towers":"VN ROUTE","status":"C","gid":10004623,"risk":"MEDIUM","floodCodes":["064FWB6DCB","064FWF7Dartford","064FWF7Cray","064FWT1Dartford"],"floodNames":["Dartford","River Darent at Dartford Trade Park, Brooklands and Dartford to the Thames estuary","River Cray in St Marys Cray, Sidcup, Bexley and Crayford","Dartford, Crayford and Greenhithe"]},"geometry":{"type":"LineString","coordinates":[[0.175614,51.447927],[0.178133,51.448624],[0.179416,51.45024],[0.18131,51.452617],[0.183754,51.452968],[0.188186,51.453624],[0.191155,51.452583],[0.194779,51.452245],[0.199219,51.45448],[0.203177,51.456466],[0.206388,51.458079],[0.20987,51.459824],[0.213519,51.461654],[0.215936,51.462869],[0.219921,51.464868],[0.223127,51.464871],[0.226355,51.464873],[0.229513,51.46488],[0.235527,51.46425]]}},{"type":"Feature","properties":{"id":"ohl-81","kind":"ohl","name":"HURST - LITTLEBROOK 1","voltage":"275","towers":"VN ROUTE","status":"C","gid":10004624,"risk":"MEDIUM","floodCodes":["064FWT1Dartford"],"floodNames":["Dartford, Crayford and Greenhithe"]},"geometry":{"type":"LineString","coordinates":[[0.235527,51.46425],[0.238005,51.464469]]}},{"type":"Feature","properties":{"id":"ohl-82","kind":"ohl","name":"HIGH MARNHAM - WEST BURTON","voltage":"400","towers":"ZDA ROUTE TWR (210D - 210DKS)","status":"C","gid":10004625,"risk":"MEDIUM","floodCodes":["034FWBTRCOTTAM"],"floodNames":["River Trent at Cottam"]},"geometry":{"type":"LineString","coordinates":[[-0.809411,53.356793],[-0.809791,53.35733]]}},{"type":"Feature","properties":{"id":"ohl-83","kind":"ohl","name":"COTTAM - KEADBY 2","voltage":"400","towers":"ZDA ROUTE TWR (189 - 189C - 189D -190)","status":"C","gid":10004626,"risk":"MEDIUM","floodCodes":["034FWBTRBECKHAM"],"floodNames":["River Trent at Beckingham Marsh"]},"geometry":{"type":"LineString","coordinates":[[-0.818893,53.415075],[-0.818783,53.4156],[-0.817765,53.416106],[-0.817078,53.416336]]}},{"type":"Feature","properties":{"id":"ohl-84","kind":"ohl","name":"WILLINGTON EAST TO SGT2","voltage":"400","towers":"ZD ROUTE TWR (200C)","status":"C","gid":10004627,"risk":"SAFE","floodCodes":[],"floodNames":[]},"geometry":{"type":"LineString","coordinates":[[-1.552296,52.855129],[-1.552482,52.854727],[-1.552826,52.855152]]}},{"type":"Feature","properties":{"id":"ohl-85","kind":"ohl","name":"CAPENHURST A - CAPENHURST D","voltage":"400","towers":"CZ ROUTE TWR (001 - 006)","status":"C","gid":10004628,"risk":"SAFE","floodCodes":[],"floodNames":[]},"geometry":{"type":"LineString","coordinates":[[-2.949316,53.267606],[-2.950813,53.268834],[-2.953932,53.270203],[-2.958354,53.270167],[-2.961355,53.267563],[-2.959182,53.266268]]}},{"type":"Feature","properties":{"id":"ohl-86","kind":"ohl","name":"FAWLEY - MARCHWOOD","voltage":"400","towers":"YD ROUTE TWR (008 - 001 - 4YD047)","status":"C","gid":10004629,"risk":"MEDIUM","floodCodes":["065FWC0301"],"floodNames":["Calshot, Hythe, Marchwood, Eling and Redbridge"]},"geometry":{"type":"LineString","coordinates":[[-1.474714,50.903934],[-1.469982,50.904074],[-1.467136,50.904398],[-1.464025,50.902804],[-1.461097,50.901472],[-1.455168,50.900348],[-1.449981,50.899366],[-1.445284,50.898155],[-1.440678,50.898483]]}},{"type":"Feature","properties":{"id":"ohl-87","kind":"ohl","name":"ABERTHAW - CARDIFF EAST - PYLE","voltage":"275","towers":"ZZS ROUTE","status":"C","gid":10004630,"risk":"SAFE","floodCodes":[],"floodNames":[]},"geometry":{"type":"LineString","coordinates":[[-3.407261,51.487558],[-3.406827,51.487316],[-3.406638,51.487043],[-3.406425,51.486735],[-3.406499,51.486411]]}},{"type":"Feature","properties":{"id":"ohl-88","kind":"ohl","name":"ABERTHAW - PYLE","voltage":"275","towers":"ZZS ROUTE","status":"C","gid":10004631,"risk":"SAFE","floodCodes":[],"floodNames":[]},"geometry":{"type":"LineString","coordinates":[[-3.407826,51.487403],[-3.407595,51.487099],[-3.40737,51.486797],[-3.40717,51.486532],[-3.406499,51.486411]]}},{"type":"Feature","properties":{"id":"ohl-89","kind":"ohl","name":"BODELWYDDAN - DEESIDE - PENTIR 2","voltage":"400","towers":"GM ROUTE","status":"C","gid":10004632,"risk":"SAFE","floodCodes":[],"floodNames":[]},"geometry":{"type":"LineString","coordinates":[[-3.4804,53.246774],[-3.480231,53.247025],[-3.478627,53.2481],[-3.476839,53.249291],[-3.476101,53.24975]]}},{"type":"Feature","properties":{"id":"ohl-90","kind":"ohl","name":"STALYBRIDGE - THORPE MARSH","voltage":"400","towers":"4ZO ROUTE (TWR 200 - 251B)","status":"C","gid":10004633,"risk":"MEDIUM","floodCodes":["013FWFGM24"],"floodNames":["River Tame, Fern Bank and Millbrook in Stalybridge"]},"geometry":{"type":"LineString","coordinates":[[-1.833423,53.495394],[-1.839576,53.49453],[-1.84235,53.494769],[-1.846142,53.494526],[-1.850376,53.494275],[-1.854778,53.49348],[-1.860261,53.492505],[-1.863665,53.491002],[-1.869531,53.491184],[-1.872486,53.491284],[-1.877184,53.49044],[-1.881566,53.489668],[-1.887158,53.48777],[-1.889241,53.487073],[-1.892345,53.485132],[-1.896611,53.482471],[-1.90074,53.479898],[-1.90575,53.479823],[-1.910672,53.47975],[-1.914934,53.47968],[-1.919498,53.480315],[-1.926471,53.47998],[-1.929708,53.479839],[-1.933501,53.478491],[-1.937499,53.47708],[-1.94261,53.475274],[-1.947148,53.473673],[-1.951474,53.472149],[-1.953855,53.471314],[-1.958244,53.472488],[-1.964242,53.474098],[-1.967533,53.474981],[-1.970791,53.475861],[-1.972376,53.478023],[-1.97477,53.48131],[-1.975818,53.48275],[-1.977597,53.484424],[-1.981898,53.488464],[-1.983958,53.490392],[-1.985314,53.491674],[-1.988659,53.491751],[-1.99647,53.491931],[-2.001145,53.491628],[-2.003994,53.491441],[-2.007193,53.491228],[-2.012429,53.490889],[-2.019071,53.490454],[-2.022784,53.490212],[-2.025582,53.492771],[-2.028907,53.4958],[-2.034426,53.496216],[-2.038517,53.494484],[-2.040413,53.49376]]}},{"type":"Feature","properties":{"id":"ohl-91","kind":"ohl","name":"CREYKE BECK - KEADBY - KILLINGHOME","voltage":"400","towers":"2AC ROUTE TWR (019 -020B)","status":"C","gid":10004634,"risk":"LOW","floodCodes":["053FWTBNHGH1"],"floodNames":["Tidal flooding of low-lying areas from New Holland to Immingham Dock"]},"geometry":{"type":"LineString","coordinates":[[-0.258008,53.65641],[-0.258613,53.65661]]}},{"type":"Feature","properties":{"id":"ohl-92","kind":"ohl","name":"CREYKE BECK - HUMBER REFINERY - KEADBY","voltage":"400","towers":"2AC ROUTE TWR (001 - 020A)","status":"C","gid":10004635,"risk":"MEDIUM","floodCodes":["053FWFPECR15"],"floodNames":["Isolated properties near East Halton and Skitter Beck"]},"geometry":{"type":"LineString","coordinates":[[-0.327254,53.631441],[-0.324455,53.633197],[-0.321076,53.635313],[-0.316516,53.638179],[-0.313584,53.640006],[-0.309237,53.640874],[-0.306318,53.641453],[-0.301124,53.642478],[-0.296374,53.643414],[-0.289644,53.644587],[-0.284596,53.645454],[-0.279762,53.64553],[-0.275071,53.645586],[-0.270239,53.645654],[-0.266513,53.647727],[-0.266269,53.65042],[-0.266078,53.652412],[-0.262078,53.654667],[-0.258613,53.65661],[-0.257405,53.656468]]}},{"type":"Feature","properties":{"id":"ohl-93","kind":"ohl","name":"KEADBY - KILLINGHOLME","voltage":"400","towers":"4KG ROUTE TWR (052 - 114)","status":"C","gid":10004636,"risk":"MEDIUM","floodCodes":["053FWFPECR15","053FWTWINT3","053FWTWINT2"],"floodNames":["Isolated properties near East Halton and Skitter Beck","Tidal flooding of low-lying areas in South Ferriby","Wider area at risk of tidal flooding in Whitton, Winteringham and to the East of Winterton"]},"geometry":{"type":"LineString","coordinates":[[-0.294318,53.627268],[-0.29777,53.628038],[-0.302335,53.628456],[-0.307432,53.628918],[-0.311667,53.629304],[-0.316779,53.629772],[-0.322395,53.630285],[-0.328255,53.630818],[-0.332002,53.631153],[-0.336807,53.632525],[-0.340503,53.633579],[-0.344575,53.634735],[-0.349104,53.636024],[-0.353015,53.637135],[-0.357745,53.638152],[-0.362063,53.639078],[-0.365948,53.639913],[-0.371466,53.641093],[-0.37709,53.642299],[-0.382711,53.643502],[-0.387887,53.644613],[-0.392673,53.645635],[-0.396908,53.646544],[-0.401675,53.647564],[-0.405444,53.648372],[-0.40957,53.64926],[-0.413468,53.650096],[-0.41771,53.651006],[-0.42442,53.652444],[-0.428504,53.653322],[-0.431954,53.654058],[-0.43693,53.655127],[-0.441429,53.656092],[-0.445663,53.656999],[-0.450253,53.657982],[-0.454584,53.658921],[-0.459346,53.658941],[-0.464316,53.658977],[-0.469381,53.659016],[-0.474074,53.65905],[-0.479419,53.659085],[-0.483444,53.659533],[-0.488218,53.660063],[-0.493411,53.660638],[-0.497819,53.661128],[-0.501832,53.661574],[-0.505101,53.661934],[-0.51121,53.662612],[-0.515204,53.663053],[-0.520441,53.663633],[-0.526649,53.664319],[-0.530565,53.664753],[-0.534406,53.665178],[-0.53807,53.66558],[-0.542746,53.666096],[-0.547369,53.666607],[-0.552073,53.667126],[-0.556718,53.667643],[-0.560997,53.668112],[-0.566175,53.668682],[-0.570843,53.669196],[-0.575866,53.669748],[-0.580547,53.670267]]}},{"type":"Feature","properties":{"id":"ohl-94","kind":"ohl","name":"KILLINGHOLME - SOUTH HUMBER BANK","voltage":"400","towers":"4KG ROUTE TWR (114 - 134)","status":"C","gid":10004637,"risk":"MEDIUM","floodCodes":["053FWFPECR15"],"floodNames":["Isolated properties near East Halton and Skitter Beck"]},"geometry":{"type":"LineString","coordinates":[[-0.232872,53.590497],[-0.23742,53.592318],[-0.24179,53.594068],[-0.246209,53.595111],[-0.250155,53.596048],[-0.254124,53.596988],[-0.258577,53.598042],[-0.263142,53.59912],[-0.267914,53.600247],[-0.271362,53.601555],[-0.274526,53.602755],[-0.277927,53.604041],[-0.283113,53.605989],[-0.283456,53.608198],[-0.283984,53.611482],[-0.28436,53.613832],[-0.284874,53.61698],[-0.285367,53.620042],[-0.285862,53.623142],[-0.290002,53.625177],[-0.294275,53.627259],[-0.294318,53.627268]]}},{"type":"Feature","properties":{"id":"ohl-95","kind":"ohl","name":"GRIMSBY WEST - SOUTH HUMBER BANK","voltage":"400","towers":"4KG ROUTE TWR (134  - 156)","status":"C","gid":10004638,"risk":"SAFE","floodCodes":[],"floodNames":[]},"geometry":{"type":"LineString","coordinates":[[-0.151342,53.564511],[-0.153345,53.563771],[-0.157465,53.564757],[-0.163638,53.564883],[-0.167403,53.564961],[-0.173326,53.565089],[-0.177928,53.565187],[-0.182512,53.565286],[-0.18711,53.565387],[-0.191496,53.565478],[-0.196348,53.565579],[-0.199116,53.567812],[-0.202408,53.570466],[-0.204993,53.572538],[-0.208781,53.575589],[-0.211453,53.577739],[-0.21435,53.580068],[-0.216517,53.581814],[-0.219673,53.584348],[-0.221791,53.586057],[-0.225352,53.587477],[-0.229393,53.5891],[-0.232872,53.590497]]}},{"type":"Feature","properties":{"id":"ohl-96","kind":"ohl","name":"PELHAM - SUNDON","voltage":"400","towers":"4TA ROUTE TWR (001 - 052)","status":"C","gid":10004639,"risk":"SAFE","floodCodes":[],"floodNames":[]},"geometry":{"type":"MultiLineString","coordinates":[[[-0.497933,51.93614],[-0.49795,51.936139]],[[-0.252032,51.926769],[-0.250772,51.926057],[-0.25403,51.924927],[-0.258095,51.92378],[-0.264345,51.922001],[-0.268558,51.920797],[-0.273367,51.922246],[-0.278543,51.923788],[-0.283343,51.925222],[-0.288209,51.926673],[-0.291988,51.927798],[-0.296707,51.929207],[-0.301552,51.93065],[-0.305976,51.931842],[-0.311327,51.933281],[-0.316702,51.934725],[-0.320967,51.935872],[-0.325147,51.936996],[-0.329798,51.938244],[-0.334439,51.939492],[-0.33843,51.94056],[-0.344426,51.940383],[-0.349581,51.940235],[-0.355656,51.940063],[-0.36024,51.939933],[-0.367155,51.939736],[-0.370255,51.939648],[-0.375699,51.939496],[-0.381209,51.939339],[-0.386749,51.939181],[-0.392117,51.939029],[-0.396878,51.938894],[-0.403342,51.938727],[-0.407298,51.939064],[-0.410738,51.93934],[-0.416527,51.939805],[-0.421351,51.940195],[-0.425676,51.94],[-0.429987,51.939806],[-0.435466,51.939564],[-0.440698,51.938455],[-0.444732,51.937606],[-0.449378,51.936622],[-0.453768,51.936305],[-0.458913,51.935927],[-0.463013,51.935628],[-0.468505,51.935226],[-0.47343,51.934864],[-0.479006,51.934454],[-0.485038,51.934013],[-0.490492,51.93361],[-0.494502,51.934964],[-0.497933,51.93614],[-0.497939,51.936141]],[[-0.497941,51.936141],[-0.497948,51.936142]]]}},{"type":"Feature","properties":{"id":"ohl-97","kind":"ohl","name":"PELHAM - SUNDON","voltage":"400","towers":"4TA ROUTE TWR (052 - 054)","status":"C","gid":10004640,"risk":"SAFE","floodCodes":[],"floodNames":[]},"geometry":{"type":"MultiLineString","coordinates":[[[-0.497951,51.936138],[-0.501113,51.935866]],[[-0.497939,51.936141],[-0.497941,51.936141]]]}},{"type":"Feature","properties":{"id":"ohl-98","kind":"ohl","name":"SUNDON - WYMONDLEY MAIN","voltage":"400","towers":"4TA ROUTE TWR (052 - 052A - 052B)","status":"C","gid":10004641,"risk":"SAFE","floodCodes":[],"floodNames":[]},"geometry":{"type":"MultiLineString","coordinates":[[[-0.49795,51.936139],[-0.497951,51.936138]],[[-0.497948,51.936142],[-0.499728,51.936415],[-0.501796,51.936765]]]}},{"type":"Feature","properties":{"id":"ohl-99","kind":"ohl","name":"PELHAM - SUNDON","voltage":"400","towers":"4TB ROUTE TWR (001B - 002)","status":"C","gid":10004642,"risk":"SAFE","floodCodes":[],"floodNames":[]},"geometry":{"type":"LineString","coordinates":[[0.112999,51.935462],[0.117072,51.933942]]}},{"type":"Feature","properties":{"id":"ohl-100","kind":"ohl","name":"PELHAM - RYEHOUSE 1","voltage":"400","towers":"4TB ROUTE TWR (001A - 002)","status":"C","gid":10004643,"risk":"SAFE","floodCodes":[],"floodNames":[]},"geometry":{"type":"MultiLineString","coordinates":[[[0.11297,51.935472],[0.112986,51.935466]],[[0.117078,51.936226],[0.112977,51.935474]]]}},{"type":"Feature","properties":{"id":"ohl-101","kind":"ohl","name":"PELHAM - SUNDON","voltage":"400","towers":"4TB ROUTE TWR (002 - 074)","status":"C","gid":10004644,"risk":"LOW","floodCodes":["062FWF50FurneuxP"],"floodNames":["River Ash at Furneux Pelham"]},"geometry":{"type":"MultiLineString","coordinates":[[[0.112986,51.935466],[0.112999,51.935462]],[[0.112969,51.935473],[0.11297,51.935472]],[[0.112977,51.935474],[0.112969,51.935473],[0.108713,51.937583],[0.103848,51.939998],[0.099744,51.941493],[0.094447,51.943421],[0.090402,51.944896],[0.085727,51.946598],[0.080627,51.948458],[0.076031,51.950135],[0.070711,51.952071],[0.066599,51.953569],[0.0624,51.955096],[0.057562,51.956858],[0.053373,51.958394],[0.052845,51.958584],[0.048004,51.95885],[0.042663,51.959152],[0.036361,51.959505],[0.031301,51.95979],[0.025916,51.960092],[0.02016,51.960415],[0.014245,51.960746],[0.008582,51.961064],[0.003668,51.961337],[-0.00204,51.961658],[-0.007615,51.961961],[-0.013406,51.962285],[-0.018188,51.962549],[-0.024462,51.962893],[-0.029866,51.963188],[-0.035717,51.96351],[-0.040611,51.963791],[-0.046139,51.962845],[-0.051908,51.961865],[-0.057431,51.96093],[-0.063223,51.959948],[-0.068734,51.959014],[-0.074499,51.958038],[-0.08,51.957105],[-0.084371,51.956365],[-0.089932,51.955422],[-0.095501,51.954476],[-0.100837,51.953571],[-0.106015,51.952691],[-0.111292,51.951796],[-0.116228,51.950956],[-0.122526,51.949896],[-0.126277,51.947736],[-0.130253,51.945459],[-0.134381,51.943098],[-0.138281,51.940869],[-0.142032,51.938707],[-0.147936,51.937446],[-0.152506,51.936463],[-0.158059,51.935269],[-0.163524,51.934094],[-0.168224,51.933072],[-0.172974,51.932049],[-0.177863,51.930997],[-0.182614,51.929977],[-0.188078,51.928798],[-0.193164,51.927713],[-0.197161,51.926714],[-0.20069,51.92675],[-0.206218,51.926801],[-0.211569,51.926848],[-0.217559,51.926898],[-0.221269,51.92693],[-0.226544,51.926973],[-0.231388,51.927014],[-0.236025,51.927053],[-0.242048,51.927094],[-0.246121,51.927609],[-0.248643,51.927896]]]}},{"type":"Feature","properties":{"id":"ohl-102","kind":"ohl","name":"HUTTON - MIDD - PENWORTHAM","voltage":"400","towers":"4TC ROUTE TWR (001 - 026)","status":"C","gid":10004645,"risk":"MEDIUM","floodCodes":["012FWCTL22A","012FWFL42B","012FWFL42A"],"floodNames":["Lancashire coastline at Thurnham, around Cockersands Abbey, Thurnham Moss and Conder Green","Burrow Beck at Lancaster, between Newlands Ave, Lentworth Drive and Whinfell Drive","Burrow Beck at Lancaster, around Canterbury Ave, Cranwell Ave and Bowerham Road"]},"geometry":{"type":"LineString","coordinates":[[-2.889711,54.033481],[-2.886935,54.034052],[-2.883982,54.034319],[-2.880558,54.033794],[-2.874982,54.032929],[-2.868697,54.031954],[-2.863052,54.031078],[-2.856905,54.030121],[-2.851104,54.029221],[-2.845008,54.028279],[-2.839862,54.026526],[-2.834652,54.02476],[-2.829216,54.022914],[-2.824147,54.021196],[-2.819137,54.01948],[-2.813541,54.019436],[-2.808894,54.019391],[-2.802261,54.019326],[-2.797832,54.019285],[-2.792295,54.019227],[-2.786167,54.019174],[-2.78184,54.018259],[-2.777236,54.017297],[-2.772097,54.01622],[-2.769139,54.015599],[-2.765263,54.01479],[-2.758469,54.013363]]}},{"type":"Feature","properties":{"id":"ohl-103","kind":"ohl","name":"HEYSHAM- HUTTON - PENWORTHAM 1","voltage":"400","towers":"4TC ROUTE TWR (026 - 027 - 028)","status":"C","gid":10004646,"risk":"SAFE","floodCodes":[],"floodNames":[]},"geometry":{"type":"LineString","coordinates":[[-2.758469,54.013363],[-2.753756,54.012685],[-2.751858,54.012304]]}},{"type":"Feature","properties":{"id":"ohl-104","kind":"ohl","name":"HEYSHAM- HUTTON - PENWORTHAM 2","voltage":"400","towers":"4TC ROUTE TWR (026 - ZX345R)","status":"C","gid":10004647,"risk":"SAFE","floodCodes":[],"floodNames":[]},"geometry":{"type":"LineString","coordinates":[[-2.758469,54.013363],[-2.753381,54.012286],[-2.751858,54.012304]]}},{"type":"Feature","properties":{"id":"ohl-105","kind":"ohl","name":"HEYSHAM - PENWORTHAM - STANAH 1","voltage":"400","towers":"4TD ROUTE TWR (001 - 070)","status":"C","gid":10004648,"risk":"MEDIUM","floodCodes":["012FWCTL22A","012FWFL32A"],"floodNames":["Lancashire coastline at Thurnham, around Cockersands Abbey, Thurnham Moss and Conder Green","Pilling Water and Ridgy Pool at Pilling"]},"geometry":{"type":"LineString","coordinates":[[-2.888946,54.03178],[-2.88411,54.032479],[-2.879712,54.033123],[-2.874554,54.032294],[-2.868323,54.031312],[-2.862649,54.030419],[-2.857111,54.029545],[-2.851181,54.028609],[-2.845149,54.027663],[-2.839986,54.02591],[-2.834572,54.024079],[-2.829224,54.022273],[-2.824713,54.020748],[-2.819121,54.018854],[-2.814261,54.017213],[-2.808637,54.015318],[-2.808415,54.011759],[-2.808227,54.008839],[-2.808047,54.006073],[-2.807851,54.002984],[-2.807634,53.999772],[-2.807389,53.99602],[-2.807182,53.992835],[-2.806971,53.989589],[-2.806763,53.986406],[-2.806538,53.982955],[-2.806313,53.979405],[-2.806097,53.976182],[-2.805862,53.972553],[-2.805629,53.968983],[-2.805438,53.96602],[-2.805222,53.962678],[-2.805008,53.959418],[-2.804786,53.955998],[-2.804544,53.952253],[-2.80433,53.949186],[-2.80599,53.94689],[-2.808046,53.944022],[-2.810247,53.940953],[-2.812426,53.937914],[-2.81481,53.93457],[-2.817818,53.931694],[-2.820956,53.92868],[-2.824055,53.925701],[-2.827255,53.922994],[-2.8302,53.920507],[-2.833166,53.917998],[-2.835905,53.915674],[-2.838525,53.913455],[-2.841893,53.910609],[-2.84465,53.907748],[-2.847634,53.904649],[-2.850609,53.90156],[-2.853399,53.898666],[-2.856128,53.895826],[-2.859132,53.892709],[-2.861776,53.889973],[-2.866799,53.888752],[-2.872606,53.887348],[-2.877967,53.886053],[-2.883104,53.884807],[-2.887563,53.883731],[-2.893832,53.882215],[-2.898997,53.881539],[-2.905385,53.880702],[-2.910939,53.879969],[-2.916538,53.879244],[-2.921678,53.878235],[-2.927128,53.877171],[-2.932283,53.876165],[-2.932285,53.876164]]}},{"type":"Feature","properties":{"id":"ohl-106","kind":"ohl","name":"HEYSHAM - PENWORTHAM - STANAH 1","voltage":"400","towers":"4TD ROUTE TWR (070 - VF058)","status":"C","gid":10004649,"risk":"SAFE","floodCodes":[],"floodNames":[]},"geometry":{"type":"LineString","coordinates":[[-2.935785,53.874978],[-2.932283,53.876165]]}},{"type":"Feature","properties":{"id":"ohl-107","kind":"ohl","name":"HEYSHAM - PENWORTHAM - STANAH 2","voltage":"400","towers":"4TD ROUTE TWR (070 - 071 - 072 - VF058)","status":"C","gid":10004650,"risk":"SAFE","floodCodes":[],"floodNames":[]},"geometry":{"type":"LineString","coordinates":[[-2.932285,53.876164],[-2.935955,53.875283],[-2.937154,53.874876],[-2.935785,53.874978]]}},{"type":"Feature","properties":{"id":"ohl-108","kind":"ohl","name":"HAWTHORN PIT - NORTON 275KV","voltage":"400","towers":"4TF ROUTE TWR (001 - 001A)","status":"C","gid":10004651,"risk":"SAFE","floodCodes":[],"floodNames":[]},"geometry":{"type":"LineString","coordinates":[[-1.367332,54.594347],[-1.366815,54.5937]]}},{"type":"Feature","properties":{"id":"ohl-109","kind":"ohl","name":"HAWTHORN PIT - NORTON 275KV","voltage":"400","towers":"4TF ROUTE TWR (001 - ZXC001A)","status":"C","gid":10004652,"risk":"SAFE","floodCodes":[],"floodNames":[]},"geometry":{"type":"LineString","coordinates":[[-1.363344,54.59697],[-1.367332,54.594347]]}},{"type":"Feature","properties":{"id":"ohl-110","kind":"ohl","name":"NORTON - SPENNYMOOR 1","voltage":"275","towers":"4TF ROUTE TWR (ZXC001-002 -014-ZXC015)","status":"C","gid":10004653,"risk":"SAFE","floodCodes":[],"floodNames":[]},"geometry":{"type":"LineString","coordinates":[[-1.398806,54.634307],[-1.398806,54.634307],[-1.39324,54.632298],[-1.389853,54.630015],[-1.38984,54.630006],[-1.386066,54.62747],[-1.381733,54.624539],[-1.377947,54.622],[-1.373955,54.619298],[-1.373471,54.615896],[-1.372951,54.612164],[-1.372474,54.608723],[-1.371946,54.604934],[-1.371946,54.604934],[-1.371496,54.601638],[-1.371025,54.598281],[-1.37062,54.595417],[-1.368905,54.593366]]}},{"type":"Feature","properties":{"id":"ohl-111","kind":"ohl","name":"HAWTHORN PIT - NORTON 275KV","voltage":"400","towers":"4TF ROUTE TWR (015 - 080)","status":"C","gid":10004654,"risk":"SAFE","floodCodes":[],"floodNames":[]},"geometry":{"type":"LineString","coordinates":[[-1.403487,54.806217],[-1.401601,54.806897],[-1.398983,54.805292],[-1.396275,54.803656],[-1.392602,54.802275],[-1.388713,54.800798],[-1.388842,54.798119],[-1.389,54.794837],[-1.389161,54.791704],[-1.391663,54.789503],[-1.39505,54.78654],[-1.397667,54.784242],[-1.40045,54.781806],[-1.403029,54.779564],[-1.403582,54.776563],[-1.404031,54.774184],[-1.404639,54.770957],[-1.406011,54.767766],[-1.407436,54.764457],[-1.409002,54.760813],[-1.410154,54.758092],[-1.414365,54.755493],[-1.418474,54.752931],[-1.422354,54.750512],[-1.425692,54.748433],[-1.430492,54.74544],[-1.433678,54.743444],[-1.438456,54.74186],[-1.443216,54.740271],[-1.448217,54.738596],[-1.449991,54.735638],[-1.451789,54.732631],[-1.453418,54.729891],[-1.454814,54.727562],[-1.45709,54.723753],[-1.456419,54.720801],[-1.455852,54.718229],[-1.453252,54.715073],[-1.450966,54.712292],[-1.448733,54.709566],[-1.445831,54.706026],[-1.443704,54.703437],[-1.441805,54.701121],[-1.439219,54.697971],[-1.436661,54.694853],[-1.433792,54.692315],[-1.43149,54.690279],[-1.428569,54.687694],[-1.425714,54.68517],[-1.423049,54.68283],[-1.422475,54.679658],[-1.421882,54.676483],[-1.421307,54.673415],[-1.420675,54.670028],[-1.420079,54.666828],[-1.419528,54.663862],[-1.419021,54.661171],[-1.418455,54.658142],[-1.417803,54.654651],[-1.417151,54.651166],[-1.41655,54.647974],[-1.413488,54.645912],[-1.409225,54.643037],[-1.405464,54.640516],[-1.401239,54.637677],[-1.397647,54.63525]]}},{"type":"Feature","properties":{"id":"ohl-112","kind":"ohl","name":"HARTLEPOOL - SALTHOLME","voltage":"275","towers":"4TG ROUTE","status":"C","gid":10004655,"risk":"MEDIUM","floodCodes":["121FWT565"],"floodNames":["Tees estuary at Greatham Creek"]},"geometry":{"type":"LineString","coordinates":[[-1.19307,54.638525],[-1.18781,54.638167],[-1.183889,54.63608]]}},{"type":"Feature","properties":{"id":"ohl-113","kind":"ohl","name":"HARTLEPOOL - HARTMOOR","voltage":"275","towers":"4TG ROUTE","status":"C","gid":10004656,"risk":"MEDIUM","floodCodes":["121FWT565"],"floodNames":["Tees estuary at Greatham Creek"]},"geometry":{"type":"LineString","coordinates":[[-1.198551,54.636826],[-1.19307,54.638525]]}},{"type":"Feature","properties":{"id":"ohl-114","kind":"ohl","name":"HARTLEPOOL - WEST BOLDON","voltage":"275","towers":"4TG ROUTE","status":"C","gid":10004657,"risk":"MEDIUM","floodCodes":["121FWT565"],"floodNames":["Tees estuary at Greatham Creek"]},"geometry":{"type":"LineString","coordinates":[[-1.19299,54.637949],[-1.195437,54.637282],[-1.196879,54.637127],[-1.198551,54.636826]]}},{"type":"Feature","properties":{"id":"ohl-115","kind":"ohl","name":"HARTLEPOOL - WEST BOLDON","voltage":"275","towers":"4TG ROUTE","status":"C","gid":10004658,"risk":"MEDIUM","floodCodes":["121FWT565"],"floodNames":["Tees estuary at Greatham Creek"]},"geometry":{"type":"LineString","coordinates":[[-1.257502,54.627547],[-1.252711,54.627076],[-1.247885,54.628465],[-1.242988,54.629886],[-1.238658,54.631132],[-1.234967,54.634048],[-1.231267,54.636934],[-1.226387,54.637955],[-1.223716,54.638506],[-1.217551,54.639785],[-1.212849,54.640763],[-1.207764,54.638657],[-1.203122,54.636749],[-1.198551,54.636826]]}},{"type":"Feature","properties":{"id":"ohl-116","kind":"ohl","name":"HARTLEPOOL - WEST BOLDON","voltage":"275","towers":"4TH ROUTE","status":"C","gid":10004659,"risk":"MEDIUM","floodCodes":["121FWT565"],"floodNames":["Tees estuary at Greatham Creek"]},"geometry":{"type":"LineString","coordinates":[[-1.19299,54.637948],[-1.188186,54.637724],[-1.184208,54.635557]]}},{"type":"Feature","properties":{"id":"ohl-117","kind":"ohl","name":"HARTLEPOOL - TOD POINT","voltage":"275","towers":"4TH ROUTE","status":"C","gid":10004660,"risk":"MEDIUM","floodCodes":["121FWT565"],"floodNames":["Tees estuary at Greatham Creek"]},"geometry":{"type":"LineString","coordinates":[[-1.197259,54.636444],[-1.19299,54.637949]]}},{"type":"Feature","properties":{"id":"ohl-118","kind":"ohl","name":"HARTLEPOOL - SALTHOLME","voltage":"275","towers":"4TH ROUTE","status":"C","gid":10004661,"risk":"MEDIUM","floodCodes":["121FWT565"],"floodNames":["Tees estuary at Greatham Creek"]},"geometry":{"type":"LineString","coordinates":[[-1.19307,54.638525],[-1.195566,54.637511],[-1.197259,54.636444]]}},{"type":"Feature","properties":{"id":"ohl-119","kind":"ohl","name":"HARTLEPOOL - SALTHOLME","voltage":"275","towers":"4TH ROUTE","status":"C","gid":10004662,"risk":"MEDIUM","floodCodes":["121FWT565"],"floodNames":["Tees estuary at Greatham Creek"]},"geometry":{"type":"LineString","coordinates":[[-1.254139,54.624243],[-1.252128,54.626566],[-1.247282,54.627939],[-1.242593,54.629262],[-1.238023,54.630538],[-1.234438,54.633432],[-1.230768,54.636373],[-1.226271,54.637297],[-1.223801,54.637804],[-1.217757,54.639044],[-1.21269,54.640083],[-1.207971,54.638163],[-1.20279,54.636061],[-1.197259,54.636444]]}},{"type":"Feature","properties":{"id":"ohl-120","kind":"ohl","name":"KEMSLEY - LITTLEBROOK - ROWDOWN 1","voltage":"400","towers":"4TP ROUTE TWR (001A - 001B - 002)","status":"C","gid":10004663,"risk":"SAFE","floodCodes":[],"floodNames":[]},"geometry":{"type":"LineString","coordinates":[[0.312395,51.42348],[0.310698,51.423366],[0.312765,51.423842],[0.316811,51.42471]]}},{"type":"Feature","properties":{"id":"ohl-121","kind":"ohl","name":"EGGBOROUGH - NEEPSEND - STOCKSBRIDGE","voltage":"400","towers":"4TR ROUTE TWR (001 - 004)","status":"C","gid":10004664,"risk":"SAFE","floodCodes":[],"floodNames":[]},"geometry":{"type":"LineString","coordinates":[[-1.613513,53.496344],[-1.611085,53.49462],[-1.607891,53.492812],[-1.604072,53.490653],[-1.601437,53.489176]]}},{"type":"Feature","properties":{"id":"ohl-122","kind":"ohl","name":"MACCLESFIELD - STALYBRIDGE - STOCKSBRIDGE","voltage":"400","towers":"4TR ROUTE TWR (004 - 005)","status":"C","gid":10004665,"risk":"SAFE","floodCodes":[],"floodNames":[]},"geometry":{"type":"LineString","coordinates":[[-1.601437,53.489176],[-1.602144,53.488198]]}},{"type":"Feature","properties":{"id":"ohl-123","kind":"ohl","name":"EGGBOROUGH - NEEPSEND - STOCKSBRIDGE","voltage":"400","towers":"4TR ROUTE TWR (004 - 006)","status":"C","gid":10004666,"risk":"SAFE","floodCodes":[],"floodNames":[]},"geometry":{"type":"LineString","coordinates":[[-1.601437,53.489176],[-1.601523,53.488099]]}},{"type":"Feature","properties":{"id":"ohl-124","kind":"ohl","name":"COVENTRY - RATCLIFFE ON SOAR","voltage":"400","towers":"4VA ROUTE TWR (024 - 002 - 4YZ001A)","status":"C","gid":10004667,"risk":"MEDIUM","floodCodes":["034FWFSORATSOAR","034FWFSOKEGWORTH","034FWFSOREDKEG","034FWFTRCASDONN"],"floodNames":["River Soar at Ratcliffe on Soar","River Soar at Kegworth","River Soar at Redhill and Kegworth Bridge","River Trent at Castle Donington including Hemington and Lockington"]},"geometry":{"type":"LineString","coordinates":[[-1.349893,52.847901],[-1.347671,52.849532],[-1.344753,52.851694],[-1.340918,52.851781],[-1.33588,52.85191],[-1.330765,52.852039],[-1.324429,52.852207],[-1.319236,52.852335],[-1.314042,52.852461],[-1.308872,52.854198],[-1.304482,52.855677],[-1.300186,52.85477],[-1.295987,52.853897],[-1.290294,52.852714],[-1.285056,52.851627],[-1.280213,52.850619],[-1.275098,52.849534],[-1.271128,52.848689],[-1.268367,52.848103],[-1.264337,52.849254],[-1.262932,52.850884],[-1.260361,52.853841],[-1.25909,52.856637],[-1.257427,52.860295],[-1.256511,52.862303]]}},{"type":"Feature","properties":{"id":"ohl-125","kind":"ohl","name":"BRAINTREE - PELHAM - RAYLEIGH MAIN","voltage":"400","towers":"4VB ROUTE TWR (093 - 094A - 4YLA061)","status":"C","gid":10004668,"risk":"SAFE","floodCodes":[],"floodNames":[]},"geometry":{"type":"LineString","coordinates":[[0.578925,51.863807],[0.575876,51.864342],[0.573678,51.86043]]}},{"type":"Feature","properties":{"id":"ohl-126","kind":"ohl","name":"BRAINTREE - BRAMFORD - RAYLEIGH MAIN","voltage":"400","towers":"4VB ROUTE TWR (093 - 094B - 094C - 4YLA)","status":"C","gid":10004669,"risk":"SAFE","floodCodes":[],"floodNames":[]},"geometry":{"type":"MultiLineString","coordinates":[[[0.57617,51.863894],[0.578925,51.863807]],[[0.573678,51.86043],[0.57617,51.863894],[0.57668,51.86418]]]}},{"type":"Feature","properties":{"id":"ohl-127","kind":"ohl","name":"KINGSNORTH - TILBURY","voltage":"400","towers":"4VG ROUTE TWR (001 - 002)","status":"C","gid":10004670,"risk":"MEDIUM","floodCodes":["064FWT1Medway"],"floodNames":["Tidal River Medway and Medway estuary"]},"geometry":{"type":"LineString","coordinates":[[0.591753,51.419731],[0.596494,51.419261]]}},{"type":"Feature","properties":{"id":"ohl-128","kind":"ohl","name":"GRAIN - KINGSNORTH","voltage":"400","towers":"4VG ROUTE TWR (002 - 042)","status":"C","gid":10004671,"risk":"MEDIUM","floodCodes":["064FWT1KentMarsh","064FWT1Gravesend","064FWT1Medway"],"floodNames":["North Kent Marshes between Shorne Marsh and Allhallows","Gravesend and Northfleet","Tidal River Medway and Medway estuary"]},"geometry":{"type":"LineString","coordinates":[[0.407637,51.44225],[0.412011,51.439917],[0.416278,51.439419],[0.421884,51.438765],[0.427433,51.438116],[0.432355,51.437542],[0.437329,51.438165],[0.443554,51.439364],[0.447836,51.440182],[0.452331,51.441717],[0.45694,51.443285],[0.460564,51.444524],[0.465751,51.444765],[0.471805,51.445053],[0.47599,51.443253],[0.481521,51.443627],[0.486227,51.443942],[0.492224,51.444345],[0.497691,51.444711],[0.5034,51.445092],[0.507522,51.445368],[0.512427,51.445313],[0.517194,51.445259],[0.523717,51.445186],[0.528365,51.445134],[0.534549,51.445065],[0.539701,51.445005],[0.543678,51.444958],[0.550298,51.444883],[0.555147,51.44483],[0.55885,51.443271],[0.562704,51.441647],[0.566221,51.440165],[0.569735,51.438688],[0.57306,51.437293],[0.575648,51.434399],[0.578581,51.431143],[0.581292,51.428138],[0.584246,51.424855],[0.586938,51.421844],[0.591753,51.419731]]}},{"type":"Feature","properties":{"id":"ohl-129","kind":"ohl","name":"COVENTRY - NECHELLS 1","voltage":"275","towers":"4VU ROUTE","status":"C","gid":10004672,"risk":"SAFE","floodCodes":[],"floodNames":[]},"geometry":{"type":"LineString","coordinates":[[-1.711383,52.533887],[-1.713129,52.533435],[-1.715069,52.533828],[-1.717788,52.533217]]}},{"type":"Feature","properties":{"id":"ohl-130","kind":"ohl","name":"HAMS HALL - NECHELLS 2","voltage":"275","towers":"4VU ROUTE","status":"C","gid":10004673,"risk":"SAFE","floodCodes":[],"floodNames":[]},"geometry":{"type":"LineString","coordinates":[[-1.717788,52.533217],[-1.715439,52.531692]]}},{"type":"Feature","properties":{"id":"ohl-131","kind":"ohl","name":"COVENTRY - NECHELLS 1","voltage":"275","towers":"4VU ROUTE","status":"C","gid":10004674,"risk":"MEDIUM","floodCodes":["033FWF3TAME012","033FWF3TAME013","033FWF3TAME011"],"floodNames":["River Tame at Castle Vale","River Tame at Water Orton","River Tame at Gravelly Hill"]},"geometry":{"type":"LineString","coordinates":[[-1.717788,52.533217],[-1.72097,52.532449],[-1.722213,52.530247],[-1.725366,52.528444],[-1.727752,52.525603],[-1.730499,52.525509],[-1.735145,52.524554],[-1.740192,52.523528],[-1.743309,52.522893],[-1.749514,52.521755],[-1.754174,52.520907],[-1.75879,52.518923],[-1.763,52.517122],[-1.767793,52.515849],[-1.773289,52.514388],[-1.777709,52.513208],[-1.781758,52.512119],[-1.787095,52.511973],[-1.791555,52.511849],[-1.796591,52.510933],[-1.799942,52.509861],[-1.803962,52.508585],[-1.807212,52.508465],[-1.811126,52.507888],[-1.815049,52.507316],[-1.819285,52.506567],[-1.825395,52.505497],[-1.829392,52.506328],[-1.83456,52.505539],[-1.838697,52.507663],[-1.843155,52.507376],[-1.846776,52.507107],[-1.848822,52.507713],[-1.851229,52.507085]]}},{"type":"Feature","properties":{"id":"ohl-132","kind":"ohl","name":"NORWICH MAIN - WALPOLE 1","voltage":"400","towers":"4VV ROUTE TWR (001 - 223)","status":"C","gid":10004675,"risk":"MEDIUM","floodCodes":["055FWTNENE2C","054FWFNF3C","052FWTTRV_BRW3","052FWFNANS","052FWTTRV_BRE2","052FWTTRVWH","054FWFNF3B","052FWTTRV_BRW2"],"floodNames":["Wash Frontage and the right bank of the Tidal Nene from Walton Dam to Admiralty Point","The River Yare from Barnham Broom to the A11 at Cringleford","Tidal breach east of Wisbech along the A47 at West Walton, Emneth Hungate and Terrington St John","River Nar at Narborough, Marham, Wormegay and Saddle Bow","Tidal River Great Ouse east bank breach at Stow Bridge, Watlington and Saddlebow","Tidal River Great Ouse at the Wiggenhalls","The River Tiffey, from Wymondham to Barford","Tidal River Great Ouse west bank breach at Wiggenhall St Mary The Virgin, Tilney Fen End and Outwell"]},"geometry":{"type":"LineString","coordinates":[[0.198659,52.725264],[0.202272,52.723033],[0.205874,52.720843],[0.209531,52.718618],[0.21351,52.716192],[0.219031,52.716785],[0.224822,52.717402],[0.230681,52.718026],[0.236386,52.718633],[0.240972,52.719123],[0.245679,52.719625],[0.25057,52.720145],[0.255315,52.720652],[0.260627,52.721174],[0.266278,52.721731],[0.272122,52.722306],[0.277613,52.722851],[0.28369,52.723441],[0.288661,52.721892],[0.293647,52.720329],[0.298574,52.718786],[0.303692,52.717182],[0.308718,52.715604],[0.31298,52.714269],[0.317147,52.712961],[0.32224,52.711364],[0.327308,52.709773],[0.331589,52.708442],[0.336801,52.708672],[0.341294,52.708877],[0.345927,52.709091],[0.35193,52.709365],[0.356487,52.709575],[0.362165,52.709843],[0.366406,52.70942],[0.372054,52.708864],[0.377601,52.708323],[0.382159,52.707873],[0.387267,52.70737],[0.391859,52.706759],[0.394899,52.706352],[0.400147,52.705651],[0.405341,52.704953],[0.410923,52.704212],[0.416771,52.703427],[0.421782,52.70276],[0.428047,52.701655],[0.433199,52.700744],[0.438939,52.699729],[0.443382,52.698944],[0.449155,52.697924],[0.454839,52.696919],[0.460045,52.695997],[0.463287,52.695426],[0.468979,52.694419],[0.474425,52.693459],[0.479403,52.692329],[0.484856,52.691096],[0.490164,52.689893],[0.495149,52.688767],[0.500248,52.687607],[0.503061,52.686955],[0.5082,52.68717],[0.513427,52.689042],[0.51784,52.690635],[0.521652,52.692009],[0.525927,52.693549],[0.530098,52.695059],[0.53388,52.696429],[0.539004,52.69714],[0.544251,52.697877],[0.549757,52.698649],[0.554921,52.699377],[0.559733,52.700053],[0.564412,52.700714],[0.570038,52.700855],[0.575332,52.700994],[0.581723,52.70115],[0.586011,52.702048],[0.591262,52.703138],[0.596975,52.704327],[0.602457,52.705473],[0.607924,52.705553],[0.61423,52.705653],[0.619866,52.705742],[0.62548,52.705833],[0.628864,52.70284],[0.632109,52.699977],[0.637462,52.699391],[0.642152,52.698884],[0.646522,52.69841],[0.651397,52.697881],[0.654769,52.697515],[0.659996,52.696947],[0.662697,52.696661],[0.66556,52.695504],[0.668734,52.69423],[0.673597,52.692275],[0.676036,52.691298],[0.678356,52.69037],[0.680902,52.688934],[0.684398,52.68697],[0.688871,52.684453],[0.691695,52.682881],[0.696412,52.682831],[0.702105,52.682785],[0.706969,52.682745],[0.711742,52.682705],[0.716867,52.682663],[0.723181,52.68261],[0.72789,52.682587],[0.732658,52.681204],[0.737936,52.679697],[0.742544,52.678379],[0.747332,52.677009],[0.752531,52.675521],[0.757783,52.674016],[0.762985,52.672528],[0.767636,52.671196],[0.772073,52.66993],[0.776701,52.668267],[0.781321,52.666613],[0.78592,52.664965],[0.79089,52.663185],[0.795342,52.661597],[0.800488,52.662122],[0.806426,52.662734],[0.812191,52.663328],[0.817263,52.66385],[0.822571,52.664397],[0.827749,52.66493],[0.832732,52.665443],[0.837814,52.665974],[0.842976,52.665298],[0.848432,52.664593],[0.854469,52.663812],[0.85979,52.663125],[0.865514,52.662384],[0.871056,52.661667],[0.876537,52.660957],[0.881926,52.660259],[0.88734,52.659557],[0.893047,52.658817],[0.898412,52.658117],[0.904159,52.658136],[0.90906,52.658147],[0.914195,52.658158],[0.919168,52.65817],[0.924443,52.65819],[0.929837,52.656994],[0.935528,52.65574],[0.940599,52.654624],[0.945863,52.653463],[0.951254,52.652276],[0.956817,52.65105],[0.962446,52.649808],[0.967474,52.648696],[0.972526,52.64795],[0.978324,52.647089],[0.984025,52.646244],[0.989883,52.645376],[0.995533,52.644537],[1.000948,52.643732],[1.006337,52.642931],[1.011887,52.642108],[1.017477,52.641277],[1.022807,52.640485],[1.028224,52.639678],[1.033513,52.638886],[1.039172,52.638605],[1.044678,52.638326],[1.050327,52.63804],[1.055987,52.637755],[1.06157,52.637472],[1.067791,52.637156],[1.072707,52.636909],[1.077969,52.636634],[1.081103,52.634867],[1.084993,52.632663],[1.088714,52.630554],[1.092626,52.628337],[1.096626,52.626069],[1.099531,52.624419],[1.102924,52.622497],[1.10621,52.620651],[1.111656,52.619888],[1.117045,52.619145],[1.12237,52.618411],[1.126827,52.617811],[1.131174,52.615905],[1.135308,52.614108],[1.139668,52.612212],[1.144128,52.610272],[1.147941,52.608616],[1.152639,52.608755],[1.157775,52.608915],[1.163292,52.609092],[1.168291,52.609243],[1.173656,52.60941],[1.178894,52.609572],[1.184078,52.609734],[1.189019,52.609691],[1.194186,52.609647],[1.198811,52.609607],[1.203308,52.60957],[1.208723,52.609528],[1.214109,52.608586],[1.219142,52.607713],[1.220434,52.605085],[1.221895,52.60212],[1.223272,52.599323],[1.228317,52.597801],[1.23287,52.596431],[1.237502,52.595038],[1.241069,52.59397],[1.244981,52.591856],[1.249538,52.58941],[1.252504,52.586778],[1.255277,52.584328],[1.258096,52.581838],[1.260894,52.579367],[1.263573,52.577012],[1.268729,52.575541]]}},{"type":"Feature","properties":{"id":"ohl-133","kind":"ohl","name":"NORWICH MAIN - WALPOLE 2","voltage":"400","towers":"4VV ROUTE TWR (223 - 223A )","status":"C","gid":10004676,"risk":"SAFE","floodCodes":[],"floodNames":[]},"geometry":{"type":"LineString","coordinates":[[1.268729,52.575541],[1.271009,52.574831]]}},{"type":"Feature","properties":{"id":"ohl-134","kind":"ohl","name":"NORWICH MAIN - WALPOLE 1","voltage":"400","towers":"4VV ROUTE TWR (223 - 224)","status":"C","gid":10004677,"risk":"SAFE","floodCodes":[],"floodNames":[]},"geometry":{"type":"LineString","coordinates":[[1.268729,52.575541],[1.27267,52.575184]]}},{"type":"Feature","properties":{"id":"ohl-135","kind":"ohl","name":"ALVERDISCOTT - INDIAN QUEENS - TAUNTON 1","voltage":"400","towers":"4VW ROUTE TWR (001 - 284)","status":"C","gid":10004678,"risk":"MEDIUM","floodCodes":["113FWT2T2A3","113FWF2D6A","113FWF2D0C","114FWF1D1AA00"],"floodNames":["Tidal River Torridge from Weare Giffard to Bideford","River Waldon from Bradworthy to Bradford","River Torridge (Lower) from Dolton to Bideford, including Taddiport and Weare Giffard","River Allen (Camel) from Newhall Green to Hingham Mill"]},"geometry":{"type":"LineString","coordinates":[[-4.898042,50.39575],[-4.894474,50.396866],[-4.88989,50.398237],[-4.885113,50.399659],[-4.880532,50.401031],[-4.876206,50.402315],[-4.871545,50.403703],[-4.866679,50.405151],[-4.86195,50.40656],[-4.857878,50.407768],[-4.853284,50.409141],[-4.849457,50.410288],[-4.848085,50.412318],[-4.846521,50.414663],[-4.844675,50.41743],[-4.843549,50.419123],[-4.842139,50.421237],[-4.84054,50.423632],[-4.839277,50.425528],[-4.83787,50.427875],[-4.83554,50.431782],[-4.83411,50.434167],[-4.832147,50.437456],[-4.826904,50.438585],[-4.821444,50.439753],[-4.816442,50.440817],[-4.811068,50.441954],[-4.806695,50.443638],[-4.801837,50.445494],[-4.801737,50.447846],[-4.801627,50.450352],[-4.801487,50.453596],[-4.801355,50.456128],[-4.797483,50.459944],[-4.795289,50.462098],[-4.792887,50.464455],[-4.789629,50.467655],[-4.787278,50.469954],[-4.785596,50.47161],[-4.786485,50.475613],[-4.787155,50.47858],[-4.787721,50.481092],[-4.788295,50.483641],[-4.788947,50.486543],[-4.789469,50.488861],[-4.790525,50.493541],[-4.791056,50.495897],[-4.791525,50.499388],[-4.791877,50.502008],[-4.792338,50.505425],[-4.792826,50.509123],[-4.794837,50.51134],[-4.796356,50.513024],[-4.799101,50.516071],[-4.797641,50.518705],[-4.795985,50.521718],[-4.792343,50.524511],[-4.7892,50.526928],[-4.786764,50.528805],[-4.784057,50.530888],[-4.77981,50.534156],[-4.777207,50.536155],[-4.774127,50.539267],[-4.771406,50.54201],[-4.768972,50.544464],[-4.766218,50.547241],[-4.767994,50.550427],[-4.769519,50.553155],[-4.770858,50.55556],[-4.772633,50.558733],[-4.771089,50.561639],[-4.76903,50.565506],[-4.767751,50.56791],[-4.766178,50.570865],[-4.764208,50.574567],[-4.762954,50.576922],[-4.760744,50.58107],[-4.7594,50.583617],[-4.756131,50.585898],[-4.753185,50.587968],[-4.750444,50.589893],[-4.746877,50.592397],[-4.74377,50.594585],[-4.739551,50.59651],[-4.735694,50.598275],[-4.732396,50.599787],[-4.726673,50.602402],[-4.723334,50.603928],[-4.720174,50.605383],[-4.71856,50.608253],[-4.716547,50.61187],[-4.714863,50.614895],[-4.713388,50.617543],[-4.712038,50.61997],[-4.710529,50.622679],[-4.708698,50.62595],[-4.704086,50.627496],[-4.700052,50.628842],[-4.694765,50.630605],[-4.690622,50.631989],[-4.686723,50.633288],[-4.683229,50.634452],[-4.67971,50.635632],[-4.677686,50.638925],[-4.675619,50.6423],[-4.673786,50.645301],[-4.671644,50.648819],[-4.669112,50.650712],[-4.665937,50.653092],[-4.662926,50.655354],[-4.659462,50.657951],[-4.656924,50.659859],[-4.653819,50.662188],[-4.650743,50.664494],[-4.648256,50.66636],[-4.645743,50.668245],[-4.64282,50.670437],[-4.639253,50.672423],[-4.636323,50.674057],[-4.633263,50.67576],[-4.629393,50.677916],[-4.62476,50.680496],[-4.620861,50.682666],[-4.616336,50.685185],[-4.612582,50.687274],[-4.609675,50.688891],[-4.606304,50.690767],[-4.602185,50.693053],[-4.597807,50.695493],[-4.59406,50.697583],[-4.590255,50.699683],[-4.585486,50.699667],[-4.579585,50.699653],[-4.575631,50.699636],[-4.570998,50.69962],[-4.566431,50.699602],[-4.561633,50.699586],[-4.555539,50.699562],[-4.551156,50.699548],[-4.546141,50.699525],[-4.541676,50.699508],[-4.537315,50.699489],[-4.530781,50.699464],[-4.526376,50.699445],[-4.5232,50.69944],[-4.519856,50.701229],[-4.515996,50.703297],[-4.513132,50.704831],[-4.509549,50.70675],[-4.506361,50.708467],[-4.502956,50.709554],[-4.498379,50.711021],[-4.493585,50.712565],[-4.490131,50.713684],[-4.486117,50.714967],[-4.481255,50.716524],[-4.479988,50.719654],[-4.478728,50.722795],[-4.477719,50.72534],[-4.475038,50.727235],[-4.471663,50.729647],[-4.468553,50.731866],[-4.464711,50.734607],[-4.462047,50.736891],[-4.458882,50.739596],[-4.45585,50.742186],[-4.452657,50.744918],[-4.450705,50.746592],[-4.446661,50.749248],[-4.443312,50.751452],[-4.440221,50.753484],[-4.437444,50.755309],[-4.433851,50.757674],[-4.430221,50.760055],[-4.426679,50.762379],[-4.424556,50.763767],[-4.421545,50.766831],[-4.419366,50.769043],[-4.417471,50.770967],[-4.414676,50.773805],[-4.411855,50.77669],[-4.411795,50.780182],[-4.411751,50.783682],[-4.411722,50.787074],[-4.411693,50.790054],[-4.4108,50.793047],[-4.409743,50.796623],[-4.408754,50.799968],[-4.407661,50.803668],[-4.406651,50.807085],[-4.405732,50.810148],[-4.401495,50.812269],[-4.397322,50.814354],[-4.392854,50.816584],[-4.388886,50.818566],[-4.38469,50.820659],[-4.38001,50.822992],[-4.376312,50.824842],[-4.371523,50.827229],[-4.367361,50.829296],[-4.364227,50.832482],[-4.361287,50.835459],[-4.358523,50.838256],[-4.356014,50.840796],[-4.352697,50.844151],[-4.350213,50.846664],[-4.347145,50.849766],[-4.344158,50.852787],[-4.341454,50.855523],[-4.33904,50.857965],[-4.335468,50.861579],[-4.333273,50.863797],[-4.329729,50.867377],[-4.327337,50.86978],[-4.326458,50.873442],[-4.325647,50.876737],[-4.324816,50.880124],[-4.324249,50.882452],[-4.323737,50.884554],[-4.318957,50.88585],[-4.314997,50.886925],[-4.310944,50.888026],[-4.304924,50.889658],[-4.301579,50.890566],[-4.296155,50.892036],[-4.291462,50.893312],[-4.287273,50.894448],[-4.282058,50.895863],[-4.280836,50.898048],[-4.279165,50.901035],[-4.277321,50.904337],[-4.275709,50.907215],[-4.272292,50.908162],[-4.267105,50.909591],[-4.261861,50.911035],[-4.258339,50.912017],[-4.256253,50.914601],[-4.254177,50.917199],[-4.252038,50.919876],[-4.249983,50.922458],[-4.247678,50.924349],[-4.245043,50.92652],[-4.241522,50.929426],[-4.238132,50.932221],[-4.235739,50.934211],[-4.235269,50.937129],[-4.235011,50.938776],[-4.2344,50.942658],[-4.233882,50.945948],[-4.233336,50.949434],[-4.232802,50.952821],[-4.232374,50.955559],[-4.23177,50.959405],[-4.231336,50.962179],[-4.230968,50.965637],[-4.230751,50.967658],[-4.230361,50.97135],[-4.230025,50.974454],[-4.225406,50.97679],[-4.221091,50.978966],[-4.217777,50.980638],[-4.213202,50.982944],[-4.209948,50.984586],[-4.207374,50.985686],[-4.204551,50.98689],[-4.202245,50.987873],[-4.199054,50.989223],[-4.19161,50.988111],[-4.188119,50.987586],[-4.183536,50.98689],[-4.178998,50.986975],[-4.172067,50.987098],[-4.16858,50.987162],[-4.162614,50.987269],[-4.15893,50.987334],[-4.155451,50.987399],[-4.150085,50.987491],[-4.145735,50.987574],[-4.140821,50.990836],[-4.139925,50.992944],[-4.139082,50.994878],[-4.137562,50.99838],[-4.13659,51.000639],[-4.135756,51.002525]]}},{"type":"Feature","properties":{"id":"ohl-136","kind":"ohl","name":"ALVERDISCOTT - INDIAN QUEENS - TAUNTON 2","voltage":"400","towers":"4VW ROUTE TWR (284 - 285 - 285A/246)","status":"C","gid":10004679,"risk":"SAFE","floodCodes":[],"floodNames":[]},"geometry":{"type":"MultiLineString","coordinates":[[[-4.132386,51.008],[-4.13386,51.004935]],[[-4.135756,51.002525],[-4.13386,51.004935],[-4.135227,51.005836]]]}},{"type":"Feature","properties":{"id":"ohl-137","kind":"ohl","name":"ALVERDISCOTT - INDIAN QUEENS - TAUNTON 1","voltage":"400","towers":"4VW ROUTE TWR (284 - 284A -246)","status":"C","gid":10004680,"risk":"SAFE","floodCodes":[],"floodNames":[]},"geometry":{"type":"LineString","coordinates":[[-4.135756,51.002525],[-4.135309,51.005439],[-4.132386,51.008]]}},{"type":"Feature","properties":{"id":"ohl-138","kind":"ohl","name":"ALVERDISCOTT - INDIAN QUEENS - TAUNTON 1","voltage":"400","towers":"4VW ROUTE TWR (286 - 496)","status":"C","gid":10004681,"risk":"MEDIUM","floodCodes":["113FWFEXE03","112FWFTON10A","113FWF2E1B","113FWFMOLE02","113FWF2E3A"],"floodNames":["River Exe from Exebridge to Tiverton","River Tone from Waterrow to Taunton","River Taw (Lower) from Newnham Bridge to Barnstaple, including Umberleigh","River Mole at Alswear","River Bray from Challacombe to Meethe, including Brayford and Clapworthy"]},"geometry":{"type":"LineString","coordinates":[[-3.157062,51.016945],[-3.16125,51.017071],[-3.166057,51.016175],[-3.170036,51.014403],[-3.174023,51.012636],[-3.177405,51.011135],[-3.181285,51.009425],[-3.185608,51.0094],[-3.190674,51.009382],[-3.195702,51.009362],[-3.200807,51.009344],[-3.206207,51.009321],[-3.210608,51.009307],[-3.216214,51.00928],[-3.221217,51.009257],[-3.226646,51.009235],[-3.231736,51.00922],[-3.236348,51.0086],[-3.240867,51.008],[-3.244946,51.007462],[-3.249464,51.00687],[-3.253427,51.008045],[-3.256996,51.009104],[-3.260891,51.010274],[-3.264975,51.010377],[-3.269892,51.010515],[-3.275716,51.010682],[-3.280674,51.010835],[-3.285496,51.00938],[-3.290852,51.007771],[-3.294469,51.00745],[-3.299209,51.007019],[-3.303941,51.006588],[-3.307847,51.006231],[-3.314403,51.005637],[-3.319049,51.005201],[-3.324478,51.005787],[-3.329937,51.006367],[-3.33541,51.006712],[-3.34131,51.007078],[-3.344198,51.007261],[-3.350881,51.00717],[-3.354806,51.007111],[-3.360596,51.007023],[-3.365344,51.006952],[-3.371763,51.006853],[-3.376356,51.00708],[-3.380709,51.007295],[-3.38664,51.007584],[-3.39441,51.007968],[-3.398665,51.010312],[-3.401388,51.01181],[-3.406512,51.014615],[-3.409746,51.014798],[-3.416347,51.01515],[-3.420537,51.015373],[-3.425262,51.015627],[-3.429345,51.015853],[-3.433975,51.014856],[-3.438719,51.01385],[-3.444079,51.012709],[-3.448476,51.011773],[-3.453421,51.010718],[-3.458196,51.009696],[-3.463268,51.009544],[-3.468576,51.009379],[-3.472943,51.009241],[-3.477638,51.00909],[-3.48181,51.008964],[-3.486028,51.008823],[-3.489437,51.006779],[-3.492776,51.004767],[-3.494487,51.00373],[-3.499224,51.004339],[-3.505676,51.005172],[-3.509494,51.004605],[-3.515706,51.003697],[-3.519512,51.003141],[-3.523987,51.002488],[-3.527957,51.001903],[-3.531767,51.001348],[-3.538918,51.000287],[-3.54288,51.000917],[-3.547308,51.00159],[-3.550413,51.003086],[-3.554447,51.005069],[-3.559113,51.007312],[-3.564484,51.007238],[-3.570123,51.007156],[-3.575514,51.007076],[-3.581616,51.006977],[-3.586491,51.0069],[-3.592822,51.006806],[-3.597379,51.006739],[-3.602004,51.009121],[-3.605163,51.010754],[-3.60744,51.011927],[-3.611256,51.013908],[-3.615675,51.014872],[-3.619186,51.015645],[-3.623942,51.016693],[-3.628811,51.017771],[-3.634097,51.018933],[-3.638733,51.019963],[-3.64271,51.020268],[-3.647883,51.020668],[-3.653216,51.021082],[-3.65881,51.021518],[-3.66442,51.021953],[-3.670002,51.022378],[-3.673899,51.023093],[-3.679322,51.024079],[-3.684177,51.024963],[-3.688606,51.025772],[-3.692882,51.02655],[-3.697606,51.027424],[-3.702574,51.027007],[-3.708231,51.026541],[-3.713557,51.026106],[-3.719002,51.025654],[-3.724464,51.025911],[-3.73002,51.026159],[-3.735689,51.026421],[-3.740748,51.02665],[-3.745939,51.026888],[-3.751124,51.026871],[-3.756171,51.026851],[-3.762021,51.026845],[-3.767562,51.02683],[-3.773515,51.026803],[-3.77675,51.025046],[-3.779333,51.023637],[-3.78275,51.02177],[-3.787771,51.019026],[-3.791328,51.017087],[-3.795524,51.014798],[-3.799086,51.012844],[-3.80355,51.011383],[-3.809079,51.009568],[-3.813716,51.008034],[-3.820623,51.007647],[-3.826187,51.007332],[-3.831419,51.007029],[-3.835315,51.006806],[-3.839774,51.006549],[-3.845903,51.006204],[-3.850824,51.005908],[-3.855423,51.006375],[-3.861161,51.006947],[-3.865431,51.007373],[-3.86989,51.007823],[-3.873832,51.00822],[-3.879522,51.008789],[-3.883789,51.009227],[-3.886923,51.010801],[-3.891713,51.013224],[-3.895123,51.01496],[-3.898667,51.016763],[-3.902673,51.018118],[-3.906214,51.01932],[-3.909984,51.020599],[-3.914265,51.022053],[-3.919279,51.02374],[-3.924748,51.023676],[-3.928975,51.02362],[-3.932987,51.023567],[-3.937599,51.023505],[-3.942255,51.023451],[-3.946361,51.022023],[-3.952063,51.020059],[-3.955145,51.018996],[-3.959311,51.017562],[-3.965024,51.015594],[-3.969254,51.014119],[-3.974943,51.014018],[-3.977639,51.013964],[-3.982408,51.01387],[-3.987569,51.01376],[-3.991718,51.011775],[-3.996401,51.011277],[-4.001554,51.010719],[-4.00651,51.010178],[-4.011141,51.009688],[-4.015638,51.010844],[-4.020994,51.012235],[-4.025734,51.013459],[-4.030132,51.014601],[-4.035949,51.01611],[-4.039879,51.016406],[-4.045461,51.016834],[-4.05026,51.017201],[-4.05446,51.017523],[-4.05858,51.017837],[-4.063473,51.018207],[-4.069301,51.018654],[-4.074809,51.019076],[-4.079204,51.019413],[-4.084023,51.019782],[-4.088623,51.020134],[-4.09342,51.019871],[-4.098877,51.019578],[-4.10415,51.019289],[-4.108641,51.019047],[-4.113864,51.019083],[-4.118087,51.019113],[-4.12283,51.019138],[-4.124479,51.017736],[-4.126831,51.015744],[-4.129601,51.013381],[-4.130232,51.009908],[-4.132386,51.008]]}},{"type":"Feature","properties":{"id":"ohl-139","kind":"ohl","name":"COWLEY - CULHAM JET - DIDCOT","voltage":"400","towers":"4VY ROUTE TWR(001 -019)","status":"C","gid":10004682,"risk":"SAFE","floodCodes":[],"floodNames":[]},"geometry":{"type":"LineString","coordinates":[[-1.18939,51.712666],[-1.186836,51.712792],[-1.186282,51.70994],[-1.187786,51.707047],[-1.189396,51.703938],[-1.191086,51.700681],[-1.192842,51.697295],[-1.194524,51.694049],[-1.196364,51.690501],[-1.198079,51.68717],[-1.202272,51.684507],[-1.205967,51.682154],[-1.208649,51.679703],[-1.211297,51.677284],[-1.214815,51.674064],[-1.218829,51.67198],[-1.223426,51.66959],[-1.226629,51.667927],[-1.231196,51.66555]]}},{"type":"Feature","properties":{"id":"ohl-140","kind":"ohl","name":"COWLEY - CULHAM JET - DIDCOT","voltage":"400","towers":"4VY ROUTE TWR(019 -034)","status":"C","gid":10004683,"risk":"MEDIUM","floodCodes":["061FWF23ClfntoWt"],"floodNames":["River Thames at Clifton Hampden, Dorchester and Little Wittenham"]},"geometry":{"type":"LineString","coordinates":[[-1.231196,51.66555],[-1.235365,51.663383],[-1.236723,51.661506],[-1.238561,51.65894],[-1.241891,51.656184],[-1.245114,51.653501],[-1.248412,51.650758],[-1.251533,51.648163],[-1.253568,51.646475],[-1.254311,51.642997],[-1.255033,51.63963],[-1.25563,51.636866],[-1.256131,51.634527],[-1.257673,51.631749],[-1.258758,51.629797],[-1.260443,51.626771],[-1.262058,51.62705]]}},{"type":"Feature","properties":{"id":"ohl-141","kind":"ohl","name":"COWLEY - CULHAM JET - DIDCOT","voltage":"400","towers":"4VY ROUTE TWR(019 - 019A - 019B)","status":"C","gid":10004684,"risk":"SAFE","floodCodes":[],"floodNames":[]},"geometry":{"type":"LineString","coordinates":[[-1.231196,51.66555],[-1.230727,51.665203],[-1.229014,51.661612]]}},{"type":"Feature","properties":{"id":"ohl-142","kind":"ohl","name":"COVENTRY - RATCLIFFE ON SOAR","voltage":"400","towers":"4WP ROUTE TWR (001B - 002)","status":"C","gid":10004685,"risk":"SAFE","floodCodes":[],"floodNames":[]},"geometry":{"type":"LineString","coordinates":[[-1.461138,52.458854],[-1.462506,52.456154]]}},{"type":"Feature","properties":{"id":"ohl-143","kind":"ohl","name":"COVENTRY - RATCLIFFE ON SOAR","voltage":"400","towers":"4WP ROUTE TWR (002 - 053A)","status":"C","gid":10004686,"risk":"SAFE","floodCodes":[],"floodNames":[]},"geometry":{"type":"LineString","coordinates":[[-1.275636,52.567543],[-1.276054,52.566534],[-1.276891,52.564376],[-1.278744,52.562655],[-1.281226,52.560305],[-1.283972,52.557709],[-1.287125,52.55473],[-1.290309,52.551703],[-1.294813,52.549368],[-1.298522,52.547433],[-1.301994,52.545623],[-1.306248,52.543405],[-1.310913,52.540973],[-1.314853,52.538918],[-1.319424,52.536535],[-1.32333,52.534497],[-1.327308,52.532432],[-1.330167,52.52981],[-1.333291,52.526951],[-1.336599,52.523924],[-1.337836,52.522791],[-1.339426,52.521346],[-1.343019,52.520671],[-1.348673,52.519617],[-1.354191,52.518586],[-1.359963,52.517519],[-1.364163,52.515931],[-1.368873,52.514163],[-1.373996,52.512237],[-1.379317,52.511183],[-1.384246,52.510203],[-1.388516,52.509353],[-1.392599,52.50854],[-1.396013,52.507861],[-1.399432,52.507181],[-1.404333,52.506205],[-1.409653,52.505162],[-1.413339,52.503041],[-1.417532,52.500647],[-1.42153,52.498366],[-1.425922,52.495859],[-1.429885,52.493597],[-1.433658,52.491443],[-1.436521,52.48846],[-1.439007,52.48587],[-1.441851,52.482906],[-1.444575,52.480067],[-1.447618,52.476893],[-1.45054,52.473846],[-1.452949,52.471333],[-1.454924,52.469279],[-1.456396,52.466807],[-1.458066,52.464011],[-1.459573,52.461489],[-1.461138,52.458854]]}},{"type":"Feature","properties":{"id":"ohl-144","kind":"ohl","name":"LOVEDEAN - MANNINGTON - NURSLING","voltage":"400","towers":"4YB ROUTE TWR (001 - 115)","status":"C","gid":10004687,"risk":"MEDIUM","floodCodes":["065FWF3008","111FWFAVOM510","065FWF3101"],"floodNames":["River Test at Romsey and Testwood","Middle Hampshire Avon from Salisbury to Ringwood","Landford to Wade Bridge on the River Blackwater"]},"geometry":{"type":"LineString","coordinates":[[-1.489506,50.943658],[-1.494591,50.943733],[-1.498888,50.944431],[-1.503391,50.945158],[-1.508567,50.945323],[-1.514462,50.945517],[-1.519286,50.945685],[-1.522776,50.947253],[-1.526766,50.949058],[-1.530291,50.950651],[-1.533696,50.952191],[-1.537177,50.953753],[-1.539103,50.956001],[-1.541587,50.95887],[-1.543651,50.961258],[-1.546939,50.965053],[-1.548943,50.96737],[-1.551042,50.969798],[-1.55376,50.972942],[-1.557957,50.97556],[-1.56131,50.977666],[-1.565234,50.977816],[-1.571082,50.978041],[-1.575618,50.978213],[-1.580101,50.978391],[-1.584219,50.977804],[-1.589272,50.977093],[-1.594689,50.976322],[-1.598479,50.974097],[-1.602846,50.971534],[-1.606904,50.96915],[-1.610502,50.967034],[-1.614367,50.964773],[-1.61921,50.964285],[-1.623677,50.963845],[-1.628769,50.963344],[-1.633761,50.962849],[-1.639324,50.962121],[-1.64448,50.961444],[-1.649139,50.96131],[-1.654427,50.961156],[-1.659876,50.960992],[-1.665938,50.960814],[-1.671348,50.960658],[-1.676483,50.960508],[-1.681442,50.96036],[-1.686606,50.960208],[-1.692727,50.960022],[-1.697223,50.960427],[-1.702148,50.96087],[-1.706528,50.960918],[-1.711284,50.960975],[-1.716257,50.961033],[-1.720473,50.961084],[-1.725184,50.961139],[-1.731345,50.961209],[-1.73499,50.961251],[-1.7399,50.961707],[-1.744444,50.96213],[-1.748053,50.961975],[-1.752995,50.961769],[-1.758333,50.961535],[-1.761346,50.958623],[-1.764614,50.955452],[-1.767636,50.952528],[-1.772133,50.95208],[-1.77665,50.951635],[-1.781181,50.951185],[-1.785693,50.950739],[-1.790643,50.950247],[-1.795716,50.949744],[-1.800745,50.949237],[-1.804394,50.94728],[-1.80903,50.944777],[-1.813287,50.942478],[-1.816301,50.94085],[-1.819653,50.939023],[-1.82461,50.937852],[-1.829499,50.936697],[-1.833482,50.934479],[-1.836588,50.93276],[-1.841871,50.929837],[-1.845039,50.928076],[-1.845834,50.924544],[-1.846583,50.92119],[-1.847147,50.918659],[-1.847789,50.915785],[-1.8486,50.912243],[-1.84707,50.908527],[-1.845753,50.905283],[-1.844257,50.901604],[-1.842979,50.898441],[-1.84492,50.895878],[-1.847015,50.893112],[-1.84925,50.890185],[-1.849786,50.887501],[-1.850356,50.884718],[-1.851014,50.881493],[-1.851643,50.87843],[-1.852301,50.875138],[-1.854522,50.872843],[-1.855983,50.870498],[-1.857751,50.867674],[-1.859218,50.865313],[-1.864098,50.864682],[-1.868808,50.864071],[-1.873178,50.863503],[-1.878455,50.862817],[-1.883431,50.861658],[-1.887317,50.860754],[-1.891698,50.859737],[-1.892751,50.85698],[-1.893909,50.853955],[-1.895062,50.850938],[-1.894919,50.848252]]}},{"type":"Feature","properties":{"id":"ohl-145","kind":"ohl","name":"LOVEDEAN - MANNINGTON - NURSLING","voltage":"400","towers":"4YB ROUTE TWR (115 - 4YC001 - 115A)","status":"C","gid":10004688,"risk":"LOW","floodCodes":["065FWF3008"],"floodNames":["River Test at Romsey and Testwood"]},"geometry":{"type":"LineString","coordinates":[[-1.487866,50.942777],[-1.487347,50.943652],[-1.489506,50.943658]]}},{"type":"Feature","properties":{"id":"ohl-146","kind":"ohl","name":"FAWLEY - MANNINGTON","voltage":"400","towers":"4YB ROUTE TWR (115 - 4YD062)","status":"C","gid":10004689,"risk":"LOW","floodCodes":["065FWF3008"],"floodNames":["River Test at Romsey and Testwood"]},"geometry":{"type":"LineString","coordinates":[[-1.489561,50.941533],[-1.489562,50.941533],[-1.489506,50.943658]]}},{"type":"Feature","properties":{"id":"ohl-147","kind":"ohl","name":"FAWLEY - MARCHWOOD","voltage":"400","towers":"4YD ROUTE TWR (001 - 047)","status":"C","gid":10004690,"risk":"MEDIUM","floodCodes":["065FWC0201"],"floodNames":["Fawley"]},"geometry":{"type":"LineString","coordinates":[[-1.329785,50.821125],[-1.332231,50.821003],[-1.336582,50.820764],[-1.339315,50.82085],[-1.344514,50.821008],[-1.350279,50.821187],[-1.355581,50.820025],[-1.360934,50.81886],[-1.364796,50.818024],[-1.368925,50.819883],[-1.3735,50.821966],[-1.379141,50.822485],[-1.384677,50.823001],[-1.390621,50.823788],[-1.395743,50.824457],[-1.395717,50.827243],[-1.395689,50.830808],[-1.396261,50.834357],[-1.396742,50.837293],[-1.397173,50.839953],[-1.397747,50.843526],[-1.402584,50.845151],[-1.407204,50.846699],[-1.411879,50.848266],[-1.416867,50.849937],[-1.421668,50.851537],[-1.424833,50.854198],[-1.427771,50.856657],[-1.431081,50.859432],[-1.434061,50.861933],[-1.438022,50.864038],[-1.441491,50.865886],[-1.444879,50.867692],[-1.448732,50.869735],[-1.451325,50.872883],[-1.453691,50.875742],[-1.456056,50.878596],[-1.458026,50.880977],[-1.460106,50.883484],[-1.462176,50.886],[-1.465602,50.888455],[-1.469273,50.891095],[-1.47192,50.892999],[-1.474163,50.894624],[-1.475038,50.897453],[-1.474918,50.899647],[-1.474714,50.903934]]}},{"type":"Feature","properties":{"id":"ohl-148","kind":"ohl","name":"MARCHWOOD - NURSLING","voltage":"400","towers":"4YD ROUTE TWR (047 - 062)","status":"C","gid":10004691,"risk":"MEDIUM","floodCodes":["065FWC0301","065FWF3008"],"floodNames":["Calshot, Hythe, Marchwood, Eling and Redbridge","River Test at Romsey and Testwood"]},"geometry":{"type":"LineString","coordinates":[[-1.474714,50.903934],[-1.475477,50.906874],[-1.476283,50.909964],[-1.47691,50.912361],[-1.477625,50.915102],[-1.47831,50.917815],[-1.480548,50.919983],[-1.483521,50.922899],[-1.485762,50.925109],[-1.485529,50.927438],[-1.485166,50.930921],[-1.484802,50.934443],[-1.484483,50.937473],[-1.48414,50.940506],[-1.486141,50.941513],[-1.489561,50.941533]]}},{"type":"Feature","properties":{"id":"ohl-149","kind":"ohl","name":"FAWLEY - LOVEDEAN","voltage":"400","towers":"4YE ROUTE TWR (022 - 023)","status":"C","gid":10004692,"risk":"LOW","floodCodes":["065FWF3903"],"floodNames":["Whiteley on the Whiteley Stream"]},"geometry":{"type":"LineString","coordinates":[[-1.230539,50.885015],[-1.233043,50.883739]]}},{"type":"Feature","properties":{"id":"ohl-150","kind":"ohl","name":"BOTLEY WOOD - LOVEDEAN","voltage":"400","towers":"4YE ROUTE TWR (023 - 065)","status":"C","gid":10004693,"risk":"MEDIUM","floodCodes":["065FWF4002"],"floodNames":["Wickham on the River Meon"]},"geometry":{"type":"LineString","coordinates":[[-1.042705,50.916923],[-1.04635,50.915728],[-1.050545,50.914717],[-1.054999,50.913639],[-1.059701,50.912502],[-1.064002,50.911462],[-1.068606,50.910348],[-1.073612,50.909133],[-1.078749,50.908862],[-1.080875,50.906123],[-1.082974,50.903415],[-1.085062,50.900719],[-1.087954,50.900423],[-1.093986,50.899803],[-1.099091,50.899281],[-1.103539,50.89843],[-1.107738,50.897629],[-1.112609,50.8967],[-1.117409,50.895784],[-1.121327,50.895038],[-1.127096,50.893936],[-1.131656,50.893074],[-1.135019,50.891358],[-1.138479,50.889606],[-1.141517,50.888064],[-1.145433,50.886081],[-1.149634,50.887109],[-1.154348,50.888265],[-1.159147,50.889445],[-1.164953,50.890867],[-1.169791,50.892054],[-1.17528,50.893405],[-1.180454,50.894666],[-1.185501,50.893836],[-1.19005,50.893085],[-1.194823,50.892292],[-1.199408,50.891535],[-1.203895,50.890792],[-1.209292,50.889898],[-1.214313,50.889027],[-1.21889,50.888233],[-1.223695,50.887405],[-1.227109,50.886205],[-1.230539,50.885015]]}},{"type":"Feature","properties":{"id":"ohl-151","kind":"ohl","name":"ABHAM - EXETER - LANGAGE 1","voltage":"400","towers":"4YF ROUTE TWR (075 - 148)","status":"C","gid":10004694,"risk":"MEDIUM","floodCodes":["113FWF2C0C","113FWF2B0A","113FWF2A0A"],"floodNames":["River Dart from Buckfastleigh to Totnes, including Staverton","River Avon from Didworthy to Aveton Gifford","River Erme from Ivybridge to Ermington"]},"geometry":{"type":"LineString","coordinates":[[-3.996158,50.37543],[-3.991748,50.375448],[-3.986926,50.375467],[-3.982317,50.375477],[-3.978664,50.376859],[-3.975244,50.378146],[-3.971342,50.379624],[-3.966006,50.379064],[-3.961012,50.378547],[-3.957068,50.378142],[-3.952095,50.377623],[-3.946976,50.377092],[-3.943236,50.376704],[-3.940096,50.376382],[-3.936516,50.377509],[-3.933409,50.378488],[-3.929169,50.379826],[-3.926328,50.380723],[-3.921339,50.382298],[-3.917239,50.383597],[-3.913274,50.383688],[-3.909011,50.383794],[-3.905868,50.383865],[-3.902047,50.384657],[-3.897357,50.38562],[-3.894208,50.386266],[-3.890235,50.387084],[-3.887829,50.387572],[-3.883555,50.389597],[-3.879002,50.39176],[-3.874573,50.393862],[-3.869632,50.395127],[-3.864314,50.396495],[-3.86018,50.397555],[-3.855422,50.398774],[-3.85148,50.400654],[-3.847989,50.402313],[-3.844343,50.404045],[-3.840271,50.40598],[-3.836114,50.407956],[-3.832253,50.409781],[-3.829162,50.412124],[-3.825045,50.415232],[-3.822568,50.417102],[-3.821111,50.418201],[-3.81838,50.42026],[-3.81597,50.42209],[-3.812111,50.424152],[-3.808842,50.425903],[-3.80494,50.428001],[-3.80117,50.430021],[-3.798597,50.4314],[-3.794046,50.433842],[-3.790927,50.435517],[-3.790191,50.437655],[-3.788842,50.441567],[-3.787996,50.444056],[-3.784509,50.446367],[-3.780789,50.448844],[-3.777368,50.45112],[-3.774519,50.453016],[-3.771314,50.453937],[-3.767392,50.455072],[-3.763477,50.456208],[-3.758741,50.457582],[-3.755855,50.458421],[-3.752029,50.459286],[-3.747125,50.460399],[-3.743495,50.461221],[-3.738465,50.462362],[-3.733281,50.463534],[-3.730728,50.464973],[-3.730891,50.467272],[-3.731099,50.470489],[-3.731111,50.470504]]}},{"type":"Feature","properties":{"id":"ohl-152","kind":"ohl","name":"ABHAM - EXETER - LANGAGE 2","voltage":"400","towers":"4YF ROUTE TWR (148 - 148A - 149)","status":"C","gid":10004695,"risk":"SAFE","floodCodes":[],"floodNames":[]},"geometry":{"type":"LineString","coordinates":[[-3.731111,50.470504],[-3.732251,50.471829],[-3.73108,50.472342]]}},{"type":"Feature","properties":{"id":"ohl-153","kind":"ohl","name":"ABHAM - EXETER - LANGAGE 1","voltage":"400","towers":"4YF ROUTE TWR (149 - 308)","status":"C","gid":10004696,"risk":"MEDIUM","floodCodes":["113FWF2F1C","113FWF2F1A","113FWF2F2A","113FWF2G7A","113FWF2G4C","113FWFEXE12","113FWFEXE07","113FWF2F0A"],"floodNames":["River Teign (Lower) from Chudleigh to Kingsteignton","River Teign (Upper) from Clifford Bridge to Chudleigh","River Bovey at Bovey Tracey and Heathfield","River Clyst from Broadclyst to Clyst St. Mary","River Culm (Lower) from Cullompton to Stoke Canon, including Hele","River Exe at riverside locations in Exeter, including St Andrew's Road, The Quay and Countess Wear","River Exe from Tiverton to Exeter, including Bickleigh","River Lemon from Bickington to Newton Abbot"]},"geometry":{"type":"LineString","coordinates":[[-3.405865,50.768532],[-3.407497,50.768728],[-3.410412,50.766475],[-3.413708,50.766456],[-3.418139,50.76643],[-3.421088,50.766419],[-3.423637,50.767754],[-3.426359,50.769187],[-3.429597,50.77089],[-3.434278,50.770462],[-3.438325,50.770095],[-3.442299,50.769735],[-3.4461,50.76939],[-3.449564,50.769071],[-3.454731,50.769519],[-3.459218,50.769904],[-3.463627,50.770283],[-3.468864,50.770732],[-3.473937,50.771168],[-3.477973,50.771513],[-3.481988,50.771858],[-3.486843,50.772271],[-3.492598,50.772766],[-3.496762,50.773121],[-3.500428,50.771324],[-3.50411,50.76952],[-3.50782,50.767705],[-3.511424,50.765941],[-3.515187,50.763587],[-3.518349,50.761612],[-3.522245,50.759179],[-3.525358,50.75723],[-3.529679,50.756008],[-3.533804,50.754835],[-3.537248,50.753858],[-3.541204,50.752746],[-3.543543,50.75154],[-3.546178,50.750203],[-3.548963,50.748782],[-3.549626,50.746997],[-3.550411,50.744862],[-3.55143,50.742044],[-3.554656,50.741365],[-3.558073,50.740635],[-3.562046,50.739786],[-3.565607,50.739027],[-3.568781,50.735225],[-3.570928,50.732647],[-3.574018,50.728954],[-3.574718,50.725234],[-3.575001,50.723743],[-3.575537,50.72094],[-3.576158,50.717684],[-3.576677,50.714988],[-3.57727,50.71193],[-3.58265,50.70842],[-3.583992,50.707357],[-3.585389,50.706248],[-3.58699,50.704978],[-3.591009,50.70179],[-3.593429,50.699859],[-3.596418,50.698915],[-3.601802,50.697198],[-3.604898,50.696207],[-3.605194,50.691413],[-3.604752,50.68897],[-3.604105,50.685357],[-3.603691,50.682985],[-3.606202,50.680478],[-3.607321,50.679359],[-3.609779,50.676917],[-3.612488,50.674221],[-3.612569,50.671469],[-3.609525,50.669415],[-3.606499,50.667375],[-3.603288,50.666188],[-3.600683,50.66522],[-3.600382,50.663332],[-3.600137,50.661811],[-3.59935,50.656917],[-3.59849,50.654443],[-3.597755,50.652376],[-3.598144,50.649911],[-3.598565,50.647184],[-3.59887,50.645209],[-3.599772,50.64303],[-3.601303,50.639315],[-3.602263,50.636976],[-3.603606,50.633717],[-3.604602,50.631331],[-3.609324,50.629094],[-3.611354,50.628134],[-3.616401,50.625751],[-3.620624,50.623754],[-3.62381,50.622247],[-3.626309,50.621065],[-3.625111,50.619065],[-3.623198,50.615876],[-3.621968,50.61383],[-3.620626,50.611596],[-3.622374,50.610177],[-3.624207,50.608688],[-3.627595,50.605934],[-3.629149,50.604668],[-3.631956,50.602387],[-3.636079,50.599029],[-3.638001,50.597467],[-3.640646,50.595315],[-3.642792,50.592568],[-3.644868,50.589903],[-3.646987,50.587186],[-3.6492,50.584337],[-3.646548,50.581004],[-3.644324,50.578196],[-3.642557,50.575995],[-3.642425,50.573356],[-3.642237,50.57023],[-3.64549,50.568524],[-3.648709,50.566831],[-3.652713,50.564727],[-3.656357,50.562811],[-3.659504,50.561157],[-3.662061,50.559812],[-3.66216,50.557176],[-3.662247,50.55468],[-3.66236,50.551455],[-3.662484,50.547918],[-3.663568,50.545382],[-3.665087,50.541833],[-3.666103,50.539457],[-3.667154,50.537006],[-3.668701,50.533411],[-3.67264,50.531135],[-3.67629,50.529033],[-3.678676,50.527658],[-3.682351,50.525026],[-3.684899,50.523204],[-3.688297,50.520756],[-3.692126,50.519393],[-3.697099,50.517612],[-3.70161,50.516003],[-3.704513,50.513806],[-3.707178,50.511801],[-3.710391,50.509398],[-3.711434,50.50671],[-3.712549,50.503882],[-3.713221,50.502177],[-3.714015,50.500184],[-3.71426,50.497505],[-3.714569,50.49415],[-3.714823,50.491438],[-3.715129,50.488145],[-3.715357,50.485678],[-3.715691,50.482091],[-3.718415,50.480838],[-3.720995,50.479645],[-3.723701,50.478397],[-3.727998,50.476411],[-3.730787,50.475121],[-3.73108,50.472342]]}},{"type":"Feature","properties":{"id":"ohl-154","kind":"ohl","name":"COWLEY - LEIGHTON BUZZARD - SUNDON","voltage":"400","towers":"4YH ROUTE TWR (001 - 001A - 4YJ086A)","status":"C","gid":10004697,"risk":"SAFE","floodCodes":[],"floodNames":[]},"geometry":{"type":"LineString","coordinates":[[-0.90732,51.924728],[-0.905862,51.924912],[-0.905858,51.924917]]}},{"type":"Feature","properties":{"id":"ohl-155","kind":"ohl","name":"COWLEY - EAST CLAYDON","voltage":"400","towers":"4YH ROUTE TWR (001 - 107)","status":"C","gid":10004698,"risk":"LOW","floodCodes":["061FWF14Murcott","061FWF19Thame"],"floodNames":["River Ray from the Heath Bridge area to and including the Otmoor Basin","River Thame from North Aylesbury to Chiselhampton"]},"geometry":{"type":"LineString","coordinates":[[-0.90732,51.924728],[-0.908048,51.924975],[-0.909256,51.922094],[-0.911465,51.919263],[-0.91378,51.916294],[-0.916481,51.912819],[-0.918393,51.910361],[-0.920888,51.907159],[-0.923362,51.903959],[-0.926697,51.901761],[-0.930276,51.899392],[-0.933854,51.897027],[-0.936541,51.895249],[-0.940075,51.892909],[-0.943897,51.890379],[-0.947491,51.888002],[-0.951026,51.885662],[-0.954063,51.883656],[-0.957485,51.882351],[-0.961324,51.88089],[-0.965697,51.879228],[-0.969667,51.877719],[-0.973645,51.876208],[-0.977531,51.87473],[-0.981589,51.873187],[-0.984882,51.871937],[-0.990863,51.871902],[-0.995644,51.871872],[-1.000219,51.871847],[-1.0046,51.87182],[-1.009006,51.871795],[-1.012795,51.871767],[-1.018134,51.871229],[-1.022907,51.87075],[-1.027874,51.870253],[-1.03269,51.869765],[-1.037904,51.869241],[-1.043173,51.868708],[-1.048513,51.868171],[-1.054115,51.86761],[-1.059578,51.867068],[-1.06436,51.865365],[-1.069578,51.863513],[-1.073016,51.862294],[-1.077523,51.860692],[-1.081704,51.859208],[-1.085762,51.857767],[-1.089015,51.856618],[-1.089046,51.85382],[-1.089079,51.851077],[-1.089113,51.847839],[-1.092007,51.845934],[-1.095406,51.843696],[-1.099015,51.841312],[-1.101896,51.839416],[-1.105969,51.83673],[-1.109903,51.834135],[-1.108817,51.83098],[-1.107553,51.827278],[-1.106547,51.824318],[-1.10545,51.821099],[-1.1043,51.817722],[-1.103353,51.814936],[-1.100603,51.811683],[-1.098687,51.809417],[-1.09654,51.806873],[-1.094221,51.804125],[-1.091996,51.801488],[-1.089574,51.798618],[-1.087264,51.79588],[-1.084984,51.793174],[-1.082243,51.789926],[-1.079924,51.787187],[-1.081969,51.784177],[-1.083967,51.781228],[-1.086247,51.777859],[-1.087882,51.775444],[-1.088867,51.772113],[-1.089747,51.769095],[-1.093071,51.766341],[-1.09624,51.7637],[-1.099651,51.760861],[-1.102404,51.758567],[-1.105423,51.756054],[-1.108492,51.753496],[-1.111792,51.750746],[-1.114318,51.748644],[-1.118056,51.745532],[-1.121061,51.743019],[-1.125108,51.741803],[-1.129563,51.740465],[-1.133148,51.739387],[-1.136394,51.738407],[-1.141291,51.737879],[-1.147203,51.737238],[-1.151354,51.736791],[-1.154887,51.735112],[-1.157525,51.733865],[-1.161448,51.73201],[-1.165199,51.730237],[-1.168634,51.728612],[-1.171948,51.727044],[-1.175784,51.725228],[-1.179961,51.723252],[-1.184527,51.721098],[-1.186523,51.718344],[-1.188757,51.715283],[-1.190833,51.71251]]}},{"type":"Feature","properties":{"id":"ohl-156","kind":"ohl","name":"EAST CLAYDON - LEIGHTON BUZZARD - SUNDON","voltage":"400","towers":"4YJ ROUTE TWR (001A - 002)","status":"C","gid":10004699,"risk":"SAFE","floodCodes":[],"floodNames":[]},"geometry":{"type":"LineString","coordinates":[[-0.507848,51.934117],[-0.504827,51.936581]]}},{"type":"Feature","properties":{"id":"ohl-157","kind":"ohl","name":"COWLEY - LEIGHTON BUZZARD - SUNDON","voltage":"400","towers":"4YJ ROUTE TWR (001B - 002)","status":"C","gid":10004700,"risk":"SAFE","floodCodes":[],"floodNames":[]},"geometry":{"type":"LineString","coordinates":[[-0.507848,51.934117],[-0.504257,51.935816]]}},{"type":"Feature","properties":{"id":"ohl-158","kind":"ohl","name":"BRAMFORD - PELHAM","voltage":"400","towers":"4YL ROUTE TWR (001 - 073)","status":"C","gid":10004701,"risk":"MEDIUM","floodCodes":["051FWFEF3A","054FWFSF5A","054FWFSF5B"],"floodNames":["The River Stour from Sudbury to Boxted","The River Box from Boxford to Thorrington Street","The River Brett from Lavenham to Higham"]},"geometry":{"type":"LineString","coordinates":[[1.059042,52.070566],[1.057667,52.072762],[1.053077,52.072349],[1.050638,52.069757],[1.048221,52.067194],[1.045696,52.06451],[1.042334,52.06092],[1.037597,52.059252],[1.03368,52.057865],[1.028819,52.056143],[1.023594,52.054294],[1.018654,52.052542],[1.015909,52.049173],[1.013565,52.04629],[1.010889,52.042999],[1.008355,52.039884],[1.006056,52.037048],[1.001003,52.036391],[0.996037,52.035742],[0.991461,52.035144],[0.98675,52.034532],[0.98137,52.033828],[0.975921,52.033119],[0.970598,52.03242],[0.966123,52.031836],[0.961421,52.031228],[0.955692,52.029376],[0.951452,52.028001],[0.94713,52.027118],[0.941807,52.02603],[0.936217,52.024883],[0.93177,52.023971],[0.927357,52.023069],[0.922614,52.021842],[0.917622,52.020554],[0.913169,52.019404],[0.908469,52.018191],[0.903858,52.017],[0.899258,52.015813],[0.894315,52.014535],[0.889321,52.013243],[0.884471,52.011991],[0.880142,52.010872],[0.875856,52.009758],[0.871672,52.009342],[0.865871,52.008756],[0.860877,52.008252],[0.855181,52.00768],[0.849406,52.006247],[0.844466,52.005024],[0.840042,52.003931],[0.835631,52.002838],[0.831592,52.001838],[0.827789,52.000896],[0.822958,51.999701],[0.817543,51.999528],[0.813739,51.999408],[0.809144,51.999263],[0.803093,51.99907],[0.797486,51.998891],[0.791483,51.998701],[0.786543,51.998539],[0.780522,51.998727],[0.774942,51.998901],[0.768939,51.999082],[0.764355,51.999226],[0.759063,51.999382],[0.753037,51.999567],[0.748017,51.99972],[0.741292,51.999924],[0.736301,52.000073],[0.732026,52.000204],[0.725502,52.000409]]}},{"type":"Feature","properties":{"id":"ohl-159","kind":"ohl","name":"BRAMFORD - PELHAM","voltage":"400","towers":"4YL ROUTE TWR (191 - 192A)","status":"C","gid":10004702,"risk":"SAFE","floodCodes":[],"floodNames":[]},"geometry":{"type":"LineString","coordinates":[[0.122795,51.934091],[0.120377,51.935537]]}},{"type":"Feature","properties":{"id":"ohl-160","kind":"ohl","name":"BRAINTREE - PELHAM - RAYLEIGH MAIN","voltage":"400","towers":"4YL ROUTE TWR (191 - 192B)","status":"C","gid":10004703,"risk":"SAFE","floodCodes":[],"floodNames":[]},"geometry":{"type":"LineString","coordinates":[[0.122795,51.934091],[0.120459,51.934522]]}},{"type":"Feature","properties":{"id":"ohl-161","kind":"ohl","name":"BRAINTREE - PELHAM - RAYLEIGH MAIN","voltage":"400","towers":"4YLA ROUTE TWR (001 - 061)","status":"C","gid":10004704,"risk":"MEDIUM","floodCodes":["051FWFEF4B","051FWFEF5B"],"floodNames":["The River Colne from Halstead to Lexden","The River Blackwater from Braintree to Langford"]},"geometry":{"type":"LineString","coordinates":[[0.578925,51.863807],[0.578925,51.863807],[0.58381,51.863015],[0.588281,51.862279],[0.592772,51.862821],[0.597021,51.863323],[0.601229,51.863824],[0.606442,51.864445],[0.611708,51.864865],[0.616102,51.865215],[0.620727,51.865585],[0.626835,51.866072],[0.632322,51.866507],[0.637752,51.86694],[0.643388,51.867382],[0.644734,51.870853],[0.646051,51.874252],[0.647442,51.877833],[0.648755,51.881194],[0.649988,51.8844],[0.652136,51.887342],[0.654495,51.890579],[0.656593,51.893483],[0.661917,51.894072],[0.667196,51.894669],[0.673381,51.895366],[0.678788,51.895967],[0.682697,51.898341],[0.686925,51.900897],[0.691086,51.903412],[0.695096,51.905838],[0.698893,51.908135],[0.70263,51.910394],[0.706842,51.912939],[0.710833,51.915351],[0.715207,51.917999],[0.71817,51.919792],[0.721031,51.921521],[0.724246,51.923465],[0.728227,51.925859],[0.727885,51.929207],[0.727538,51.932722],[0.727196,51.936177],[0.726837,51.93981],[0.726551,51.942659],[0.725969,51.946194],[0.725538,51.948805],[0.725003,51.952044],[0.724449,51.955378],[0.723819,51.959227],[0.7234,51.961697],[0.723614,51.965305],[0.723793,51.968317],[0.72277,51.971883],[0.721755,51.975442],[0.72085,51.978617],[0.721635,51.981341],[0.72254,51.984406],[0.722517,51.987526],[0.722509,51.990866],[0.722494,51.994745],[0.72248,51.997275],[0.725515,52.000409]]}},{"type":"Feature","properties":{"id":"ohl-162","kind":"ohl","name":"KINGSNORTH - NORTHFLEET EAST","voltage":"400","towers":"4YN ROUTE TWR (001 - 050)","status":"C","gid":10004705,"risk":"MEDIUM","floodCodes":["064FWT1KentMarsh","064FWT1Medway"],"floodNames":["North Kent Marshes between Shorne Marsh and Allhallows","Tidal River Medway and Medway estuary"]},"geometry":{"type":"LineString","coordinates":[[0.391446,51.40529],[0.39274,51.407135],[0.393863,51.408759],[0.395597,51.41127],[0.399843,51.412745],[0.404031,51.414202],[0.4082,51.415654],[0.411693,51.41687],[0.416464,51.418532],[0.421235,51.420183],[0.423225,51.422611],[0.425599,51.425499],[0.427861,51.428252],[0.430458,51.431412],[0.432999,51.434502],[0.43535,51.437371],[0.440959,51.438198],[0.446053,51.438953],[0.450842,51.440585],[0.456031,51.442352],[0.460815,51.443992],[0.465836,51.444222],[0.471569,51.444497],[0.475757,51.442674],[0.481615,51.443082],[0.486322,51.443402],[0.492316,51.443799],[0.497789,51.444165],[0.503492,51.444548],[0.507561,51.444829],[0.512409,51.444766],[0.517181,51.444713],[0.523699,51.44464],[0.528349,51.444587],[0.534536,51.444517],[0.539686,51.444458],[0.543569,51.444415],[0.550273,51.444336],[0.554885,51.444286],[0.558359,51.442819],[0.562228,51.441194],[0.565767,51.439705],[0.569059,51.438322],[0.572355,51.436934],[0.574883,51.43413],[0.577814,51.430876],[0.580514,51.427868],[0.583455,51.424604],[0.586278,51.42147],[0.591067,51.419379],[0.596467,51.418593]]}},{"type":"Feature","properties":{"id":"ohl-163","kind":"ohl","name":"KINGSNORTH - NORTHFLEET EAST","voltage":"400","towers":"4YN ROUTE TWR (050 - 054 - YN055)","status":"C","gid":10004706,"risk":"SAFE","floodCodes":[],"floodNames":[]},"geometry":{"type":"LineString","coordinates":[[0.374864,51.401363],[0.380753,51.402204],[0.38491,51.402791],[0.390265,51.403542],[0.391446,51.40529]]}},{"type":"Feature","properties":{"id":"ohl-164","kind":"ohl","name":"BUSTLEHOLM - DRAKELOW 1","voltage":"400","towers":"4YP ROUTE TWR (002 - 101)","status":"C","gid":10004709,"risk":"LOW","floodCodes":["033FWF3TAME006"],"floodNames":["River Tame at Ray Hall Water Works"]},"geometry":{"type":"LineString","coordinates":[[-1.653132,52.771939],[-1.652251,52.769311],[-1.6524,52.766345],[-1.653241,52.763966],[-1.654361,52.760759],[-1.655255,52.7582],[-1.656272,52.755277],[-1.658832,52.752772],[-1.662301,52.749355],[-1.664909,52.746791],[-1.668012,52.743738],[-1.670174,52.741609],[-1.672906,52.738926],[-1.675909,52.735968],[-1.678924,52.733002],[-1.682071,52.729897],[-1.684875,52.727138],[-1.687467,52.724584],[-1.690117,52.721973],[-1.69253,52.719597],[-1.694977,52.717198],[-1.699907,52.715801],[-1.704589,52.714485],[-1.709007,52.713242],[-1.713671,52.711928],[-1.718594,52.710545],[-1.722811,52.709358],[-1.727278,52.708102],[-1.731469,52.706624],[-1.737031,52.704662],[-1.741906,52.702938],[-1.74386,52.700165],[-1.748498,52.698405],[-1.75266,52.696823],[-1.757415,52.695024],[-1.761539,52.69346],[-1.765982,52.691775],[-1.771044,52.689857],[-1.775844,52.688036],[-1.780025,52.686452],[-1.785294,52.684458],[-1.788991,52.682015],[-1.793365,52.679127],[-1.796817,52.676864],[-1.800762,52.674263],[-1.804482,52.671819],[-1.808348,52.669269],[-1.811693,52.667065],[-1.815964,52.664248],[-1.818485,52.662589],[-1.821616,52.660525],[-1.824731,52.658473],[-1.828114,52.656242],[-1.83135,52.654093],[-1.836533,52.652658],[-1.840936,52.651435],[-1.844405,52.649135],[-1.848102,52.64669],[-1.851637,52.644353],[-1.855398,52.641859],[-1.859305,52.639272],[-1.863375,52.636591],[-1.86721,52.634048],[-1.870483,52.631878],[-1.874597,52.629162],[-1.877872,52.626994],[-1.881955,52.624281],[-1.885933,52.621666],[-1.887809,52.619237],[-1.890622,52.615615],[-1.892845,52.61276],[-1.894624,52.610468],[-1.897328,52.606994],[-1.899233,52.604379],[-1.901394,52.601406],[-1.903084,52.599082],[-1.905611,52.595601],[-1.907594,52.592878],[-1.90987,52.589928],[-1.911792,52.58743],[-1.910639,52.58505],[-1.909328,52.582346],[-1.907944,52.579493],[-1.906664,52.576862],[-1.905401,52.574253],[-1.904177,52.571731],[-1.906502,52.569124],[-1.909605,52.568006],[-1.913376,52.56665],[-1.918071,52.564965],[-1.921013,52.563535],[-1.92526,52.561474],[-1.929547,52.559395],[-1.931594,52.555921],[-1.932795,52.553885],[-1.936722,52.552766],[-1.940908,52.551582],[-1.945186,52.551871],[-1.951439,52.552306],[-1.954609,52.552985],[-1.957795,52.552569]]}},{"type":"Feature","properties":{"id":"ohl-165","kind":"ohl","name":"EGGBOROUGH - FERRYBRIDGE 'C'","voltage":"400","towers":"4YR ROUTE TWR (001 - 020)","status":"C","gid":10004711,"risk":"MEDIUM","floodCodes":["123FWF137"],"floodNames":["River Aire at Ferrybridge"]},"geometry":{"type":"LineString","coordinates":[[-1.285378,53.715363],[-1.280994,53.714234],[-1.27558,53.71564],[-1.270687,53.716142],[-1.267293,53.716495],[-1.264429,53.716801],[-1.259101,53.716429],[-1.254658,53.716122],[-1.249123,53.715738],[-1.243716,53.715364],[-1.238279,53.714991],[-1.232966,53.714621],[-1.227608,53.714249],[-1.221292,53.713815],[-1.216004,53.713451],[-1.215465,53.71009],[-1.214916,53.706707],[-1.214309,53.704327],[-1.212284,53.703195],[-1.209393,53.701611]]}},{"type":"Feature","properties":{"id":"ohl-166","kind":"ohl","name":"EGGBOROUGH - FERRYBRIDGE 'C'","voltage":"400","towers":"4YR ROUTE TWR (020 - 021)","status":"C","gid":10004712,"risk":"LOW","floodCodes":["123FWF137"],"floodNames":["River Aire at Ferrybridge"]},"geometry":{"type":"LineString","coordinates":[[-1.286073,53.716947],[-1.285378,53.715363]]}},{"type":"Feature","properties":{"id":"ohl-167","kind":"ohl","name":"EGGBOROUGH - MONK FRYSTON 1","voltage":"400","towers":"4YS ROUTE TWR (001 - 030)","status":"C","gid":10004713,"risk":"MEDIUM","floodCodes":["123FWF139"],"floodNames":["River Aire at Birkin"]},"geometry":{"type":"LineString","coordinates":[[-1.265936,53.756194],[-1.26593,53.756193],[-1.260506,53.755197],[-1.255145,53.754259],[-1.25042,53.753432],[-1.245553,53.752581],[-1.240325,53.751665],[-1.235322,53.75079],[-1.22989,53.749841],[-1.224799,53.748871],[-1.219943,53.747946],[-1.214507,53.746909],[-1.209321,53.745924],[-1.204152,53.744939],[-1.198723,53.743905],[-1.1937,53.742948],[-1.188287,53.741914],[-1.182799,53.740867],[-1.178017,53.739962],[-1.173872,53.738202],[-1.169515,53.73636],[-1.165191,53.734529],[-1.160433,53.73252],[-1.155618,53.730483],[-1.151339,53.728798],[-1.146625,53.726943],[-1.142331,53.725263],[-1.139723,53.722095],[-1.137392,53.719657],[-1.133757,53.715845],[-1.130664,53.714597]]}},{"type":"Feature","properties":{"id":"ohl-168","kind":"ohl","name":"MONK FRYSTON - PADIHAM","voltage":"400","towers":"4YS ROUTE TWR (030 - 4ZZ001)","status":"C","gid":10004714,"risk":"SAFE","floodCodes":[],"floodNames":[]},"geometry":{"type":"LineString","coordinates":[[-1.268415,53.756682],[-1.265936,53.756194]]}},{"type":"Feature","properties":{"id":"ohl-169","kind":"ohl","name":"PEMBROKE-WALHAM","voltage":"400","towers":"4YU  ROUTE (TWR 1 - 167)","status":"C","gid":10004715,"risk":"SAFE","floodCodes":[],"floodNames":[]},"geometry":{"type":"LineString","coordinates":[[-2.636065,51.876474],[-2.637153,51.875332],[-2.641291,51.875317],[-2.646678,51.875294],[-2.650571,51.875276],[-2.655217,51.875254],[-2.661465,51.875226],[-2.666906,51.875202],[-2.670493,51.875182],[-2.674692,51.875164],[-2.677438,51.876536],[-2.68108,51.878354],[-2.684691,51.880169],[-2.689672,51.87951],[-2.695573,51.878735],[-2.701121,51.878002],[-2.706572,51.877282],[-2.711598,51.876618],[-2.717653,51.875819],[-2.723068,51.875103],[-2.728459,51.874395],[-2.732152,51.872675],[-2.735527,51.871113],[-2.739169,51.869421],[-2.742341,51.867957],[-2.746648,51.867939],[-2.751148,51.867926],[-2.755272,51.867913],[-2.760412,51.867893],[-2.766476,51.867875],[-2.771564,51.86786],[-2.77718,51.867847],[-2.782391,51.866586],[-2.786827,51.86552],[-2.792242,51.864217],[-2.797643,51.862918],[-2.803066,51.861612],[-2.808219,51.860372],[-2.812903,51.859243],[-2.818386,51.857923],[-2.823313,51.856736],[-2.826974,51.855853],[-2.830513,51.855109],[-2.837905,51.853555],[-2.841419,51.852819],[-2.847968,51.851445],[-2.851081,51.85079],[-2.857389,51.849467],[-2.863826,51.848112],[-2.8676,51.847321],[-2.870849,51.843806],[-2.873056,51.841422],[-2.87597,51.839082],[-2.879925,51.835918],[-2.882921,51.833514],[-2.886933,51.830302],[-2.889348,51.828361],[-2.892896,51.826632],[-2.898029,51.824133],[-2.90173,51.82233],[-2.905737,51.820375],[-2.910441,51.818082],[-2.914852,51.815934],[-2.919264,51.81378],[-2.923577,51.811675],[-2.92775,51.809644],[-2.932995,51.81011],[-2.936815,51.812881],[-2.941728,51.814601],[-2.945983,51.816097],[-2.950017,51.817522],[-2.955796,51.816535],[-2.96124,51.815615],[-2.966641,51.814701],[-2.971197,51.813933],[-2.975799,51.813158],[-2.980933,51.812549],[-2.985251,51.812036],[-2.988677,51.811628],[-2.994561,51.811928],[-2.997419,51.81208],[-3.000667,51.810846],[-3.004108,51.809546],[-3.008503,51.80788],[-3.013006,51.809392],[-3.018454,51.811221],[-3.023183,51.812807],[-3.026819,51.814028],[-3.030595,51.815293],[-3.034124,51.815876],[-3.039926,51.81683],[-3.043757,51.817888],[-3.048307,51.819142],[-3.052674,51.820346],[-3.058175,51.821144],[-3.062867,51.821826],[-3.067597,51.822519],[-3.073517,51.821491],[-3.078532,51.820622],[-3.084109,51.819652],[-3.088935,51.818817],[-3.094216,51.818372],[-3.100163,51.817874],[-3.104585,51.816445],[-3.108371,51.815225],[-3.111435,51.814232],[-3.112689,51.812121],[-3.114115,51.809723],[-3.115775,51.806919],[-3.118287,51.805547],[-3.120749,51.804193],[-3.121884,51.802113],[-3.122807,51.800421],[-3.125674,51.800075],[-3.128869,51.799687],[-3.132342,51.799267],[-3.136303,51.799912],[-3.138967,51.801542],[-3.142909,51.802843],[-3.145797,51.803793],[-3.146065,51.806542],[-3.149401,51.807918],[-3.15273,51.809294],[-3.155887,51.810275],[-3.158323,51.811032],[-3.161409,51.811993],[-3.16499,51.813106],[-3.168266,51.814123],[-3.171533,51.815139],[-3.174262,51.815986],[-3.177288,51.81692],[-3.18078,51.816428],[-3.184009,51.815968],[-3.187449,51.815476],[-3.191381,51.814917],[-3.194331,51.814495],[-3.197631,51.814023],[-3.201163,51.813519],[-3.204283,51.813075],[-3.207688,51.812588],[-3.211205,51.812084],[-3.214621,51.811595],[-3.218274,51.811075],[-3.220996,51.810686],[-3.2235,51.810328],[-3.226353,51.809924],[-3.228879,51.808614]]}},{"type":"Feature","properties":{"id":"ohl-170","kind":"ohl","name":"PEMBROKE-WALHAM","voltage":"400","towers":"4YU  ROUTE (TWR 1 - 167)","status":"C","gid":10004716,"risk":"SAFE","floodCodes":[],"floodNames":[]},"geometry":{"type":"LineString","coordinates":[[-3.228879,51.808614],[-3.228054,51.808425],[-3.227324,51.808517]]}},{"type":"Feature","properties":{"id":"ohl-171","kind":"ohl","name":"PEMBROKE-WALHAM","voltage":"400","towers":"4YU  ROUTE (TWR 1 - 167)","status":"C","gid":10004717,"risk":"SAFE","floodCodes":[],"floodNames":[]},"geometry":{"type":"LineString","coordinates":[[-3.228879,51.808614],[-3.232134,51.806907],[-3.234651,51.805597],[-3.237424,51.804153],[-3.240263,51.802674],[-3.243191,51.801148],[-3.245947,51.799714],[-3.249008,51.79812],[-3.251972,51.796579],[-3.254975,51.795013],[-3.257434,51.794703],[-3.261413,51.794197],[-3.264603,51.79333],[-3.268092,51.792381],[-3.270487,51.791729],[-3.274117,51.790741],[-3.277638,51.789782],[-3.280947,51.788883],[-3.283941,51.788068],[-3.287179,51.787186],[-3.290436,51.7863],[-3.293638,51.785427],[-3.297139,51.78448],[-3.299409,51.78311],[-3.302571,51.781213],[-3.305276,51.779597],[-3.307039,51.777601],[-3.308641,51.775796],[-3.31047,51.773733],[-3.312084,51.771916],[-3.313862,51.769915],[-3.31571,51.767829],[-3.317296,51.766046],[-3.318523,51.764664],[-3.319659,51.763388],[-3.321623,51.761167],[-3.322547,51.758703],[-3.323255,51.756797],[-3.325344,51.754988],[-3.326906,51.75363],[-3.329663,51.751232],[-3.331282,51.749824],[-3.333223,51.748136],[-3.33546,51.74619],[-3.337418,51.744487],[-3.33968,51.742522],[-3.341713,51.740753],[-3.343444,51.739242],[-3.346395,51.738123],[-3.349348,51.737],[-3.352453,51.73582],[-3.355449,51.734679],[-3.359018,51.73332],[-3.362969,51.732621],[-3.367211,51.731869],[-3.372073,51.731015],[-3.377244,51.730102]]}},{"type":"Feature","properties":{"id":"ohl-172","kind":"ohl","name":"PEMBROKE-WALHAM","voltage":"400","towers":"4YU  ROUTE (TWR 1 - 167)","status":"C","gid":10004718,"risk":"SAFE","floodCodes":[],"floodNames":[]},"geometry":{"type":"LineString","coordinates":[[-3.377244,51.730102],[-3.384113,51.729975],[-3.388782,51.729894],[-3.393968,51.729799],[-3.398016,51.729726],[-3.400804,51.729675],[-3.404004,51.729616],[-3.407352,51.729556],[-3.411177,51.729485],[-3.414453,51.728644],[-3.417736,51.7278],[-3.422426,51.726594],[-3.427951,51.725171],[-3.432818,51.723915],[-3.436941,51.725538],[-3.441322,51.727259],[-3.446622,51.729343],[-3.447565,51.731877],[-3.448566,51.734569],[-3.449498,51.737079],[-3.451101,51.739387],[-3.453011,51.742168],[-3.456237,51.742568],[-3.462425,51.743082],[-3.467604,51.743512],[-3.472147,51.743888],[-3.477591,51.744339],[-3.48338,51.744819],[-3.488746,51.745264],[-3.493803,51.745683],[-3.499139,51.746127],[-3.504691,51.74634],[-3.510024,51.74655],[-3.514127,51.746711],[-3.520423,51.746957],[-3.526005,51.747176],[-3.530652,51.747355],[-3.535418,51.747543],[-3.540556,51.747746],[-3.545279,51.747927],[-3.547937,51.74803],[-3.552475,51.748208],[-3.555792,51.748347],[-3.559543,51.74708],[-3.562931,51.745945],[-3.56876,51.746858],[-3.573938,51.747667],[-3.579542,51.748547],[-3.585061,51.749406],[-3.588627,51.750323],[-3.59227,51.751256],[-3.595996,51.753804],[-3.598393,51.755443],[-3.600247,51.758913],[-3.602038,51.762264],[-3.60388,51.765729],[-3.60876,51.766554],[-3.614805,51.767578],[-3.619976,51.768453],[-3.625988,51.769469],[-3.630173,51.770176],[-3.635682,51.770074],[-3.641816,51.769958],[-3.647096,51.769858],[-3.653449,51.769737],[-3.658703,51.769633],[-3.663744,51.7706],[-3.668603,51.77153],[-3.672544,51.772282],[-3.677448,51.773218],[-3.680602,51.775118],[-3.683498,51.77686],[-3.686626,51.778742],[-3.690333,51.780982],[-3.695078,51.780417],[-3.699184,51.779933],[-3.703647,51.779409],[-3.708995,51.778778],[-3.714396,51.778138],[-3.718019,51.775961],[-3.722164,51.773471],[-3.726102,51.771104],[-3.728926,51.769404],[-3.73159,51.767801],[-3.736803,51.766469],[-3.742326,51.76506],[-3.747494,51.763738],[-3.75286,51.762382],[-3.756314,51.76065],[-3.759901,51.758867],[-3.762825,51.757415],[-3.766656,51.755377],[-3.769151,51.754048],[-3.772037,51.752509],[-3.774328,51.75129],[-3.77712,51.749804],[-3.77998,51.748281],[-3.782753,51.746802],[-3.78574,51.745211],[-3.790089,51.743829],[-3.793868,51.742628],[-3.799371,51.740878],[-3.802559,51.739863],[-3.806739,51.738536],[-3.80891,51.737596],[-3.813105,51.735786],[-3.818603,51.736085],[-3.82259,51.73631],[-3.827773,51.738876],[-3.831128,51.740552],[-3.836087,51.741057],[-3.840645,51.741526],[-3.845393,51.742015],[-3.850631,51.742552],[-3.856869,51.743193],[-3.860493,51.74357],[-3.867182,51.740932],[-3.870243,51.739727],[-3.876718,51.737201],[-3.878166,51.736635],[-3.881504,51.734237],[-3.885647,51.731263],[-3.888057,51.72953],[-3.890203,51.727989],[-3.893852,51.725371],[-3.896732,51.724658],[-3.900759,51.723665],[-3.906596,51.722223],[-3.910708,51.721206],[-3.915776,51.719954],[-3.921307,51.718588],[-3.925396,51.717577],[-3.928101,51.714893],[-3.931024,51.711988],[-3.934125,51.708899],[-3.936988,51.706055],[-3.939704,51.703347],[-3.942482,51.70059],[-3.94534,51.697738],[-3.949027,51.695876],[-3.954046,51.693336],[-3.957095,51.69118],[-3.958197,51.690494]]}},{"type":"Feature","properties":{"id":"ohl-173","kind":"ohl","name":"PEMBROKE - SWANSEA NORTH 1","voltage":"400","towers":"4YW ROUTE TWR (001 - 248)","status":"C","gid":10004719,"risk":"SAFE","floodCodes":[],"floodNames":[]},"geometry":{"type":"LineString","coordinates":[[-4.991367,51.680911],[-4.991027,51.677788],[-4.988167,51.676043],[-4.985867,51.674643],[-4.982185,51.672407],[-4.978421,51.672464],[-4.971794,51.672573],[-4.968201,51.672633],[-4.962419,51.672728],[-4.957118,51.672818],[-4.952591,51.672892],[-4.949467,51.670593],[-4.946089,51.668108],[-4.942551,51.665503],[-4.939834,51.663513],[-4.935573,51.663137],[-4.931059,51.662745],[-4.925396,51.662253],[-4.920637,51.662416],[-4.915314,51.662597],[-4.91089,51.662748],[-4.907208,51.662873],[-4.901304,51.66308],[-4.897128,51.664978],[-4.892643,51.667026],[-4.888187,51.669058],[-4.883956,51.670992],[-4.879999,51.672799],[-4.876739,51.67552],[-4.873942,51.677863],[-4.871435,51.678805],[-4.86672,51.680589],[-4.863376,51.681855],[-4.859236,51.683419],[-4.85617,51.684578],[-4.8523,51.686046],[-4.846957,51.686327],[-4.84069,51.686658],[-4.835388,51.686944],[-4.829901,51.686393],[-4.82451,51.685858],[-4.818499,51.685262],[-4.813146,51.68473],[-4.807904,51.684215],[-4.804765,51.685741],[-4.801186,51.687486],[-4.796814,51.689622],[-4.794934,51.691771],[-4.79247,51.694588],[-4.789744,51.697703],[-4.786884,51.700967],[-4.785094,51.703011],[-4.78157,51.707036],[-4.779672,51.709201],[-4.777622,51.711547],[-4.774757,51.714816],[-4.773181,51.716612],[-4.770559,51.718575],[-4.766948,51.721277],[-4.763685,51.723718],[-4.759487,51.72686],[-4.756248,51.72928],[-4.753316,51.731472],[-4.749975,51.734857],[-4.747347,51.737522],[-4.744456,51.74045],[-4.741894,51.743045],[-4.739647,51.745322],[-4.736815,51.74819],[-4.73361,51.751441],[-4.729437,51.751887],[-4.725287,51.752333],[-4.71829,51.753084],[-4.713815,51.753564],[-4.709861,51.753986],[-4.703725,51.754642],[-4.699895,51.755054],[-4.695079,51.755569],[-4.690262,51.756084],[-4.684872,51.75666],[-4.679443,51.757239],[-4.675001,51.759012],[-4.670615,51.760759],[-4.665335,51.762865],[-4.660738,51.7647],[-4.655535,51.766775],[-4.652278,51.768073],[-4.648948,51.769399],[-4.642855,51.771828],[-4.639579,51.773139],[-4.634783,51.774686],[-4.63098,51.775916],[-4.625536,51.777675],[-4.620625,51.779264],[-4.61602,51.780754],[-4.610664,51.782483],[-4.606058,51.783975],[-4.601516,51.785069],[-4.595907,51.786435],[-4.591051,51.787613],[-4.586808,51.788644],[-4.582974,51.789576],[-4.577602,51.790883],[-4.572464,51.792134],[-4.568029,51.793211],[-4.561702,51.79475],[-4.557267,51.795825],[-4.55088,51.797376],[-4.547154,51.798286],[-4.542893,51.797605],[-4.537547,51.796749],[-4.532978,51.796016],[-4.525625,51.794836],[-4.523006,51.794416],[-4.519971,51.794479],[-4.513458,51.794612],[-4.508243,51.79472],[-4.503432,51.794819],[-4.498289,51.794924],[-4.492435,51.795044],[-4.486856,51.795156],[-4.482466,51.795545],[-4.47727,51.796003],[-4.471051,51.796551],[-4.467266,51.796884],[-4.46184,51.79736],[-4.457354,51.797755],[-4.452636,51.798167],[-4.447943,51.799656],[-4.444433,51.800768],[-4.440548,51.801996],[-4.436598,51.803245],[-4.432698,51.804479],[-4.429395,51.805523],[-4.426113,51.806563],[-4.422976,51.807554],[-4.419388,51.808689],[-4.414355,51.810282],[-4.411765,51.811108],[-4.405962,51.811516],[-4.400896,51.81188],[-4.396047,51.812226],[-4.390544,51.812617],[-4.384644,51.81304],[-4.380668,51.813323],[-4.376693,51.813607],[-4.372616,51.813896],[-4.368344,51.814999],[-4.363591,51.816224],[-4.35926,51.817343],[-4.35408,51.815371],[-4.349879,51.813776],[-4.34646,51.812472],[-4.34005,51.810029],[-4.336573,51.808702],[-4.331835,51.808553],[-4.326667,51.808378],[-4.320146,51.808368],[-4.31502,51.807265],[-4.310087,51.80621],[-4.306696,51.803478],[-4.3037,51.801068],[-4.300993,51.798887],[-4.2986,51.796967],[-4.29535,51.793366],[-4.293392,51.791203],[-4.291006,51.788564],[-4.287755,51.784968],[-4.285835,51.782844],[-4.283011,51.77972],[-4.280193,51.776612],[-4.277231,51.776495],[-4.270613,51.776242],[-4.266299,51.776078],[-4.260803,51.775868],[-4.255509,51.775667],[-4.251503,51.775625],[-4.245577,51.775562],[-4.239908,51.7755],[-4.236208,51.775461],[-4.231104,51.775408],[-4.227138,51.774022],[-4.22344,51.772734],[-4.218779,51.772172],[-4.213799,51.771573],[-4.207852,51.770858],[-4.204219,51.77042],[-4.200809,51.770009],[-4.197134,51.769566],[-4.189452,51.768641],[-4.1862,51.768246],[-4.183126,51.767986],[-4.177636,51.767518],[-4.172157,51.76705],[-4.167874,51.766686],[-4.162521,51.765756],[-4.157551,51.764897],[-4.152704,51.764056],[-4.148729,51.763366],[-4.143744,51.762502],[-4.139683,51.761797],[-4.135595,51.76109],[-4.130991,51.760291],[-4.126743,51.761029],[-4.122138,51.761829],[-4.117535,51.762632],[-4.111828,51.760737],[-4.107358,51.759253],[-4.10252,51.757645],[-4.098187,51.756206],[-4.092724,51.755668],[-4.088086,51.755213],[-4.082991,51.754711],[-4.0787,51.754284],[-4.076134,51.751737],[-4.072837,51.748467],[-4.070716,51.746361],[-4.068442,51.744103],[-4.06529,51.740973],[-4.062388,51.738092],[-4.058511,51.735671],[-4.055713,51.733917],[-4.052273,51.73274],[-4.046001,51.730598],[-4.042433,51.729376],[-4.03912,51.72824],[-4.036242,51.727254],[-4.032108,51.725839],[-4.027978,51.724424],[-4.024189,51.721707],[-4.020378,51.718975],[-4.017535,51.716935],[-4.014737,51.714926],[-4.009973,51.711514],[-4.007594,51.709807],[-4.004784,51.70779],[-4.002393,51.706493],[-3.998474,51.704366],[-3.994861,51.702406],[-3.990488,51.700034],[-3.985993,51.698666],[-3.980221,51.69691],[-3.975779,51.695557],[-3.972496,51.694556],[-3.967808,51.693129],[-3.963555,51.691838],[-3.960909,51.690394],[-3.958248,51.688954]]}},{"type":"Feature","properties":{"id":"ohl-174","kind":"ohl","name":"DISC CILFYNYDD - SWANSEA NORTH 1","voltage":"400","towers":"4YW ROUTE TWR (249 - 251)","status":"C","gid":10004720,"risk":"SAFE","floodCodes":[],"floodNames":[]},"geometry":{"type":"LineString","coordinates":[[-3.956396,51.689062],[-3.955593,51.689562],[-3.954785,51.690069]]}},{"type":"Feature","properties":{"id":"ohl-175","kind":"ohl","name":"CILFYNYDD - SWANSEA NORTH 1","voltage":"400","towers":"4YW ROUTE TWR (251 - 433)","status":"C","gid":10004721,"risk":"SAFE","floodCodes":[],"floodNames":[]},"geometry":{"type":"LineString","coordinates":[[-3.954785,51.690069],[-3.949629,51.690918],[-3.944648,51.691747],[-3.939174,51.692656],[-3.93436,51.693456],[-3.928844,51.694371],[-3.924434,51.695106],[-3.920481,51.694191],[-3.91755,51.693515],[-3.913435,51.692566],[-3.90924,51.691602],[-3.903351,51.688779],[-3.900247,51.687294],[-3.895093,51.68483],[-3.890045,51.684356],[-3.884029,51.683792],[-3.879121,51.683333],[-3.874303,51.682989],[-3.870393,51.684043],[-3.865244,51.685446],[-3.862189,51.687281],[-3.857333,51.690199],[-3.854594,51.691843],[-3.848987,51.695209],[-3.846265,51.696844],[-3.844263,51.698055],[-3.839307,51.698105],[-3.834087,51.698166],[-3.830093,51.697779],[-3.824572,51.697248],[-3.819528,51.69727],[-3.813004,51.697297],[-3.808014,51.697317],[-3.80375,51.697334],[-3.799884,51.697348],[-3.794158,51.697371],[-3.788568,51.697392],[-3.784184,51.697409],[-3.778352,51.697433],[-3.774822,51.694813],[-3.77103,51.692007],[-3.767625,51.689488],[-3.764346,51.687063],[-3.762413,51.685632],[-3.758719,51.683599],[-3.756321,51.681037],[-3.753311,51.677837],[-3.7507,51.675062],[-3.748628,51.672858],[-3.746625,51.670732],[-3.742796,51.666661],[-3.741103,51.66486],[-3.738906,51.662532],[-3.739481,51.660004],[-3.740011,51.657648],[-3.740945,51.65346],[-3.743869,51.650941],[-3.743652,51.648012],[-3.741638,51.645776],[-3.739454,51.643342],[-3.737767,51.641466],[-3.736349,51.639888],[-3.734521,51.638104],[-3.730263,51.633935],[-3.728435,51.632242],[-3.725504,51.629522],[-3.722894,51.627099],[-3.720932,51.625273],[-3.719152,51.62363],[-3.716857,51.623129],[-3.713205,51.622341],[-3.70606,51.620805],[-3.702958,51.619301],[-3.700587,51.618154],[-3.696765,51.615489],[-3.694195,51.613694],[-3.69047,51.611743],[-3.685781,51.609289],[-3.683345,51.608011],[-3.68018,51.606352],[-3.675741,51.604025],[-3.671444,51.601778],[-3.668071,51.599449],[-3.664897,51.597277],[-3.662274,51.593346],[-3.660985,51.591426],[-3.65869,51.587997],[-3.656984,51.585455],[-3.654648,51.584413],[-3.650519,51.58258],[-3.647405,51.581199],[-3.641673,51.578653],[-3.638862,51.577403],[-3.635213,51.575783],[-3.630489,51.57369],[-3.625124,51.57349],[-3.620414,51.57332],[-3.614287,51.573098],[-3.609275,51.572916],[-3.604861,51.572755],[-3.602005,51.570273],[-3.598539,51.567261],[-3.596172,51.565207],[-3.593917,51.563251],[-3.587599,51.562902],[-3.583792,51.562693],[-3.57637,51.562282],[-3.573871,51.560809],[-3.569952,51.5585],[-3.567001,51.556768],[-3.563341,51.553245],[-3.560953,51.550958],[-3.55756,51.547703],[-3.554672,51.544925],[-3.551856,51.542233],[-3.547409,51.541515],[-3.542586,51.540737],[-3.537494,51.539918],[-3.532365,51.539092],[-3.528213,51.538423],[-3.523439,51.537654],[-3.518499,51.536867],[-3.513836,51.538167],[-3.507647,51.539906],[-3.503338,51.541113],[-3.498879,51.542365],[-3.494393,51.543624],[-3.491016,51.544572],[-3.486354,51.545881],[-3.482447,51.546976],[-3.476601,51.548096],[-3.472755,51.548834],[-3.467248,51.549891],[-3.462574,51.550786],[-3.458683,51.551531],[-3.456002,51.55318],[-3.452644,51.555243],[-3.448714,51.556542],[-3.444421,51.557957],[-3.441422,51.558949],[-3.436199,51.560671],[-3.431642,51.56217],[-3.427182,51.564578],[-3.424213,51.566187],[-3.417551,51.568479],[-3.413966,51.569712],[-3.409874,51.57112],[-3.405457,51.572642],[-3.40148,51.57401],[-3.398104,51.575173],[-3.391365,51.577494],[-3.387787,51.579012],[-3.383917,51.580653],[-3.380472,51.582113],[-3.377574,51.583342],[-3.373369,51.585128],[-3.369134,51.586931],[-3.367479,51.589236],[-3.364654,51.593198],[-3.363056,51.595441],[-3.361346,51.597833],[-3.362605,51.599569],[-3.36496,51.600905],[-3.365063,51.603121],[-3.36518,51.60552],[-3.365235,51.610396],[-3.363693,51.611818],[-3.359395,51.615782],[-3.357939,51.617122],[-3.355613,51.619269],[-3.352123,51.622492],[-3.348702,51.624491],[-3.34451,51.626948],[-3.340298,51.629419],[-3.337593,51.631003],[-3.33402,51.630704],[-3.328245,51.630215],[-3.32311,51.629782],[-3.319204,51.629451],[-3.314366,51.629039],[-3.308648,51.628555],[-3.306852,51.62993],[-3.304112,51.632023]]}},{"type":"Feature","properties":{"id":"ohl-176","kind":"ohl","name":"CILFYNYDD - SWANSEA NORTH 1","voltage":"400","towers":"4YW ROUTE TWR (433 - 434)","status":"C","gid":10004722,"risk":"SAFE","floodCodes":[],"floodNames":[]},"geometry":{"type":"LineString","coordinates":[[-3.304112,51.632023],[-3.302316,51.634938]]}},{"type":"Feature","properties":{"id":"ohl-177","kind":"ohl","name":"CILFYNYDD - SWANSEA NORTH 3","voltage":"400","towers":"4YW ROUTE TWR (433 - 435 - 4YX000)","status":"C","gid":10004723,"risk":"SAFE","floodCodes":[],"floodNames":[]},"geometry":{"type":"LineString","coordinates":[[-3.304112,51.632023],[-3.301487,51.634926],[-3.300424,51.635002]]}},{"type":"Feature","properties":{"id":"ohl-178","kind":"ohl","name":"CILFYNYDD - SEABANK - WHITSON","voltage":"400","towers":"4YX ROUTE TWR (000 - 001)","status":"C","gid":10004724,"risk":"SAFE","floodCodes":[],"floodNames":[]},"geometry":{"type":"LineString","coordinates":[[-3.300424,51.635002],[-3.299108,51.635033]]}},{"type":"Feature","properties":{"id":"ohl-179","kind":"ohl","name":"CILFYNYDD - SEABANK - WHITSON","voltage":"400","towers":"4YX ROUTE TWR (001 - 075)","status":"C","gid":10004725,"risk":"SAFE","floodCodes":[],"floodNames":[]},"geometry":{"type":"LineString","coordinates":[[-3.299108,51.635033],[-3.294469,51.63446],[-3.288254,51.63446],[-3.282764,51.634455],[-3.277648,51.634452],[-3.272722,51.634449],[-3.268369,51.634446],[-3.264023,51.634447],[-3.259872,51.633728],[-3.255117,51.632905],[-3.25047,51.632102],[-3.24629,51.63138],[-3.240377,51.630356],[-3.236254,51.629644],[-3.231333,51.628793],[-3.225467,51.627776],[-3.22171,51.627125],[-3.218644,51.625677],[-3.213947,51.623451],[-3.210434,51.621796],[-3.210356,51.618981],[-3.21025,51.615467],[-3.210152,51.612244],[-3.210087,51.610172],[-3.209973,51.606346],[-3.209883,51.603286],[-3.209785,51.600565],[-3.207993,51.599001],[-3.204662,51.598301],[-3.19975,51.598191],[-3.195899,51.598108],[-3.191105,51.597994],[-3.186486,51.597885],[-3.182648,51.597797],[-3.178812,51.597715],[-3.174854,51.596395],[-3.1747,51.593447],[-3.174498,51.589551],[-3.174372,51.587135],[-3.174199,51.584109],[-3.171008,51.582056],[-3.167799,51.58],[-3.164394,51.577815],[-3.162097,51.576339],[-3.160264,51.573331],[-3.158975,51.571209],[-3.154988,51.567322],[-3.152767,51.565165],[-3.148706,51.563882],[-3.14393,51.562371],[-3.138409,51.560625],[-3.134566,51.559408],[-3.12955,51.557822],[-3.124528,51.556233],[-3.119589,51.556436],[-3.115451,51.556607],[-3.111574,51.556769],[-3.105859,51.556999],[-3.102227,51.557148],[-3.096535,51.559001],[-3.092013,51.560473],[-3.087028,51.562101],[-3.082374,51.561839],[-3.077795,51.561579],[-3.071628,51.561236],[-3.06686,51.560969],[-3.060951,51.560642],[-3.055408,51.560332],[-3.051918,51.56014],[-3.050696,51.558626],[-3.048672,51.556122],[-3.045503,51.552221],[-3.045043,51.549306],[-3.040017,51.547216],[-3.034306,51.546201],[-3.030243,51.547246]]}},{"type":"Feature","properties":{"id":"ohl-180","kind":"ohl","name":"CILFYNYDD - SEABANK - WHITSON","voltage":"400","towers":"4YX ROUTE TWR (075 - 105)","status":"C","gid":10004726,"risk":"SAFE","floodCodes":[],"floodNames":[]},"geometry":{"type":"LineString","coordinates":[[-3.030243,51.547246],[-3.026452,51.54935],[-3.024299,51.549218],[-3.02033,51.551341],[-3.015942,51.553711],[-3.013026,51.554302],[-3.007891,51.55536],[-3.006924,51.558227],[-3.00605,51.560811],[-3.005177,51.563404],[-3.00427,51.566103],[-3.001122,51.567332],[-2.996483,51.569145],[-2.994535,51.570282],[-2.989357,51.569372],[-2.982914,51.568247],[-2.978053,51.567397],[-2.97396,51.567198],[-2.96871,51.566945],[-2.965336,51.567154],[-2.961172,51.5685],[-2.956983,51.569846],[-2.952748,51.568312],[-2.948118,51.567543],[-2.94268,51.566636],[-2.937214,51.565723],[-2.932396,51.564916],[-2.927162,51.565101],[-2.921899,51.565286],[-2.916696,51.565473],[-2.911314,51.565664]]}},{"type":"Feature","properties":{"id":"ohl-181","kind":"ohl","name":"CILFYNYDD - SEABANK - WHITSON","voltage":"400","towers":"4YX ROUTE TWR (105 - 105A)","status":"C","gid":10004727,"risk":"SAFE","floodCodes":[],"floodNames":[]},"geometry":{"type":"LineString","coordinates":[[-2.91068,51.565163],[-2.911314,51.565664]]}},{"type":"Feature","properties":{"id":"ohl-182","kind":"ohl","name":"CILFYNYDD - SEABANK - WHITSON","voltage":"400","towers":"4YX ROUTE TWR (105 - 158)","status":"C","gid":10004728,"risk":"SAFE","floodCodes":[],"floodNames":[]},"geometry":{"type":"LineString","coordinates":[[-2.911314,51.565664],[-2.906769,51.565834],[-2.901986,51.564634],[-2.897155,51.563429],[-2.892661,51.56231],[-2.888632,51.561308],[-2.884544,51.562551],[-2.880389,51.563816],[-2.876202,51.565094],[-2.872053,51.566359],[-2.86788,51.567639],[-2.86288,51.567729],[-2.857843,51.567824],[-2.852384,51.567927],[-2.846624,51.568037],[-2.841125,51.568139],[-2.836403,51.568228],[-2.83168,51.568315],[-2.827294,51.568397],[-2.82217,51.568493],[-2.817513,51.568577],[-2.813958,51.569591],[-2.809464,51.57087],[-2.804678,51.572232],[-2.799559,51.57369],[-2.794455,51.575142],[-2.788925,51.576715],[-2.783921,51.57814],[-2.778871,51.579576],[-2.774045,51.580949],[-2.768986,51.582387],[-2.763975,51.583819],[-2.759584,51.583808],[-2.755622,51.583797],[-2.751105,51.58379],[-2.745621,51.58378],[-2.739966,51.583771],[-2.734709,51.583758],[-2.730323,51.585357],[-2.72595,51.586956],[-2.722023,51.588395],[-2.717605,51.589584],[-2.71195,51.591106],[-2.710106,51.59311],[-2.709017,51.596375],[-2.707759,51.597177],[-2.706687,51.597881],[-2.701148,51.599164],[-2.697176,51.601712],[-2.693455,51.604089],[-2.689761,51.606446],[-2.685659,51.60907],[-2.681956,51.611445],[-2.678508,51.611282],[-2.673888,51.611071],[-2.669285,51.610863]]}},{"type":"Feature","properties":{"id":"ohl-183","kind":"ohl","name":"CILFYNYDD - SEABANK - WHITSON","voltage":"400","towers":"4YX ROUTE TWR (159 - 172R)","status":"C","gid":10004729,"risk":"MEDIUM","floodCodes":["112FWTOLD03","112FWTOLD01","112FWTOLD02","112FWTNOR03"],"floodNames":["Severn Estuary at Oldbury-on-Severn, Westend, Cowhill and Olveston areas","Severn Estuary at Oldbury-on-Severn, Oldbury Naite and Littleton Warth areas","Severn Estuary at Oldbury-on-Severn, Chapel Road and Olveston Common areas","Severn Estuary at Northwick and Aust"]},"geometry":{"type":"LineString","coordinates":[[-2.61519,51.608292],[-2.611233,51.608287],[-2.607703,51.608278],[-2.603999,51.606259],[-2.599882,51.604006],[-2.597129,51.602514],[-2.596286,51.599053],[-2.595443,51.595634],[-2.595772,51.593076],[-2.596124,51.590387],[-2.596518,51.587371],[-2.596843,51.584865],[-2.597227,51.581921],[-2.597633,51.578811]]}},{"type":"Feature","properties":{"id":"ohl-184","kind":"ohl","name":"MELKSHAM - SEABANK","voltage":"400","towers":"4YX ROUTE TWR (172R - 311)","status":"C","gid":10004730,"risk":"MEDIUM","floodCodes":["112FWFBFR15A","112FWFBFR10A","112FWTNOR03"],"floodNames":["Bristol Frome from downstream of Nibley to Stapleton","Bristol Frome at Chipping Sodbury and Yate, Vayre Close, Manor Way, Celestine Road and Nibley Lane","Severn Estuary at Northwick and Aust"]},"geometry":{"type":"LineString","coordinates":[[-2.597633,51.578811],[-2.598036,51.57573],[-2.598456,51.572468],[-2.595187,51.56993],[-2.592005,51.567459],[-2.58677,51.567658],[-2.581373,51.567865],[-2.575389,51.568092],[-2.572193,51.568215],[-2.56635,51.566091],[-2.562338,51.564634],[-2.557588,51.562915],[-2.55544,51.561299],[-2.55253,51.560933],[-2.549551,51.560568],[-2.545131,51.560025],[-2.53946,51.559329],[-2.534919,51.558769],[-2.529023,51.558043],[-2.524109,51.557439],[-2.519165,51.556828],[-2.515138,51.556334],[-2.509737,51.55547],[-2.50636,51.554929],[-2.501813,51.55421],[-2.497649,51.551945],[-2.495061,51.55054],[-2.491906,51.548835],[-2.487751,51.547429],[-2.483307,51.545931],[-2.47891,51.544452],[-2.475573,51.545249],[-2.471548,51.545026],[-2.467207,51.543845],[-2.462891,51.542676],[-2.458312,51.541437],[-2.453107,51.540026],[-2.44874,51.538852],[-2.444888,51.537433],[-2.444274,51.534377],[-2.44378,51.531909],[-2.441112,51.529112],[-2.438445,51.526316],[-2.435657,51.524262],[-2.432172,51.521691],[-2.428694,51.519123],[-2.425892,51.517057],[-2.421734,51.514875],[-2.418068,51.512963],[-2.41538,51.510535],[-2.413267,51.508632],[-2.410391,51.506038],[-2.407678,51.503591],[-2.405099,51.501268],[-2.402405,51.49884],[-2.400741,51.497344],[-2.394334,51.496286],[-2.38962,51.49551],[-2.385052,51.494756],[-2.380093,51.493928],[-2.372685,51.493752],[-2.36995,51.493683],[-2.365123,51.493562],[-2.360684,51.493453],[-2.356944,51.493358],[-2.351945,51.493232],[-2.347857,51.49313],[-2.343823,51.493027],[-2.339667,51.493673],[-2.334775,51.494433],[-2.330431,51.49511],[-2.324987,51.495953],[-2.319444,51.496819],[-2.314084,51.497304],[-2.308825,51.497783],[-2.303432,51.498271],[-2.297388,51.498822],[-2.293449,51.500044],[-2.289511,51.501275],[-2.285195,51.502622],[-2.280661,51.504036],[-2.277209,51.505114],[-2.2725,51.506582],[-2.26853,51.507825],[-2.26463,51.50817],[-2.259767,51.508601],[-2.256218,51.509489],[-2.252662,51.510376],[-2.24693,51.511795],[-2.243747,51.512586],[-2.239192,51.513727],[-2.235458,51.51203],[-2.230838,51.509942],[-2.22738,51.508382],[-2.221399,51.506446],[-2.217334,51.505132],[-2.213437,51.50387],[-2.208874,51.502394],[-2.204581,51.501003],[-2.204334,51.497853],[-2.204129,51.49524],[-2.203939,51.492806],[-2.203744,51.490381],[-2.203506,51.487362],[-2.203302,51.484706],[-2.20122,51.482335],[-2.199479,51.480354],[-2.197138,51.477693],[-2.194832,51.475067],[-2.192605,51.472539],[-2.1899,51.469461],[-2.187265,51.466467],[-2.184777,51.46364],[-2.181927,51.460789],[-2.179358,51.458224],[-2.176946,51.455816],[-2.174464,51.453345],[-2.170287,51.452335],[-2.165882,51.45128],[-2.161351,51.450199],[-2.157417,51.447873],[-2.154023,51.445875],[-2.152739,51.443304],[-2.151287,51.440394],[-2.149614,51.437037],[-2.148024,51.433856],[-2.146458,51.430708],[-2.145076,51.427935],[-2.143854,51.425486],[-2.142875,51.422869],[-2.141782,51.419951],[-2.140828,51.417402],[-2.139592,51.414099],[-2.140163,51.411255],[-2.140807,51.408049],[-2.141483,51.404658],[-2.144101,51.402347],[-2.147018,51.399769],[-2.149698,51.397399],[-2.152128,51.395267]]}},{"type":"Feature","properties":{"id":"ohl-185","kind":"ohl","name":"ENDERBY - RATCLIFFE ON SOAR 2","voltage":"400","towers":"4YZ ROUTE TWR (001A - 001)","status":"C","gid":10004731,"risk":"SAFE","floodCodes":[],"floodNames":[]},"geometry":{"type":"LineString","coordinates":[[-1.255504,52.862341],[-1.256511,52.862303]]}},{"type":"Feature","properties":{"id":"ohl-186","kind":"ohl","name":"ENDERBY - RATCLIFFE ON SOAR 1","voltage":"400","towers":"4YZ ROUTE TWR (001 - 108)","status":"C","gid":10004732,"risk":"MEDIUM","floodCodes":["034FWFSOCARAVANBS","034FWFSOBARRSOAR","034FWFSOMNTSORRL","034FWFWOLOUGHB","034FWFSOZOUCH","034FWFROGLENFLD","034FWFSOCOTES","034FWFSORATSOAR"],"floodNames":["River Soar at caravan parks near Barrow upon Soar","River Soar at Barrow upon Soar","River Soar at Mountsorrel Lock and riverside properties and mills","Wood Brook and River Soar at Loughborough to the north of Derby Road","River Soar at Zouch Island","Rothley Brook at Glenfield and Anstey","River Soar at Cotes and Loughborough Moors","River Soar at Ratcliffe on Soar"]},"geometry":{"type":"LineString","coordinates":[[-1.218895,52.598272],[-1.223057,52.600458],[-1.225737,52.604246],[-1.227665,52.606967],[-1.229468,52.609529],[-1.233718,52.612256],[-1.237579,52.614731],[-1.241264,52.617097],[-1.243986,52.61885],[-1.245726,52.621056],[-1.247551,52.623373],[-1.249877,52.626329],[-1.252483,52.629631],[-1.250436,52.632456],[-1.248272,52.635463],[-1.246007,52.638611],[-1.240916,52.640248],[-1.236119,52.641786],[-1.230509,52.643586],[-1.226305,52.644935],[-1.222065,52.646294],[-1.217156,52.64787],[-1.212161,52.649463],[-1.20935,52.651601],[-1.20564,52.654415],[-1.202415,52.65686],[-1.199681,52.65893],[-1.196933,52.661013],[-1.193805,52.663388],[-1.190414,52.665958],[-1.186764,52.668726],[-1.183119,52.67149],[-1.179617,52.674144],[-1.176549,52.676457],[-1.176202,52.678985],[-1.175779,52.682023],[-1.175421,52.684583],[-1.175063,52.687215],[-1.172794,52.689218],[-1.16993,52.691761],[-1.167555,52.693873],[-1.164884,52.696242],[-1.162304,52.698534],[-1.159756,52.700784],[-1.160925,52.703505],[-1.161867,52.705702],[-1.163289,52.70903],[-1.164404,52.711643],[-1.165504,52.7142],[-1.162685,52.7166],[-1.159948,52.718931],[-1.15744,52.72107],[-1.156768,52.724131],[-1.156044,52.72744],[-1.155429,52.730259],[-1.154959,52.732415],[-1.154332,52.735281],[-1.153719,52.738079],[-1.1529,52.741826],[-1.152178,52.745124],[-1.151467,52.748362],[-1.154653,52.750506],[-1.157322,52.752314],[-1.160765,52.754646],[-1.164132,52.756927],[-1.167673,52.75932],[-1.171349,52.761803],[-1.174755,52.764102],[-1.176818,52.766874],[-1.178763,52.769483],[-1.180623,52.771979],[-1.183183,52.775414],[-1.185562,52.778604],[-1.187916,52.781761],[-1.190256,52.784912],[-1.195155,52.786305],[-1.200049,52.78771],[-1.205261,52.789192],[-1.210649,52.790718],[-1.215488,52.79211],[-1.220224,52.793457],[-1.22435,52.79463],[-1.230052,52.796259],[-1.235044,52.79768],[-1.24069,52.799288],[-1.245666,52.800706],[-1.250997,52.802224],[-1.255414,52.803483],[-1.256666,52.805708],[-1.257931,52.807963],[-1.259662,52.811068],[-1.261047,52.813535],[-1.262371,52.815904],[-1.263954,52.81873],[-1.265487,52.821455],[-1.26728,52.824663],[-1.268976,52.82768],[-1.268078,52.83091],[-1.267084,52.834487],[-1.266127,52.837919],[-1.26519,52.841274],[-1.265067,52.844836],[-1.264977,52.847665],[-1.262858,52.850063],[-1.259682,52.853647],[-1.258344,52.856436],[-1.256532,52.860199],[-1.2555,52.862341],[-1.255504,52.862341]]}},{"type":"Feature","properties":{"id":"ohl-187","kind":"ohl","name":"PENTIR - TRAWSFYNYDD","voltage":"400","towers":"4ZC ROUTE TWR (044 - 071)","status":"C","gid":10004733,"risk":"SAFE","floodCodes":[],"floodNames":[]},"geometry":{"type":"LineString","coordinates":[[-4.265052,52.972685],[-4.262608,52.969614],[-4.260483,52.966947],[-4.258584,52.964562],[-4.256669,52.962156],[-4.254755,52.959752],[-4.252345,52.956724],[-4.250064,52.953857],[-4.24792,52.95116],[-4.245937,52.948671],[-4.243718,52.945879],[-4.238207,52.944522],[-4.234414,52.943587],[-4.2277,52.941946],[-4.224507,52.942289],[-4.221036,52.94268],[-4.214164,52.943447],[-4.211399,52.943756],[-4.206913,52.944256],[-4.202687,52.944733],[-4.196497,52.943378],[-4.192777,52.942564],[-4.188084,52.941533],[-4.182618,52.940828],[-4.17737,52.940149],[-4.173541,52.939652],[-4.169165,52.939085]]}},{"type":"Feature","properties":{"id":"ohl-188","kind":"ohl","name":"PENTIR - TRAWSFYNYDD","voltage":"400","towers":"4ZC ROUTE TWR (071 - 140R)","status":"C","gid":10004734,"risk":"SAFE","floodCodes":[],"floodNames":[]},"geometry":{"type":"LineString","coordinates":[[-4.170427,53.149728],[-4.174133,53.148437],[-4.178013,53.147037],[-4.180607,53.144192],[-4.183296,53.141244],[-4.18583,53.13846],[-4.188827,53.135161],[-4.193787,53.133978],[-4.197588,53.133069],[-4.200479,53.13172],[-4.204374,53.129913],[-4.208565,53.127967],[-4.212881,53.125961],[-4.216155,53.12444],[-4.220836,53.122265],[-4.224274,53.120659],[-4.225609,53.117388],[-4.227076,53.113758],[-4.228449,53.110371],[-4.22961,53.107489],[-4.230626,53.104977],[-4.231808,53.102044],[-4.233891,53.098744],[-4.235708,53.095862],[-4.238055,53.092135],[-4.239608,53.089672],[-4.241181,53.087174],[-4.243076,53.084999],[-4.24545,53.082282],[-4.248186,53.079142],[-4.250797,53.076146],[-4.252766,53.073886],[-4.255072,53.071241],[-4.257594,53.068346],[-4.260357,53.065817],[-4.263827,53.062644],[-4.266648,53.060065],[-4.26803,53.057565],[-4.26974,53.054481],[-4.270758,53.052644],[-4.272488,53.049524],[-4.273619,53.047477],[-4.275511,53.044071],[-4.276937,53.041498],[-4.278722,53.039323],[-4.280549,53.037097],[-4.282589,53.034611],[-4.284962,53.031721],[-4.286828,53.029462],[-4.285817,53.026496],[-4.28472,53.023221],[-4.283749,53.020324],[-4.283047,53.017602],[-4.282248,53.014499],[-4.281515,53.011664],[-4.284612,53.007815],[-4.283011,53.004479],[-4.281317,53.000928],[-4.279812,52.997769],[-4.278385,52.994768],[-4.277313,52.992518],[-4.276251,52.990289],[-4.274748,52.987131],[-4.273255,52.983985],[-4.272065,52.981477],[-4.269828,52.978681],[-4.267389,52.975618],[-4.265052,52.972685]]}},{"type":"Feature","properties":{"id":"ohl-189","kind":"ohl","name":"PENTIR - TRAWSFYNYDD","voltage":"400","towers":"4ZC ROUTE TWR (140R - 157)","status":"C","gid":10004735,"risk":"SAFE","floodCodes":[],"floodNames":[]},"geometry":{"type":"LineString","coordinates":[[-4.158008,53.186387],[-4.156668,53.184629],[-4.155053,53.182068],[-4.1538,53.180085],[-4.152456,53.177973],[-4.153183,53.175769],[-4.15368,53.174253],[-4.154356,53.172188],[-4.155008,53.17019],[-4.155865,53.167536],[-4.159384,53.165036],[-4.163306,53.162234],[-4.167118,53.159502],[-4.167208,53.157772],[-4.167368,53.154998],[-4.167492,53.152842],[-4.167595,53.150789],[-4.170421,53.149731],[-4.170427,53.149728]]}},{"type":"Feature","properties":{"id":"ohl-190","kind":"ohl","name":"CAPENHURST - FRODSHAM 1","voltage":"400","towers":"4ZE ROUTE TWR (003 - 052R)","status":"C","gid":10004736,"risk":"MEDIUM","floodCodes":["013FWFCH32","013FWTTME8"],"floodNames":["Rivacre Brook at Great Sutton","Irish Sea and Mersey estuary from the Head of the Wirral to Runcorn"]},"geometry":{"type":"LineString","coordinates":[[-2.716549,53.30829],[-2.719442,53.307594],[-2.723992,53.304985],[-2.72796,53.302705],[-2.73203,53.300367],[-2.735359,53.298457],[-2.739213,53.296242],[-2.743894,53.293551],[-2.747941,53.291225],[-2.751863,53.288971],[-2.756178,53.286491],[-2.760383,53.284064],[-2.765298,53.282199],[-2.768958,53.280806],[-2.774256,53.278787],[-2.778464,53.277187],[-2.783118,53.275415],[-2.786974,53.273947],[-2.791621,53.272171],[-2.797595,53.270695],[-2.802501,53.269475],[-2.807977,53.268115],[-2.813567,53.266725],[-2.818902,53.265398],[-2.82413,53.264097],[-2.82989,53.262663],[-2.83492,53.261408],[-2.841084,53.260482],[-2.846464,53.259673],[-2.852786,53.258719],[-2.858157,53.25791],[-2.863691,53.257074],[-2.868566,53.25634],[-2.873702,53.255563],[-2.879179,53.254735],[-2.884187,53.25398],[-2.889413,53.253186],[-2.89538,53.252583],[-2.900821,53.252037],[-2.90722,53.250307],[-2.911824,53.249071],[-2.917595,53.247511],[-2.921683,53.250613],[-2.924823,53.252994],[-2.928331,53.255647],[-2.931952,53.258394],[-2.934601,53.260399],[-2.938168,53.263102],[-2.941565,53.265189],[-2.945822,53.26529],[-2.949161,53.268056]]}},{"type":"Feature","properties":{"id":"ohl-191","kind":"ohl","name":"CAPENHURST - FRODSHAM 1","voltage":"400","towers":"4ZE ROUTE TWR (052R - 4ZL001B)","status":"C","gid":10004737,"risk":"SAFE","floodCodes":[],"floodNames":[]},"geometry":{"type":"LineString","coordinates":[[-2.949161,53.268056],[-2.949161,53.268056],[-2.948141,53.26862]]}},{"type":"Feature","properties":{"id":"ohl-192","kind":"ohl","name":"BRINSWORTH - THORPE MARSH 1","voltage":"400","towers":"4ZH ROUTE TWR (ZZI001B - 001B)","status":"C","gid":10004738,"risk":"MEDIUM","floodCodes":["123FWF680"],"floodNames":["Ea Beck at Thorpe Marsh and Almholme"]},"geometry":{"type":"LineString","coordinates":[[-1.089466,53.576737],[-1.086413,53.576547]]}},{"type":"Feature","properties":{"id":"ohl-193","kind":"ohl","name":"BRINSWORTH - THORPE MARSH 2","voltage":"400","towers":"4ZH ROUTE TWR (001A - 001B)","status":"C","gid":10004739,"risk":"MEDIUM","floodCodes":["123FWF680"],"floodNames":["Ea Beck at Thorpe Marsh and Almholme"]},"geometry":{"type":"LineString","coordinates":[[-1.088162,53.578176],[-1.086413,53.576547]]}},{"type":"Feature","properties":{"id":"ohl-194","kind":"ohl","name":"BRINSWORTH - THORPE MARSH 1","voltage":"400","towers":"4ZH ROUTE TWR (001B - 116)","status":"C","gid":10004740,"risk":"MEDIUM","floodCodes":["123FWF649","123FWF680"],"floodNames":["River Don at Kirk Sandall","Ea Beck at Thorpe Marsh and Almholme"]},"geometry":{"type":"LineString","coordinates":[[-1.086413,53.576547],[-1.083196,53.575264],[-1.078808,53.573518],[-1.075998,53.572667],[-1.072413,53.57157],[-1.067967,53.570211],[-1.063183,53.568747],[-1.06193,53.567091],[-1.059784,53.564283],[-1.058122,53.562096],[-1.055892,53.559175],[-1.053595,53.556152],[-1.051568,53.553483],[-1.04879,53.550598],[-1.046565,53.548278],[-1.044198,53.545814],[-1.042449,53.543992],[-1.040405,53.541869],[-1.040353,53.539923],[-1.040276,53.537455],[-1.040195,53.534946],[-1.040115,53.532214],[-1.04002,53.529077],[-1.039918,53.525894],[-1.041289,53.523737],[-1.043237,53.520667],[-1.044954,53.517949],[-1.046522,53.515466],[-1.048293,53.512668],[-1.050048,53.509903],[-1.049345,53.507098],[-1.048735,53.504642],[-1.048111,53.502141],[-1.047516,53.49975],[-1.046803,53.496897],[-1.04639,53.495276],[-1.047496,53.4926],[-1.048408,53.490371],[-1.052741,53.489569],[-1.056404,53.488508],[-1.061101,53.487153],[-1.065047,53.486014],[-1.069699,53.484672],[-1.073514,53.484885],[-1.078004,53.485133],[-1.08269,53.485393],[-1.087628,53.485668],[-1.090443,53.484995],[-1.095509,53.483792],[-1.099302,53.48289],[-1.101038,53.479805],[-1.102675,53.476901],[-1.104473,53.473716],[-1.105928,53.471138],[-1.107416,53.468496],[-1.109046,53.465607],[-1.11071,53.462658],[-1.112272,53.459895],[-1.113881,53.457044],[-1.115281,53.454564],[-1.118433,53.451372],[-1.121212,53.448551],[-1.123883,53.445844],[-1.126422,53.443265],[-1.129407,53.440242],[-1.131895,53.437714],[-1.134414,53.435158],[-1.137603,53.433751],[-1.140689,53.432384],[-1.145005,53.430477],[-1.149215,53.428508],[-1.151726,53.427336],[-1.156347,53.425176],[-1.161148,53.422927],[-1.164302,53.421454],[-1.168012,53.419719],[-1.171438,53.418122],[-1.174245,53.417464],[-1.178426,53.416485],[-1.182989,53.415424],[-1.186101,53.414698],[-1.190461,53.413679],[-1.194398,53.412759],[-1.199918,53.41277],[-1.204295,53.412772],[-1.20923,53.412777],[-1.214388,53.412785],[-1.21972,53.412362],[-1.225298,53.411921],[-1.230553,53.411504],[-1.236209,53.411059],[-1.238007,53.409283],[-1.2404,53.406913],[-1.242739,53.404589],[-1.249445,53.404008],[-1.25493,53.403855],[-1.260101,53.403711],[-1.265459,53.40356],[-1.270042,53.403429],[-1.273581,53.402109],[-1.278303,53.401701],[-1.281557,53.40142],[-1.288026,53.400849],[-1.293189,53.400396],[-1.29967,53.399828],[-1.306272,53.398541],[-1.310021,53.397808],[-1.313291,53.397171],[-1.316727,53.398126],[-1.321122,53.399353],[-1.325911,53.400689],[-1.331256,53.402189],[-1.335934,53.402044],[-1.340388,53.401919],[-1.345201,53.401766],[-1.349064,53.402065]]}},{"type":"Feature","properties":{"id":"ohl-195","kind":"ohl","name":"DUNGENESS - NINFIELD 2","voltage":"400","towers":"4ZJ ROUTE TWR (005B - 006)","status":"C","gid":10004741,"risk":"MEDIUM","floodCodes":["064FWC9"],"floodNames":["Coast from Dungeness to Rye"]},"geometry":{"type":"LineString","coordinates":[[0.94121,50.91628],[0.94564,50.91478]]}},{"type":"Feature","properties":{"id":"ohl-196","kind":"ohl","name":"DUNGENESS - NINFIELD 1","voltage":"400","towers":"ZJ TOWER 67","status":"C","gid":10004742,"risk":"MEDIUM","floodCodes":["064FWC9","064FWC8B"],"floodNames":["Coast from Dungeness to Rye","Coast from Littlestone Golf Course to Dungeness"]},"geometry":{"type":"LineString","coordinates":[[0.94121,50.91628],[0.936965,50.917904],[0.932144,50.91975],[0.928586,50.921112],[0.923728,50.922973],[0.919866,50.924449],[0.917686,50.925209],[0.915382,50.926015],[0.913226,50.926767],[0.910898,50.927579],[0.908876,50.928286],[0.906579,50.929089],[0.904619,50.929772],[0.902268,50.930505],[0.899735,50.93149],[0.899818,50.933946],[0.899916,50.936672],[0.900033,50.939943],[0.900149,50.943013],[0.896693,50.943062],[0.892629,50.942785],[0.89077,50.941333],[0.887657,50.942624],[0.883098,50.944238],[0.878457,50.94588],[0.873398,50.947672],[0.868475,50.949407],[0.863514,50.951161],[0.8583,50.953002],[0.853632,50.954653],[0.849092,50.95626],[0.844399,50.957923],[0.839575,50.959634],[0.834611,50.961388],[0.829984,50.963027],[0.824895,50.964832],[0.819927,50.966587],[0.81494,50.968351],[0.810238,50.97005],[0.805916,50.971612],[0.80168,50.973142],[0.797372,50.974698],[0.79238,50.976497],[0.787456,50.978277],[0.782979,50.979892],[0.779441,50.98117],[0.775335,50.98265],[0.77074,50.984306],[0.766039,50.986009],[0.761257,50.987744],[0.758242,50.988833],[0.754033,50.990356],[0.750078,50.991781],[0.74605,50.993238],[0.741001,50.99507],[0.73706,50.995003],[0.731613,50.994918],[0.728178,50.99486],[0.723642,50.994785],[0.718834,50.994713],[0.713893,50.993671],[0.709256,50.992704],[0.703624,50.991526],[0.698778,50.990516],[0.693537,50.989057],[0.688673,50.987707],[0.684726,50.986615],[0.681511,50.98572],[0.676068,50.984209],[0.671014,50.982804],[0.666393,50.981528],[0.661944,50.978927],[0.658441,50.976886],[0.655819,50.975359],[0.652305,50.973308],[0.648183,50.970905],[0.643927,50.968424],[0.640014,50.966131],[0.634283,50.965744],[0.629217,50.965398],[0.624311,50.965061],[0.618855,50.964683],[0.615551,50.964454],[0.608111,50.96394],[0.603191,50.9636],[0.59883,50.963297],[0.592628,50.962869],[0.587619,50.96253],[0.586838,50.959846],[0.585897,50.956613],[0.584975,50.953454],[0.584415,50.951533],[0.582157,50.948027],[0.580171,50.944945],[0.57785,50.94134],[0.575876,50.938283],[0.573544,50.934667],[0.571615,50.93184],[0.569277,50.928412],[0.567889,50.926383],[0.565251,50.925211],[0.560521,50.923111],[0.55629,50.921228],[0.552921,50.919733],[0.548102,50.917622],[0.54513,50.915499],[0.541783,50.913135],[0.539111,50.91124],[0.5355,50.908686],[0.532573,50.906613],[0.528615,50.903806],[0.525024,50.901263],[0.522244,50.899284],[0.518651,50.898334],[0.513205,50.896869],[0.509134,50.895773],[0.503745,50.8958],[0.498544,50.89582],[0.493133,50.895839],[0.488106,50.895861],[0.482877,50.895886],[0.478922,50.894448],[0.474036,50.892682],[0.470089,50.891257],[0.465298,50.889524],[0.460655,50.887845],[0.455273,50.885899],[0.45143,50.884509],[0.446679,50.882665]]}},{"type":"Feature","properties":{"id":"ohl-197","kind":"ohl","name":"DUNGENESS - NINFIELD 1","voltage":"400","towers":"4ZJ ROUTE TWR (005A - 006)","status":"C","gid":10004743,"risk":"MEDIUM","floodCodes":["064FWC9"],"floodNames":["Coast from Dungeness to Rye"]},"geometry":{"type":"LineString","coordinates":[[0.945653,50.914397],[0.94121,50.91628]]}},{"type":"Feature","properties":{"id":"ohl-198","kind":"ohl","name":"BIRKENHEAD - CAPENHURST 2","voltage":"400","towers":"4ZL ROUTE TWR (001A - 002)","status":"C","gid":10004744,"risk":"SAFE","floodCodes":[],"floodNames":[]},"geometry":{"type":"LineString","coordinates":[[-2.945259,53.269265],[-2.945106,53.268457]]}},{"type":"Feature","properties":{"id":"ohl-199","kind":"ohl","name":"CAPENHURST - INCE 2","voltage":"400","towers":"4ZL ROUTE TWR (001A - YYS030)","status":"C","gid":10004745,"risk":"SAFE","floodCodes":[],"floodNames":[]},"geometry":{"type":"LineString","coordinates":[[-2.945106,53.268457],[-2.940924,53.266053]]}},{"type":"Feature","properties":{"id":"ohl-200","kind":"ohl","name":"BIRKENHEAD - CAPENHURST 1","voltage":"400","towers":"4ZL ROUTE TWR (002 - 047)","status":"C","gid":10004746,"risk":"SAFE","floodCodes":[],"floodNames":[]},"geometry":{"type":"LineString","coordinates":[[-3.062342,53.365005],[-3.062153,53.362234],[-3.061921,53.359166],[-3.062671,53.356601],[-3.063514,53.353708],[-3.064297,53.35102],[-3.065166,53.348024],[-3.066166,53.344605],[-3.066994,53.341778],[-3.067295,53.339014],[-3.067607,53.336196],[-3.068005,53.332635],[-3.068387,53.32916],[-3.065982,53.326284],[-3.064012,53.323932],[-3.060693,53.319967],[-3.057965,53.316706],[-3.055339,53.314288],[-3.052254,53.312595],[-3.047529,53.309999],[-3.043938,53.308027],[-3.040125,53.305934],[-3.035798,53.303564],[-3.032032,53.300707],[-3.028863,53.298306],[-3.028598,53.295273],[-3.025134,53.291925],[-3.020212,53.290375],[-3.014541,53.288565],[-3.010635,53.287659],[-3.005624,53.286486],[-3.002304,53.286502],[-2.996641,53.286504],[-2.990753,53.286512],[-2.984882,53.286518],[-2.979743,53.286526],[-2.976219,53.284024],[-2.973354,53.28199],[-2.969726,53.279419],[-2.965635,53.276516],[-2.962549,53.274328],[-2.958249,53.271286],[-2.953443,53.270933],[-2.947457,53.26989],[-2.945259,53.269265]]}},{"type":"Feature","properties":{"id":"ohl-201","kind":"ohl","name":"PELHAM - RYEHOUSE 1","voltage":"400","towers":"4ZM ROUTE TWR (017 - 078)","status":"C","gid":10004747,"risk":"MEDIUM","floodCodes":["062FWF46Hertford","062FWF53Hoddesdn"],"floodNames":["River Lee at Hertford and Ware","Lower River Lee at Hoddesdon and Cheshunt"]},"geometry":{"type":"LineString","coordinates":[[0.011918,51.759971],[0.012176,51.76222],[0.012505,51.765068],[0.012551,51.767417],[0.012641,51.771553],[0.012692,51.773962],[0.012769,51.777562],[0.016306,51.780045],[0.020439,51.782963],[0.023896,51.785397],[0.026972,51.787569],[0.031266,51.788137],[0.036611,51.788846],[0.042621,51.789642],[0.048019,51.790356],[0.053552,51.791086],[0.05805,51.791676],[0.062923,51.79232],[0.067426,51.792912],[0.072363,51.793565],[0.074608,51.796888],[0.076377,51.799529],[0.078169,51.802179],[0.080141,51.805112],[0.082168,51.808124],[0.08415,51.811065],[0.086036,51.813869],[0.088448,51.817449],[0.090212,51.819964],[0.092414,51.823113],[0.094653,51.826307],[0.096954,51.829584],[0.099273,51.832899],[0.101542,51.83614],[0.103847,51.839424],[0.106215,51.842802],[0.108441,51.845983],[0.110173,51.849128],[0.11197,51.852389],[0.113769,51.85566],[0.115502,51.858808],[0.117182,51.861857],[0.118854,51.864896],[0.120296,51.867511],[0.121782,51.870206],[0.12361,51.873528],[0.125442,51.876848],[0.127315,51.880252],[0.126788,51.883649],[0.126271,51.88695],[0.125686,51.890698],[0.125153,51.894118],[0.124641,51.897391],[0.124076,51.901006],[0.123544,51.904408],[0.123037,51.907631],[0.122482,51.911211],[0.121939,51.914675],[0.121858,51.917914],[0.12177,51.921371],[0.121686,51.924822],[0.121578,51.928587]]}},{"type":"Feature","properties":{"id":"ohl-202","kind":"ohl","name":"PELHAM - RYEHOUSE 1","voltage":"400","towers":"4ZM ROUTE TWR (078 - 082 - 4TB001A)","status":"C","gid":10004748,"risk":"SAFE","floodCodes":[],"floodNames":[]},"geometry":{"type":"LineString","coordinates":[[0.121578,51.928587],[0.118913,51.930772],[0.116817,51.932448],[0.115493,51.933543],[0.115977,51.935826],[0.117078,51.936226]]}},{"type":"Feature","properties":{"id":"ohl-203","kind":"ohl","name":"PELHAM - RYEHOUSE - WALTHAM CROSS 2","voltage":"400","towers":"4ZM ROUTE TWR (078 - 079B - 080B)","status":"C","gid":10004749,"risk":"SAFE","floodCodes":[],"floodNames":[]},"geometry":{"type":"LineString","coordinates":[[0.121578,51.928587],[0.120962,51.931525],[0.120409,51.934044]]}},{"type":"Feature","properties":{"id":"ohl-204","kind":"ohl","name":"BURWELL MAIN - PELHAM 1","voltage":"400","towers":"4ZM ROUTE TWR (083B - 084)","status":"C","gid":10004750,"risk":"SAFE","floodCodes":[],"floodNames":[]},"geometry":{"type":"LineString","coordinates":[[0.123681,51.93615],[0.120439,51.935923]]}},{"type":"Feature","properties":{"id":"ohl-205","kind":"ohl","name":"BURWELL MAIN - PELHAM 2","voltage":"400","towers":"4ZM ROUTE TWR (083A - 083C - 084)","status":"C","gid":10004751,"risk":"SAFE","floodCodes":[],"floodNames":[]},"geometry":{"type":"LineString","coordinates":[[0.124021,51.935802],[0.121952,51.935239],[0.12044,51.934885]]}},{"type":"Feature","properties":{"id":"ohl-206","kind":"ohl","name":"BURWELL MAIN - PELHAM 1","voltage":"400","towers":"4ZM ROUTE TWR (084 - 198)","status":"C","gid":10004752,"risk":"MEDIUM","floodCodes":["052FWFUCLCW","052FWFGRLB2","052FWFGRLB1","062FWF51Claverin"],"floodNames":["River Cam at Little Chesterford, Great Chesterford and Whittlesford","Wider area at risk from the River Granta at Linton and Babraham","Low lying areas close to the River Granta at Linton and Babraham","River Stort at Clavering and Manuden"]},"geometry":{"type":"LineString","coordinates":[[0.315137,52.277524],[0.31513,52.275166],[0.315116,52.271511],[0.31511,52.26793],[0.315094,52.264635],[0.313947,52.261001],[0.312916,52.257747],[0.312022,52.254922],[0.311268,52.252537],[0.310117,52.248899],[0.309041,52.2455],[0.307864,52.241783],[0.307108,52.239387],[0.306169,52.236416],[0.304771,52.234015],[0.302962,52.230909],[0.300998,52.227533],[0.299017,52.224156],[0.29703,52.220751],[0.295159,52.21755],[0.293328,52.214417],[0.291371,52.211067],[0.289341,52.207591],[0.287966,52.20525],[0.28583,52.201611],[0.283979,52.198458],[0.282313,52.195623],[0.280268,52.192139],[0.278376,52.188914],[0.276452,52.185636],[0.274479,52.182275],[0.272864,52.179514],[0.275185,52.176386],[0.277311,52.173526],[0.279699,52.170311],[0.282098,52.167092],[0.284562,52.163772],[0.286883,52.160652],[0.289394,52.157265],[0.288326,52.15405],[0.287253,52.15085],[0.285955,52.146967],[0.285047,52.144255],[0.283623,52.14],[0.282689,52.137213],[0.281588,52.133914],[0.280319,52.130124],[0.279248,52.126908],[0.277233,52.123906],[0.27489,52.120406],[0.273049,52.117651],[0.270633,52.11404],[0.268553,52.110929],[0.266423,52.107746],[0.26423,52.104488],[0.262705,52.100925],[0.261708,52.098598],[0.260412,52.095593],[0.258999,52.092306],[0.257584,52.089014],[0.256208,52.085811],[0.255018,52.083039],[0.253585,52.079709],[0.252287,52.076687],[0.250745,52.0738],[0.249099,52.07072],[0.247117,52.067016],[0.245418,52.063835],[0.243776,52.060767],[0.241853,52.057166],[0.240237,52.054143],[0.238558,52.051012],[0.234886,52.04962],[0.22971,52.047654],[0.225392,52.046021],[0.220891,52.044315],[0.216422,52.04262],[0.211266,52.040665],[0.206901,52.039012],[0.201262,52.036874],[0.197591,52.035478],[0.197253,52.032551],[0.196966,52.030062],[0.196501,52.026014],[0.196161,52.023052],[0.195846,52.020325],[0.195493,52.017273],[0.195204,52.014733],[0.194809,52.011316],[0.193117,52.008916],[0.19092,52.005797],[0.188565,52.002459],[0.186263,51.999189],[0.184096,51.996119],[0.181752,51.992788],[0.179426,51.989485],[0.177257,51.986407],[0.174917,51.983079],[0.172828,51.980115],[0.170264,51.976474],[0.168169,51.973497],[0.16575,51.970058],[0.163508,51.966869],[0.161151,51.963522],[0.158891,51.960308],[0.156484,51.956883],[0.15444,51.95398],[0.150519,51.951466],[0.147384,51.949449],[0.14323,51.946782],[0.139462,51.944363],[0.135316,51.941698],[0.131333,51.939138],[0.127176,51.936458],[0.124021,51.935802]]}},{"type":"Feature","properties":{"id":"ohl-207","kind":"ohl","name":"BURWELL MAIN - PELHAM 1","voltage":"400","towers":"4ZM ROUTE TWR (198 - 199A)","status":"C","gid":10004753,"risk":"SAFE","floodCodes":[],"floodNames":[]},"geometry":{"type":"LineString","coordinates":[[0.315137,52.277524],[0.313453,52.279321]]}},{"type":"Feature","properties":{"id":"ohl-208","kind":"ohl","name":"BURWELL MAIN - PELHAM 2","voltage":"400","towers":"4ZM ROUTE TWR (198 - 199C)","status":"C","gid":10004754,"risk":"SAFE","floodCodes":[],"floodNames":[]},"geometry":{"type":"LineString","coordinates":[[0.315289,52.280969],[0.315137,52.277524]]}},{"type":"Feature","properties":{"id":"ohl-209","kind":"ohl","name":"BURWELL MAIN - WALPOLE 2","voltage":"400","towers":"4ZM ROUTE TWR (199C - 200)","status":"C","gid":10004755,"risk":"SAFE","floodCodes":[],"floodNames":[]},"geometry":{"type":"LineString","coordinates":[[0.315817,52.28339],[0.315293,52.280988],[0.315289,52.280969]]}},{"type":"Feature","properties":{"id":"ohl-210","kind":"ohl","name":"BURWELL MAIN - WALPOLE 1","voltage":"400","towers":"4ZM ROUTE TWR (199B - 200)","status":"C","gid":10004756,"risk":"SAFE","floodCodes":[],"floodNames":[]},"geometry":{"type":"LineString","coordinates":[[0.315817,52.28339],[0.313649,52.281682]]}},{"type":"Feature","properties":{"id":"ohl-211","kind":"ohl","name":"BURWELL MAIN - WALPOLE 1","voltage":"400","towers":"4ZM ROUTE TWR (200 - 338)","status":"C","gid":10004757,"risk":"MEDIUM","floodCodes":["055FWTNENE2C","052FWTTRV_BRW3","052FWTTRV_BRW4","052FWTTRV_BRW2","052FWFHFWFDCD","052FWFOBFDWN"],"floodNames":["Wash Frontage and the right bank of the Tidal Nene from Walton Dam to Admiralty Point","Tidal breach east of Wisbech along the A47 at West Walton, Emneth Hungate and Terrington St John","Tidal River Great Ouse west bank breach at Nordelph, Barroway Drive and Stow Bridge","Tidal River Great Ouse west bank breach at Wiggenhall St Mary The Virgin, Tilney Fen End and Outwell","Hundred Foot Washes east bank Flood Defences at Coveney, Littleport and Denver","Old Bedford Counter Drain west bank Flood Defence at Welney, Christchurch and Nordelph"]},"geometry":{"type":"LineString","coordinates":[[0.197549,52.725656],[0.196654,52.723895],[0.19558,52.721831],[0.19779,52.718646],[0.199912,52.715593],[0.2023,52.712161],[0.204498,52.709001],[0.206832,52.705639],[0.208661,52.703012],[0.210838,52.699877],[0.212841,52.696997],[0.214993,52.693899],[0.217142,52.690805],[0.218845,52.688353],[0.221099,52.685107],[0.223433,52.681744],[0.225651,52.678551],[0.227533,52.675841],[0.23002,52.672259],[0.232054,52.669328],[0.234463,52.665858],[0.23633,52.663163],[0.237846,52.660979],[0.239955,52.657947],[0.242088,52.654869],[0.244475,52.651426],[0.245986,52.64845],[0.247119,52.646224],[0.248471,52.643573],[0.25038,52.639823],[0.251996,52.636651],[0.25382,52.633063],[0.255504,52.629748],[0.257216,52.626387],[0.258489,52.623884],[0.259873,52.621158],[0.261735,52.617497],[0.263383,52.614254],[0.265211,52.610659],[0.266462,52.608197],[0.268192,52.604794],[0.269679,52.601863],[0.271637,52.598014],[0.272981,52.595363],[0.27488,52.591628],[0.276422,52.588592],[0.278131,52.585228],[0.279718,52.582098],[0.281228,52.579117],[0.283224,52.575183],[0.28483,52.572021],[0.286699,52.568332],[0.288254,52.565271],[0.290214,52.561407],[0.29174,52.558405],[0.2939,52.554142],[0.29519,52.551597],[0.297384,52.547269],[0.298723,52.544629],[0.300265,52.541596],[0.302202,52.537771],[0.303719,52.534778],[0.305561,52.531141],[0.307227,52.527851],[0.308957,52.524436],[0.310518,52.521348],[0.312083,52.518261],[0.313461,52.51554],[0.315222,52.512062],[0.316872,52.508806],[0.318181,52.506218],[0.319846,52.502929],[0.321686,52.499293],[0.322713,52.497013],[0.324286,52.493525],[0.325856,52.490042],[0.327175,52.487115],[0.328773,52.483572],[0.330318,52.480142],[0.33186,52.476723],[0.333008,52.474172],[0.334234,52.471445],[0.33356,52.468175],[0.332846,52.464734],[0.332063,52.46097],[0.331496,52.458229],[0.330738,52.454568],[0.330006,52.451052],[0.329295,52.44761],[0.328672,52.444608],[0.327879,52.440777],[0.327203,52.437521],[0.326496,52.434108],[0.325701,52.430274],[0.325141,52.427568],[0.324404,52.424021],[0.323793,52.421063],[0.323014,52.417309],[0.322372,52.4142],[0.321807,52.411471],[0.321139,52.408242],[0.320425,52.404797],[0.319851,52.402023],[0.319146,52.398611],[0.318474,52.395368],[0.317673,52.391487],[0.317037,52.388441],[0.316981,52.386023],[0.31691,52.383005],[0.316832,52.379802],[0.316737,52.375953],[0.316656,52.372745],[0.316562,52.368955],[0.316935,52.365589],[0.317312,52.362163],[0.317731,52.358352],[0.318105,52.354942],[0.318484,52.35151],[0.318837,52.348305],[0.319186,52.345124],[0.319439,52.34282],[0.319348,52.339311],[0.31927,52.336241],[0.319186,52.333055],[0.319102,52.32973],[0.319002,52.325838],[0.31893,52.323034],[0.318853,52.320086],[0.318769,52.316846],[0.318687,52.313654],[0.318592,52.310037],[0.318499,52.30641],[0.318213,52.303937],[0.317849,52.300815],[0.317427,52.297204],[0.317022,52.293724],[0.316618,52.290243],[0.31622,52.28682],[0.315817,52.28339]]}},{"type":"Feature","properties":{"id":"ohl-212","kind":"ohl","name":"BURWELL MAIN - WALPOLE 1","voltage":"400","towers":"4ZM ROUTE TWR (338 - 338A)","status":"C","gid":10004758,"risk":"MEDIUM","floodCodes":["055FWTNENE2C"],"floodNames":["Wash Frontage and the right bank of the Tidal Nene from Walton Dam to Admiralty Point"]},"geometry":{"type":"LineString","coordinates":[[0.196946,52.726088],[0.197549,52.725656]]}},{"type":"Feature","properties":{"id":"ohl-213","kind":"ohl","name":"SPALDING NORTH - WALPOLE","voltage":"400","towers":"4ZM ROUTE TWR (339A - 339)","status":"C","gid":10004759,"risk":"MEDIUM","floodCodes":["055FWTNENE2C"],"floodNames":["Wash Frontage and the right bank of the Tidal Nene from Walton Dam to Admiralty Point"]},"geometry":{"type":"LineString","coordinates":[[0.196432,52.726116],[0.197045,52.725859]]}},{"type":"Feature","properties":{"id":"ohl-214","kind":"ohl","name":"SPALDING NORTH - WALPOLE","voltage":"400","towers":"4ZM ROUTE TWR (339 - 406 - 2WS017)","status":"C","gid":10004760,"risk":"MEDIUM","floodCodes":["055FWTNENE2B","055FWTNENE2C","055FWTWELL3","055FWTNENE3B","055FWTNENE3A","055FWTWELL4B"],"floodNames":["Wash Frontage and the left bank of the Tidal River Nene from Wisbech to Holbeach St Matthew","Wash Frontage and the right bank of the Tidal Nene from Walton Dam to Admiralty Point","Tidal flooding from the Right Bank of the River Welland near Spalding and Moulton Common","Holbeach, Fleet, Gedney and surrounding areas","Long Sutton to Newborough and surrounding areas","East of Spalding and surrounding areas"]},"geometry":{"type":"LineString","coordinates":[[-0.071943,52.838109],[-0.069473,52.836028],[-0.066466,52.833496],[-0.063467,52.830966],[-0.060302,52.8283],[-0.056954,52.825476],[-0.053805,52.822815],[-0.050533,52.820052],[-0.047053,52.817113],[-0.043712,52.8143],[-0.040127,52.813495],[-0.034279,52.812178],[-0.029744,52.811156],[-0.025397,52.810175],[-0.021375,52.809268],[-0.016414,52.808143],[-0.014348,52.805032],[-0.012742,52.802589],[-0.010951,52.799879],[-0.00936,52.797472],[-0.007312,52.794355],[-0.004342,52.792723],[0.000417,52.790099],[0.004082,52.788076],[0.008501,52.78564],[0.012814,52.783261],[0.017006,52.780948],[0.021257,52.778602],[0.025698,52.77615],[0.029724,52.773928],[0.033693,52.773001],[0.038038,52.771988],[0.042026,52.771057],[0.047599,52.769756],[0.052546,52.768601],[0.056925,52.767578],[0.06222,52.766342],[0.066571,52.765323],[0.072395,52.763962],[0.077333,52.762807],[0.083028,52.761479],[0.088298,52.760256],[0.091466,52.758183],[0.094587,52.756157],[0.098712,52.753481],[0.101034,52.751974],[0.105739,52.748917],[0.109154,52.746699],[0.112247,52.744688],[0.116226,52.742107],[0.119876,52.739737],[0.122332,52.738131],[0.127097,52.736273],[0.132187,52.734284],[0.136704,52.73407],[0.140755,52.733876],[0.147235,52.733566],[0.152321,52.733321],[0.158006,52.733049],[0.161903,52.732853],[0.167553,52.733119],[0.171133,52.733283],[0.177052,52.733555],[0.182246,52.733794],[0.188081,52.732352],[0.190566,52.729575],[0.193597,52.726186],[0.196432,52.726116]]}},{"type":"Feature","properties":{"id":"ohl-215","kind":"ohl","name":"BICKER FEN - SPALDING NORTH - WEST BURTON","voltage":"400","towers":"4ZM ROUTE TWR (447 - 408 - 2WS017)","status":"C","gid":10004761,"risk":"MEDIUM","floodCodes":["055FWTWELL3","055FWTWELL2","055FWTWELL1","053FWFPSFD04","053FWTWASH3B"],"floodNames":["Tidal flooding from the Right Bank of the River Welland near Spalding and Moulton Common","Tidal flooding from the Left Bank of the River Welland, including Surfleet Seas End and Fosdyke","Tidal Welland between Fulney and Fosdyke Bridge","Isolated properties and villages in the east of the South Forty Foot Drain","Area at risk from the furthest extent of tidal flooding from Holland Fen to Northgate"]},"geometry":{"type":"LineString","coordinates":[[-0.220154,52.930125],[-0.214947,52.927444],[-0.211754,52.925799],[-0.207479,52.923596],[-0.202954,52.921269],[-0.198449,52.918943],[-0.194125,52.916716],[-0.189912,52.914543],[-0.186281,52.912801],[-0.182268,52.910874],[-0.177308,52.908495],[-0.173363,52.906605],[-0.169111,52.904561],[-0.165429,52.902794],[-0.161992,52.901142],[-0.157744,52.899106],[-0.153971,52.896589],[-0.151298,52.894809],[-0.148056,52.89265],[-0.145269,52.890795],[-0.141405,52.888223],[-0.137776,52.885808],[-0.134308,52.883499],[-0.130963,52.881271],[-0.127484,52.878956],[-0.124336,52.876858],[-0.120072,52.874017],[-0.116313,52.871513],[-0.112323,52.868855],[-0.109023,52.866659],[-0.105331,52.864192],[-0.101693,52.861766],[-0.097498,52.858969],[-0.093663,52.856418],[-0.090739,52.853951],[-0.088656,52.852195],[-0.084901,52.849034],[-0.081641,52.846286],[-0.078363,52.843524],[-0.075471,52.841088],[-0.071943,52.838109]]}},{"type":"Feature","properties":{"id":"ohl-216","kind":"ohl","name":"BICKER FEN - WALPOLE - WEST BURTON","voltage":"400","towers":"4ZM ROUTE TWR (447 - 447B)","status":"C","gid":10004762,"risk":"MEDIUM","floodCodes":["053FWFPSFD04","053FWTWASH3B"],"floodNames":["Isolated properties and villages in the east of the South Forty Foot Drain","Area at risk from the furthest extent of tidal flooding from Holland Fen to Northgate"]},"geometry":{"type":"LineString","coordinates":[[-0.220156,52.930122],[-0.22008,52.930805]]}},{"type":"Feature","properties":{"id":"ohl-217","kind":"ohl","name":"BICKER FEN - SPALDING NORTH - WEST BURTON","voltage":"400","towers":"4ZM ROUTE TWR (447 - 447A)","status":"C","gid":10004763,"risk":"MEDIUM","floodCodes":["053FWFPSFD04","053FWTWASH3B"],"floodNames":["Isolated properties and villages in the east of the South Forty Foot Drain","Area at risk from the furthest extent of tidal flooding from Holland Fen to Northgate"]},"geometry":{"type":"LineString","coordinates":[[-0.221168,52.930169],[-0.220154,52.930125]]}},{"type":"Feature","properties":{"id":"ohl-218","kind":"ohl","name":"BICKER FEN - WALPOLE - WEST BURTON","voltage":"400","towers":"4ZM ROUTE TWR (448B - 448)","status":"C","gid":10004764,"risk":"MEDIUM","floodCodes":["053FWFPSFD04","053FWTWASH3B"],"floodNames":["Isolated properties and villages in the east of the South Forty Foot Drain","Area at risk from the furthest extent of tidal flooding from Holland Fen to Northgate"]},"geometry":{"type":"LineString","coordinates":[[-0.222258,52.931621],[-0.220916,52.93156]]}},{"type":"Feature","properties":{"id":"ohl-219","kind":"ohl","name":"BICKER FEN - SPALDING NORTH - WEST BURTON","voltage":"400","towers":"4ZM ROUTE TWR (448A - 448)","status":"C","gid":10004765,"risk":"MEDIUM","floodCodes":["053FWFPSFD04","053FWTWASH3B"],"floodNames":["Isolated properties and villages in the east of the South Forty Foot Drain","Area at risk from the furthest extent of tidal flooding from Holland Fen to Northgate"]},"geometry":{"type":"LineString","coordinates":[[-0.222258,52.931621],[-0.222028,52.930922]]}},{"type":"Feature","properties":{"id":"ohl-220","kind":"ohl","name":"BICKER FEN - SPALDING NORTH - WEST BURTON","voltage":"400","towers":"4ZM ROUTE TWR (448 - 630)","status":"C","gid":10004766,"risk":"MEDIUM","floodCodes":["053FWFPUWI09","034FWBTRCOTTAM","034FWBTRSPAWIGHA","034FWBTRTORKSEY","053FWFPSFD04","053FWTWASH3B","053FWFPSFD01","053FWFPUWI05"],"floodNames":["Fossdyke Canal and Tributaries from Torksey to Lincoln including Saxilby","River Trent at Cottam","River Trent at Spalford, Wigsley and Harby","River Trent at Torksey","Isolated properties and villages in the east of the South Forty Foot Drain","Area at risk from the furthest extent of tidal flooding from Holland Fen to Northgate","Isolated properties and villages in the west of the South Forty Foot Drain and its tributaries","Isolated properties and villages near the River Witham and River Brant from Claypole to Lincoln"]},"geometry":{"type":"LineString","coordinates":[[-0.807702,53.358615],[-0.805371,53.355948],[-0.803028,53.352793],[-0.80076,53.349744],[-0.798684,53.346954],[-0.797104,53.34482],[-0.794025,53.342133],[-0.790914,53.339409],[-0.787961,53.336822],[-0.785059,53.334288],[-0.781789,53.331427],[-0.778805,53.328811],[-0.774089,53.327417],[-0.769256,53.325988],[-0.76464,53.324624],[-0.759441,53.323086],[-0.754256,53.321551],[-0.751789,53.320823],[-0.745611,53.318994],[-0.740815,53.317573],[-0.735724,53.316067],[-0.73008,53.314395],[-0.724964,53.312878],[-0.719436,53.31124],[-0.71869,53.307925],[-0.717962,53.304697],[-0.717189,53.301254],[-0.716433,53.297897],[-0.715677,53.294485],[-0.713348,53.292299],[-0.710446,53.289552],[-0.707214,53.286503],[-0.704337,53.283786],[-0.701629,53.281226],[-0.698699,53.278454],[-0.695788,53.275703],[-0.692735,53.272816],[-0.689714,53.269957],[-0.68697,53.267361],[-0.6839,53.264458],[-0.680627,53.261356],[-0.678428,53.259287],[-0.677798,53.256044],[-0.677178,53.252887],[-0.676553,53.249684],[-0.676052,53.247098],[-0.674829,53.243687],[-0.673569,53.240153],[-0.672319,53.236638],[-0.671158,53.233389],[-0.670248,53.230822],[-0.668942,53.227159],[-0.667735,53.223765],[-0.666614,53.220608],[-0.665358,53.217073],[-0.664152,53.213678],[-0.662839,53.209971],[-0.661738,53.206864],[-0.660226,53.203931],[-0.658748,53.201054],[-0.65713,53.197905],[-0.655651,53.195026],[-0.654025,53.191894],[-0.649775,53.189826],[-0.645886,53.187949],[-0.64178,53.185962],[-0.637304,53.183796],[-0.63361,53.182008],[-0.63031,53.180409],[-0.627148,53.178877],[-0.623401,53.177061],[-0.621256,53.176023],[-0.617752,53.174325],[-0.614424,53.172711],[-0.610716,53.17092],[-0.608778,53.168417],[-0.606705,53.165758],[-0.604443,53.16286],[-0.602319,53.160133],[-0.599987,53.157139],[-0.597359,53.153768],[-0.595175,53.150962],[-0.592782,53.147894],[-0.590344,53.14476],[-0.587727,53.141402],[-0.585445,53.13846],[-0.582931,53.135232],[-0.578729,53.133407],[-0.575062,53.131811],[-0.571426,53.130229],[-0.567966,53.128724],[-0.564346,53.127155],[-0.559673,53.12687],[-0.554932,53.126588],[-0.550753,53.126341],[-0.544712,53.125981],[-0.538969,53.125638],[-0.53534,53.125423],[-0.531174,53.125174],[-0.525835,53.124855],[-0.52053,53.124542],[-0.516565,53.122143],[-0.512315,53.119572],[-0.508309,53.11715],[-0.504555,53.114879],[-0.500124,53.1122],[-0.496163,53.1098],[-0.492278,53.107451],[-0.488215,53.104984],[-0.48775,53.101858],[-0.487286,53.098664],[-0.486766,53.095055],[-0.485267,53.093022],[-0.483183,53.090173],[-0.481145,53.087396],[-0.479011,53.084484],[-0.476718,53.081349],[-0.474406,53.078198],[-0.472247,53.075243],[-0.468161,53.072869],[-0.464005,53.070447],[-0.460213,53.068238],[-0.456244,53.065926],[-0.452517,53.063754],[-0.449305,53.061882],[-0.445244,53.059516],[-0.441016,53.057043],[-0.437416,53.054944],[-0.43339,53.052598],[-0.429436,53.050291],[-0.427289,53.047814],[-0.424762,53.044896],[-0.422376,53.042148],[-0.419882,53.039276],[-0.414534,53.037939],[-0.408804,53.036507],[-0.4037,53.035229],[-0.39773,53.033739],[-0.393033,53.032561],[-0.386651,53.030966],[-0.38205,53.029815],[-0.377103,53.028578],[-0.371026,53.02706],[-0.367517,53.024342],[-0.363979,53.021612],[-0.36106,53.019356],[-0.357512,53.016619],[-0.354025,53.013925],[-0.350651,53.011319],[-0.34713,53.0086],[-0.343789,53.006023],[-0.339609,53.005026],[-0.334329,53.003766],[-0.329016,53.002498],[-0.32362,53.001212],[-0.317954,52.999858],[-0.312807,52.99863],[-0.307333,52.997321],[-0.302066,52.99607],[-0.298025,52.993513],[-0.294629,52.991371],[-0.290487,52.988762],[-0.286801,52.986436],[-0.282583,52.983774],[-0.278971,52.981497],[-0.276085,52.978403],[-0.273443,52.975571],[-0.270918,52.97286],[-0.267843,52.969558],[-0.265174,52.966694],[-0.26215,52.963449],[-0.259464,52.960569],[-0.256832,52.95774],[-0.253631,52.954313],[-0.250948,52.951427],[-0.247873,52.948115],[-0.244991,52.946265],[-0.24159,52.944077],[-0.237324,52.941326],[-0.234608,52.939579],[-0.230893,52.937186],[-0.227192,52.934799],[-0.222258,52.931621]]}},{"type":"Feature","properties":{"id":"ohl-221","kind":"ohl","name":"STALYBRIDGE - THORPE MARSH","voltage":"400","towers":"4ZO ROUTE (TWR 200 - 251B)","status":"C","gid":10004767,"risk":"SAFE","floodCodes":[],"floodNames":[]},"geometry":{"type":"LineString","coordinates":[[-1.252953,53.609689],[-1.25859,53.610392],[-1.264825,53.611154],[-1.270506,53.611846],[-1.276357,53.612549]]}},{"type":"Feature","properties":{"id":"ohl-222","kind":"ohl","name":"EGGBOROUGH - NEEPSEND - STOCKSBRIDGE","voltage":"400","towers":"4ZO ROUTE (TWR 200 - 251B)","status":"C","gid":10004768,"risk":"SAFE","floodCodes":[],"floodNames":[]},"geometry":{"type":"LineString","coordinates":[[-1.276357,53.612549],[-1.280022,53.612275],[-1.28111,53.610566],[-1.28584,53.610055]]}},{"type":"Feature","properties":{"id":"ohl-223","kind":"ohl","name":"STALYBRIDGE - THORPE MARSH","voltage":"400","towers":"4ZO ROUTE (TWR 200 - 251B)","status":"C","gid":10004769,"risk":"SAFE","floodCodes":[],"floodNames":[]},"geometry":{"type":"LineString","coordinates":[[-1.276357,53.612549],[-1.281204,53.61137],[-1.28584,53.610055]]}},{"type":"Feature","properties":{"id":"ohl-224","kind":"ohl","name":"STALYBRIDGE - THORPE MARSH","voltage":"400","towers":"4ZO ROUTE (TWR 200 - 251B)","status":"C","gid":10004770,"risk":"SAFE","floodCodes":[],"floodNames":[]},"geometry":{"type":"LineString","coordinates":[[-1.613513,53.496344],[-1.617881,53.495519],[-1.622568,53.495939],[-1.628028,53.496429],[-1.634521,53.497009],[-1.639938,53.497491],[-1.644412,53.498448],[-1.650425,53.499731],[-1.655698,53.500853],[-1.659082,53.501576],[-1.664022,53.502629],[-1.670411,53.503981],[-1.674655,53.505911],[-1.679332,53.508026],[-1.682586,53.509494],[-1.684759,53.511945],[-1.687382,53.514905],[-1.690464,53.51838],[-1.695047,53.519623],[-1.699961,53.520966],[-1.704835,53.521229],[-1.709422,53.521492],[-1.714341,53.520885],[-1.718903,53.52033],[-1.723288,53.521038],[-1.727634,53.521742],[-1.732632,53.521247],[-1.738543,53.520665],[-1.739798,53.520215]]}},{"type":"Feature","properties":{"id":"ohl-225","kind":"ohl","name":"KEARSLEY - PADIHAM","voltage":"400","towers":"4ZP ROUTE (TWR 2 - 145)","status":"C","gid":10004771,"risk":"MEDIUM","floodCodes":["012FWFL34C"],"floodNames":["River Calder at Padiham, comprising the business park at Mead Way"]},"geometry":{"type":"LineString","coordinates":[[-2.443668,53.756647],[-2.441823,53.76027],[-2.440355,53.762098],[-2.438288,53.764676],[-2.435955,53.76759],[-2.432256,53.768821],[-2.42699,53.770574],[-2.422371,53.772113],[-2.416901,53.773938],[-2.41202,53.77556],[-2.406969,53.777236],[-2.40264,53.779084],[-2.398786,53.780728],[-2.3931,53.783141],[-2.389479,53.78468],[-2.386222,53.786063],[-2.382468,53.787671],[-2.378708,53.788201],[-2.373862,53.788897],[-2.367358,53.78983],[-2.362622,53.791028],[-2.358039,53.792178],[-2.352642,53.793538],[-2.349399,53.794362],[-2.345192,53.794387],[-2.341496,53.794413],[-2.336303,53.794453],[-2.330878,53.794498],[-2.325422,53.793644],[-2.321687,53.796324]]}},{"type":"Feature","properties":{"id":"ohl-226","kind":"ohl","name":"PADIHAM - PENWORTHAM","voltage":"400","towers":"4ZP ROUTE (TWR 2 - 145)","status":"C","gid":10004772,"risk":"MEDIUM","floodCodes":["012FWFL34C"],"floodNames":["River Calder at Padiham, comprising the business park at Mead Way"]},"geometry":{"type":"LineString","coordinates":[[-2.321687,53.796324],[-2.320347,53.796347]]}},{"type":"Feature","properties":{"id":"ohl-227","kind":"ohl","name":"STALYBRIDGE - THORPE MARSH","voltage":"400","towers":"4ZO ROUTE (TWR 200 - 251B)","status":"C","gid":10004773,"risk":"MEDIUM","floodCodes":["123FWF606"],"floodNames":["River Don at Oxspring and Cheesebottom"]},"geometry":{"type":"LineString","coordinates":[[-1.28584,53.610055],[-1.290781,53.610036],[-1.296914,53.610016],[-1.301953,53.610002],[-1.307479,53.609986],[-1.312769,53.60997],[-1.317698,53.609956],[-1.323068,53.609939],[-1.326442,53.609936],[-1.331994,53.60859],[-1.33687,53.607421],[-1.34296,53.605952],[-1.348025,53.604728],[-1.353469,53.603416],[-1.35852,53.603581],[-1.364616,53.603776],[-1.370374,53.603958],[-1.374688,53.6041],[-1.379424,53.604252],[-1.384213,53.604405],[-1.388847,53.603734],[-1.394911,53.602852],[-1.400555,53.602035],[-1.406716,53.601146],[-1.41088,53.600546],[-1.415231,53.599924],[-1.418011,53.599533],[-1.422658,53.597723],[-1.4269,53.596082],[-1.4318,53.59418],[-1.434979,53.592944],[-1.438352,53.592603],[-1.443833,53.592046],[-1.449813,53.591433],[-1.453652,53.591037],[-1.459153,53.590751],[-1.46466,53.590463],[-1.470296,53.590166],[-1.475366,53.5899],[-1.480851,53.589615],[-1.485375,53.587938],[-1.486053,53.584408],[-1.486734,53.580816],[-1.492016,53.57945],[-1.496737,53.578231],[-1.500444,53.575889],[-1.503691,53.573845],[-1.508105,53.57107],[-1.511095,53.569191],[-1.515805,53.569457],[-1.520528,53.569723],[-1.52584,53.570019],[-1.530642,53.569859],[-1.535226,53.569704],[-1.539103,53.566734],[-1.542639,53.56402],[-1.545829,53.562672],[-1.549114,53.561282],[-1.552904,53.559679],[-1.556909,53.557986],[-1.561628,53.555991],[-1.565525,53.554344],[-1.569453,53.552685],[-1.572635,53.551338],[-1.577511,53.549276],[-1.580008,53.548214],[-1.581399,53.545315],[-1.582406,53.543202],[-1.584406,53.539004],[-1.58552,53.536649],[-1.588082,53.532611],[-1.589306,53.530675],[-1.593038,53.528875],[-1.597018,53.526954],[-1.600464,53.525291],[-1.603763,53.523693],[-1.60953,53.520896],[-1.609571,53.518737],[-1.609606,53.515267],[-1.609646,53.512174],[-1.608387,53.509945],[-1.606863,53.507233],[-1.605047,53.504004],[-1.603485,53.501232],[-1.604459,53.498071],[-1.607142,53.497564],[-1.611173,53.496798],[-1.613513,53.496344]]}},{"type":"Feature","properties":{"id":"ohl-228","kind":"ohl","name":"CREYKE BECK - HUMBER REFINERY - KEADBY","voltage":"400","towers":"4ZQ ROUTE TWR (001 - 002)","status":"C","gid":10004774,"risk":"MEDIUM","floodCodes":["034FWBTRKEADBY","034FWBTRCROWLE"],"floodNames":["River Trent at Keadby","River Trent at Crowle"]},"geometry":{"type":"LineString","coordinates":[[-0.756961,53.601449],[-0.757558,53.599138]]}},{"type":"Feature","properties":{"id":"ohl-229","kind":"ohl","name":"CREYKE BECK - KEADBY - KILLINGHOME","voltage":"400","towers":"4ZQ ROUTE TWR (001A - 002)","status":"C","gid":10004775,"risk":"MEDIUM","floodCodes":["034FWBTRKEADBY","034FWBTRCROWLE"],"floodNames":["River Trent at Keadby","River Trent at Crowle"]},"geometry":{"type":"LineString","coordinates":[[-0.756961,53.601449],[-0.756868,53.599309]]}},{"type":"Feature","properties":{"id":"ohl-230","kind":"ohl","name":"CREYKE BECK - HUMBER REFINERY - KEADBY","voltage":"400","towers":"ZQ ROUTE TWR (009 - ZZN029)","status":"C","gid":10004776,"risk":"MEDIUM","floodCodes":["122FWF191","034FWBTRKEADBY","122FWT038","034FWBTRCROWLE"],"floodNames":["Market Weighton Canal at Newport","River Trent at Keadby","North Bank of the Humber estuary at Broomfleet, Faxfleet, Blacktoft and Yokefleet","River Trent at Crowle"]},"geometry":{"type":"LineString","coordinates":[[-0.421042,53.800004],[-0.425556,53.800564],[-0.429457,53.801045],[-0.434606,53.80046],[-0.440124,53.799838],[-0.445932,53.79798],[-0.450349,53.796572],[-0.455546,53.794914],[-0.459737,53.79358],[-0.463595,53.79235],[-0.46769,53.791044],[-0.472681,53.789458],[-0.475016,53.787466],[-0.479734,53.785984],[-0.484536,53.784464],[-0.488621,53.783171],[-0.493627,53.781584],[-0.497319,53.780415],[-0.501092,53.779218],[-0.5051,53.777947],[-0.510181,53.776337],[-0.514545,53.775667],[-0.518895,53.775001],[-0.523431,53.774306],[-0.527571,53.773672],[-0.532985,53.772842],[-0.538698,53.771966],[-0.54365,53.771207],[-0.547797,53.770571],[-0.552127,53.769906],[-0.556614,53.769218],[-0.563592,53.768151],[-0.568033,53.766866],[-0.573529,53.765286],[-0.577004,53.762427],[-0.579534,53.760356],[-0.582947,53.757562],[-0.586439,53.754701],[-0.589844,53.751917],[-0.594667,53.751287],[-0.59965,53.750641],[-0.604505,53.750012],[-0.609654,53.749344],[-0.61491,53.748663],[-0.620636,53.747919],[-0.624225,53.747454],[-0.629303,53.746795],[-0.633632,53.746232],[-0.638167,53.74565],[-0.643353,53.744037],[-0.6473,53.742814],[-0.651777,53.741428],[-0.655459,53.740286],[-0.659941,53.738898],[-0.664522,53.737476],[-0.669448,53.735949],[-0.673938,53.734556],[-0.678182,53.733238],[-0.682823,53.731797],[-0.685968,53.73083],[-0.691489,53.729128],[-0.696587,53.727556],[-0.702056,53.72587],[-0.706687,53.724442],[-0.712849,53.722542],[-0.717366,53.721147],[-0.722782,53.71948],[-0.727997,53.717827],[-0.731836,53.716613],[-0.736728,53.715077],[-0.739323,53.713565],[-0.742731,53.711596],[-0.745877,53.709779],[-0.745952,53.707267],[-0.746085,53.702406],[-0.746182,53.699111],[-0.745832,53.697144],[-0.745249,53.693854],[-0.744643,53.690421],[-0.743977,53.68665],[-0.743482,53.68376],[-0.742284,53.681145],[-0.740623,53.677455],[-0.739325,53.674581],[-0.737964,53.671561],[-0.736386,53.668058],[-0.734951,53.664875],[-0.733512,53.661675],[-0.732234,53.658838],[-0.730984,53.656062],[-0.729676,53.653156],[-0.72898,53.651506],[-0.728408,53.650338],[-0.726999,53.64722],[-0.725464,53.643695],[-0.72442,53.641522],[-0.725679,53.63831],[-0.727043,53.634788],[-0.728309,53.631509],[-0.729607,53.628153],[-0.730515,53.625796],[-0.731763,53.622574],[-0.732934,53.619546],[-0.735434,53.616706],[-0.737726,53.614104],[-0.739923,53.611606],[-0.742646,53.608514],[-0.744883,53.605972],[-0.74715,53.603398],[-0.752802,53.602246],[-0.756961,53.601449]]}},{"type":"Feature","properties":{"id":"ohl-231","kind":"ohl","name":"CREYKE BECK - KEADBY - KILLINGHOME","voltage":"400","towers":"4ZQ ROUTE TWR (111 - 112)","status":"C","gid":10004777,"risk":"SAFE","floodCodes":[],"floodNames":[]},"geometry":{"type":"LineString","coordinates":[[-0.421042,53.800004],[-0.416455,53.799733]]}},{"type":"Feature","properties":{"id":"ohl-232","kind":"ohl","name":"CREYKE BECK - HUMBER REFINERY - KEADBY","voltage":"400","towers":"4ZQ ROUTE TWR (111 - 113)","status":"C","gid":10004778,"risk":"SAFE","floodCodes":[],"floodNames":[]},"geometry":{"type":"LineString","coordinates":[[-0.417071,53.800086],[-0.421042,53.800004]]}},{"type":"Feature","properties":{"id":"ohl-233","kind":"ohl","name":"FERRYBRIDGE 'C' - FERRYBRIDGE 'B' - SKELTON GRANGE 1","voltage":"275","towers":"4ZS ROUTE","status":"C","gid":10004779,"risk":"MEDIUM","floodCodes":["123FWF137"],"floodNames":["River Aire at Ferrybridge"]},"geometry":{"type":"LineString","coordinates":[[-1.269326,53.753192],[-1.269035,53.750568],[-1.268707,53.747434],[-1.268332,53.743792],[-1.26797,53.740533],[-1.269569,53.736724],[-1.270856,53.733635],[-1.273158,53.731404],[-1.274236,53.727648],[-1.277815,53.725622],[-1.281225,53.7237],[-1.282178,53.720142],[-1.282554,53.718731]]}},{"type":"Feature","properties":{"id":"ohl-234","kind":"ohl","name":"FERRYBRIDGE 'C' - FERRYBRIDGE 'B' - SKELTON GRANGE 1","voltage":"275","towers":"4ZS ROUTE","status":"C","gid":10004780,"risk":"MEDIUM","floodCodes":["123FWF137"],"floodNames":["River Aire at Ferrybridge"]},"geometry":{"type":"LineString","coordinates":[[-1.281225,53.7237],[-1.279477,53.721684]]}},{"type":"Feature","properties":{"id":"ohl-235","kind":"ohl","name":"FERRYBRIDGE 'C' - SKELTON GRANGE 2","voltage":"275","towers":"4ZS ROUTE","status":"C","gid":10004781,"risk":"SAFE","floodCodes":[],"floodNames":[]},"geometry":{"type":"LineString","coordinates":[[-1.269326,53.753192],[-1.268615,53.755552]]}},{"type":"Feature","properties":{"id":"ohl-236","kind":"ohl","name":"FERRYBRIDGE 'C' - FERRYBRIDGE 'B' - SKELTON GRANGE 1","voltage":"275","towers":"4ZS ROUTE","status":"C","gid":10004782,"risk":"SAFE","floodCodes":[],"floodNames":[]},"geometry":{"type":"LineString","coordinates":[[-1.268073,53.756123],[-1.269326,53.753192]]}},{"type":"Feature","properties":{"id":"ohl-237","kind":"ohl","name":"FERRYBRIDGE 'C' - FERRYBRIDGE 'B' - MONK FRYSTON","voltage":"275","towers":"4ZT ROUTE","status":"C","gid":10004783,"risk":"MEDIUM","floodCodes":["123FWF137"],"floodNames":["River Aire at Ferrybridge"]},"geometry":{"type":"LineString","coordinates":[[-1.270142,53.753855],[-1.270142,53.753855],[-1.270248,53.751219],[-1.27042,53.747413],[-1.270569,53.744073],[-1.270714,53.74079],[-1.271417,53.73746],[-1.272098,53.734163],[-1.27449,53.73213],[-1.275172,53.727819],[-1.278325,53.726037],[-1.282347,53.723778],[-1.28312,53.720461],[-1.283152,53.718487]]}},{"type":"Feature","properties":{"id":"ohl-238","kind":"ohl","name":"FERRYBRIDGE 'C' - FERRYBRIDGE 'B' - MONK FRYSTON","voltage":"275","towers":"4ZT ROUTE","status":"C","gid":10004784,"risk":"SAFE","floodCodes":[],"floodNames":[]},"geometry":{"type":"LineString","coordinates":[[-1.268447,53.756244],[-1.270142,53.753855]]}},{"type":"Feature","properties":{"id":"ohl-239","kind":"ohl","name":"FERRYBRIDGE 'C' - MONK FRYSTON","voltage":"275","towers":"4ZT ROUTE","status":"C","gid":10004785,"risk":"SAFE","floodCodes":[],"floodNames":[]},"geometry":{"type":"LineString","coordinates":[[-1.270142,53.753855],[-1.268534,53.756478]]}},{"type":"Feature","properties":{"id":"ohl-240","kind":"ohl","name":"CHESTERFIELD - HIGH MARNHAM 2","voltage":"275","towers":"4ZV ROUTE","status":"C","gid":10004786,"risk":"LOW","floodCodes":["034FWBTRMARNHAM"],"floodNames":["River Trent at High Marnham and Low Marnham"]},"geometry":{"type":"LineString","coordinates":[[-0.794497,53.225746],[-0.791858,53.227033]]}},{"type":"Feature","properties":{"id":"ohl-241","kind":"ohl","name":"CHESTERFIELD - HIGH MARNHAM 1","voltage":"275","towers":"4ZV ROUTE","status":"C","gid":10004787,"risk":"LOW","floodCodes":["034FWBTRMARNHAM"],"floodNames":["River Trent at High Marnham and Low Marnham"]},"geometry":{"type":"LineString","coordinates":[[-0.794497,53.225746],[-0.792367,53.227047]]}},{"type":"Feature","properties":{"id":"ohl-242","kind":"ohl","name":"CHESTERFIELD - HIGH MARNHAM 1","voltage":"275","towers":"4ZV ROUTE","status":"C","gid":10004788,"risk":"MEDIUM","floodCodes":["034FWBTRMARNHAM","034FWFMAEDWINOLL","034FWFMASHERCARA"],"floodNames":["River Trent at High Marnham and Low Marnham","River Maun at Edwinstowe and Ollerton","River Maun at Sherwood Forest Caravan Park near Kings Clipstone"]},"geometry":{"type":"LineString","coordinates":[[-1.389445,53.221595],[-1.38684,53.219124],[-1.383262,53.21572],[-1.380485,53.213069],[-1.375793,53.211682],[-1.370861,53.212066],[-1.365051,53.212507],[-1.360318,53.212875],[-1.356592,53.212409],[-1.35099,53.21173],[-1.345042,53.210998],[-1.339192,53.210278],[-1.335439,53.209819],[-1.329167,53.209047],[-1.323456,53.208591],[-1.318124,53.208167],[-1.312059,53.207672],[-1.306161,53.207206],[-1.301071,53.205277],[-1.297125,53.203789],[-1.292042,53.201868],[-1.287354,53.200087],[-1.282432,53.199101],[-1.277165,53.198034],[-1.271463,53.197151],[-1.265568,53.196238],[-1.260262,53.195415],[-1.255875,53.194735],[-1.249485,53.193745],[-1.245361,53.193108],[-1.239196,53.192153],[-1.234253,53.191384],[-1.22899,53.190572],[-1.223731,53.189757],[-1.217394,53.190357],[-1.212674,53.190811],[-1.20666,53.191394],[-1.201615,53.191882],[-1.196513,53.19238],[-1.190928,53.191639],[-1.186738,53.191092],[-1.181103,53.190353],[-1.176922,53.18981],[-1.172124,53.189182],[-1.166651,53.188471],[-1.163568,53.188061],[-1.157769,53.187297],[-1.152113,53.186652],[-1.14618,53.185969],[-1.140581,53.18533],[-1.134369,53.184615],[-1.129125,53.184019],[-1.123305,53.18335],[-1.117532,53.182686],[-1.111136,53.181954],[-1.105797,53.181336],[-1.10169,53.181407],[-1.096954,53.181481],[-1.093702,53.181533],[-1.088537,53.181613],[-1.082555,53.180843],[-1.076725,53.180094],[-1.070638,53.180213],[-1.065927,53.180306],[-1.059871,53.180433],[-1.05459,53.182497],[-1.049904,53.184333],[-1.045075,53.186226],[-1.039859,53.188266],[-1.034696,53.19029],[-1.030862,53.19179],[-1.026205,53.190315],[-1.021171,53.188729],[-1.017397,53.187538],[-1.011613,53.185716],[-1.006976,53.184254],[-1.001836,53.182631],[-0.996401,53.180908],[-0.991372,53.17932],[-0.985655,53.178613],[-0.980787,53.177998],[-0.975991,53.177395],[-0.971489,53.176826],[-0.966238,53.176168],[-0.961188,53.177387],[-0.955242,53.178825],[-0.950775,53.179908],[-0.945415,53.180637],[-0.939906,53.181388],[-0.934696,53.182098],[-0.928672,53.182919],[-0.923476,53.183627],[-0.920202,53.186123],[-0.916478,53.188955],[-0.910842,53.189935],[-0.905243,53.190904],[-0.901337,53.191581],[-0.896636,53.192395],[-0.890655,53.193432],[-0.88512,53.19438],[-0.879476,53.196223],[-0.875124,53.197636],[-0.870519,53.199132],[-0.866105,53.201189],[-0.862534,53.202852],[-0.858918,53.204535],[-0.855883,53.206523],[-0.851748,53.209227],[-0.848613,53.211276],[-0.844812,53.213763],[-0.83963,53.214999],[-0.834562,53.216208],[-0.830033,53.217287],[-0.824524,53.2186],[-0.818871,53.219945],[-0.81377,53.22116],[-0.807806,53.222576],[-0.803554,53.223589],[-0.798275,53.224845],[-0.794497,53.225746]]}},{"type":"Feature","properties":{"id":"ohl-243","kind":"ohl","name":"CHESTERFIELD - HIGH MARNHAM 1","voltage":"275","towers":"4ZV ROUTE","status":"C","gid":10004789,"risk":"SAFE","floodCodes":[],"floodNames":[]},"geometry":{"type":"LineString","coordinates":[[-1.389445,53.221595],[-1.389125,53.223685]]}},{"type":"Feature","properties":{"id":"ohl-244","kind":"ohl","name":"CHESTERFIELD - HIGH MARNHAM 2","voltage":"275","towers":"4ZV ROUTE","status":"C","gid":10004790,"risk":"SAFE","floodCodes":[],"floodNames":[]},"geometry":{"type":"LineString","coordinates":[[-1.390129,53.224719],[-1.389445,53.221595]]}},{"type":"Feature","properties":{"id":"ohl-245","kind":"ohl","name":"BRINSWORTH - CHESTERFIELD 1","voltage":"275","towers":"4ZV ROUTE","status":"C","gid":10004791,"risk":"SAFE","floodCodes":[],"floodNames":[]},"geometry":{"type":"LineString","coordinates":[[-1.388096,53.227458],[-1.388493,53.225315]]}},{"type":"Feature","properties":{"id":"ohl-246","kind":"ohl","name":"BRINSWORTH - CHESTERFIELD 2","voltage":"275","towers":"4ZV ROUTE","status":"C","gid":10004792,"risk":"SAFE","floodCodes":[],"floodNames":[]},"geometry":{"type":"LineString","coordinates":[[-1.390129,53.224719],[-1.388096,53.227458]]}},{"type":"Feature","properties":{"id":"ohl-247","kind":"ohl","name":"BRINSWORTH - CHESTERFIELD 1","voltage":"275","towers":"4ZV ROUTE","status":"C","gid":10004793,"risk":"MEDIUM","floodCodes":["123FWF706","123FWF466","123FWF716"],"floodNames":["River Rother at Killamarsh","River Rother and Smithy Brook at Renishaw","River Doe Lea at Staveley"]},"geometry":{"type":"LineString","coordinates":[[-1.388096,53.227458],[-1.384883,53.229605],[-1.381599,53.230505],[-1.377031,53.231761],[-1.37328,53.234046],[-1.370066,53.236007],[-1.368527,53.238685],[-1.366869,53.241554],[-1.36547,53.24396],[-1.364074,53.246893],[-1.362753,53.249645],[-1.358348,53.251124],[-1.353791,53.252656],[-1.347897,53.254623],[-1.345822,53.257512],[-1.342493,53.259058],[-1.338157,53.261074],[-1.334308,53.262883],[-1.333995,53.264982],[-1.333556,53.267872],[-1.333044,53.271282],[-1.333421,53.273751],[-1.333871,53.276909],[-1.334297,53.27984],[-1.334694,53.282764],[-1.335145,53.285808],[-1.335466,53.288113],[-1.336782,53.290272],[-1.338154,53.292566],[-1.336644,53.295507],[-1.335346,53.29802],[-1.332764,53.300528],[-1.331073,53.302165],[-1.332003,53.304601],[-1.333189,53.307701],[-1.334659,53.311521],[-1.334026,53.314289],[-1.333345,53.317335],[-1.332735,53.320051],[-1.332069,53.323081],[-1.330296,53.32559],[-1.328136,53.32867],[-1.3267,53.330714],[-1.327504,53.333815],[-1.328327,53.33698],[-1.32911,53.339995],[-1.32981,53.342705],[-1.330582,53.345672],[-1.331423,53.34891],[-1.332046,53.351316],[-1.332828,53.354296],[-1.333206,53.356816],[-1.333527,53.358891],[-1.333882,53.361272],[-1.330893,53.364212],[-1.331909,53.366462],[-1.333456,53.369885],[-1.334801,53.372869],[-1.332927,53.376736],[-1.331702,53.379261],[-1.330127,53.382528],[-1.329065,53.384725],[-1.328093,53.386722],[-1.33068,53.389637],[-1.333445,53.392737],[-1.335997,53.3956],[-1.338445,53.398344],[-1.342692,53.399265],[-1.347354,53.399896],[-1.349722,53.400221],[-1.351059,53.400426]]}},{"type":"Feature","properties":{"id":"ohl-248","kind":"ohl","name":"COVENTRY - NECHELLS","voltage":"400","towers":"4ZWW ROUTE TWR (059 - 060)","status":"C","gid":10004794,"risk":"SAFE","floodCodes":[],"floodNames":[]},"geometry":{"type":"LineString","coordinates":[[-1.469356,52.456666],[-1.463555,52.45721]]}},{"type":"Feature","properties":{"id":"ohl-249","kind":"ohl","name":"BERKSWELL - COVENTRY 1","voltage":"400","towers":"4ZWW ROUTE TWR (060 - YYA002)","status":"C","gid":10004795,"risk":"SAFE","floodCodes":[],"floodNames":[]},"geometry":{"type":"LineString","coordinates":[[-1.463555,52.45721],[-1.463555,52.45721],[-1.465156,52.456577]]}},{"type":"Feature","properties":{"id":"ohl-250","kind":"ohl","name":"MONK FRYSTON - PADIHAM","voltage":"400","towers":"4ZZ ROUTE TWR (001 - 122)","status":"C","gid":10004796,"risk":"MEDIUM","floodCodes":["123FWF129","123FWF759","123FWF126","123FWF131","123FWF362"],"floodNames":["River Aire at Allerton Ings, Barnsdale Road and Properties","River Calder at Whitwood Mere and Methley riverside properties","River Aire at Mickletown","River Aire at Newton and Fairburn","River Calder at Methley and Mickletown"]},"geometry":{"type":"LineString","coordinates":[[-1.805308,53.743732],[-1.798562,53.743514],[-1.796178,53.745338],[-1.792293,53.748277],[-1.788852,53.75088],[-1.786521,53.752644],[-1.781285,53.752004],[-1.775613,53.751321],[-1.771283,53.749945],[-1.765643,53.748156],[-1.761079,53.746716],[-1.755414,53.744925],[-1.752157,53.743892],[-1.748039,53.742587],[-1.741571,53.741844],[-1.736116,53.741218],[-1.731082,53.740636],[-1.725133,53.742472],[-1.722466,53.743293],[-1.719637,53.744164],[-1.71467,53.745696],[-1.710626,53.744289],[-1.707178,53.743094],[-1.701836,53.741237],[-1.699593,53.740445],[-1.696882,53.740906],[-1.693317,53.741482],[-1.687613,53.741642],[-1.684405,53.74173],[-1.679619,53.741874],[-1.676784,53.741275],[-1.671754,53.741825],[-1.668529,53.742182],[-1.663641,53.742321],[-1.660583,53.742406],[-1.655594,53.74219],[-1.65267,53.742067],[-1.647327,53.741841],[-1.643507,53.741354],[-1.639597,53.739156],[-1.636882,53.737651],[-1.63512,53.735335],[-1.633494,53.733209],[-1.631462,53.730549],[-1.62937,53.727826],[-1.628581,53.724988],[-1.624613,53.722624],[-1.620278,53.721645],[-1.616025,53.720676],[-1.611061,53.72004],[-1.606615,53.719475],[-1.60404,53.716824],[-1.601439,53.714142],[-1.597675,53.713368],[-1.593408,53.712488],[-1.59021,53.711829],[-1.586356,53.712087],[-1.582462,53.712349],[-1.576001,53.712786],[-1.571757,53.713074],[-1.567154,53.713155],[-1.562451,53.713237],[-1.55698,53.713334],[-1.552462,53.713412],[-1.547366,53.713503],[-1.541727,53.713601],[-1.535003,53.713716],[-1.532668,53.71518],[-1.529843,53.716952],[-1.526202,53.719242],[-1.522146,53.721043],[-1.517587,53.723062],[-1.514143,53.724707],[-1.510001,53.726691],[-1.505416,53.725312],[-1.500272,53.723766],[-1.495699,53.722389],[-1.491038,53.722194],[-1.485992,53.722503],[-1.480951,53.72281],[-1.476101,53.723773],[-1.470804,53.724275],[-1.464934,53.724838],[-1.460063,53.725308],[-1.455213,53.725497],[-1.449334,53.725729],[-1.443631,53.725949],[-1.437719,53.726177],[-1.4322,53.726405],[-1.428269,53.725728],[-1.423659,53.724938],[-1.418725,53.727051],[-1.413792,53.729163],[-1.409353,53.73106],[-1.40393,53.731097],[-1.39889,53.731129],[-1.393382,53.731163],[-1.389095,53.731819],[-1.384714,53.73248],[-1.379306,53.73329],[-1.374275,53.73406],[-1.370197,53.735591],[-1.364955,53.737555],[-1.360284,53.739299],[-1.355976,53.740906],[-1.351134,53.742719],[-1.347401,53.744119],[-1.341979,53.745261],[-1.337031,53.746308],[-1.33085,53.747627],[-1.325942,53.748657],[-1.320403,53.749824],[-1.314526,53.751073],[-1.310846,53.751851],[-1.306348,53.752802],[-1.300789,53.753539],[-1.29449,53.754382],[-1.289038,53.755112],[-1.283192,53.755892],[-1.278564,53.756505],[-1.273837,53.757146],[-1.268415,53.756682]]}},{"type":"Feature","properties":{"id":"ohl-251","kind":"ohl","name":"BRADFORD WEST - PADIHAM","voltage":"400","towers":"4ZZ ROUTE TWR (122 - 157)","status":"C","gid":10004797,"risk":"SAFE","floodCodes":[],"floodNames":[]},"geometry":{"type":"LineString","coordinates":[[-1.862531,53.810283],[-1.860776,53.807065],[-1.860935,53.805457],[-1.865478,53.802661],[-1.869159,53.800397],[-1.87289,53.798097],[-1.876713,53.795745],[-1.879841,53.793824],[-1.878995,53.791762],[-1.878107,53.789558],[-1.873356,53.787052],[-1.870088,53.785326],[-1.865376,53.78283],[-1.861663,53.782727],[-1.858308,53.78263],[-1.851087,53.782423],[-1.84906,53.78138],[-1.844374,53.778983],[-1.841212,53.777361],[-1.835551,53.775142],[-1.832647,53.774008],[-1.830782,53.771064],[-1.829069,53.768366],[-1.826933,53.765022],[-1.826388,53.761489],[-1.825964,53.758832],[-1.825442,53.755627],[-1.826624,53.753765],[-1.828346,53.751021],[-1.829995,53.748391],[-1.827685,53.746324],[-1.825538,53.744396],[-1.821393,53.744257],[-1.816541,53.744102],[-1.810136,53.743892],[-1.805308,53.743732]]}},{"type":"Feature","properties":{"id":"ohl-252","kind":"ohl","name":"BRADFORD WEST - PADIHAM","voltage":"400","towers":"4ZZ ROUTE TWR (157 - 158)","status":"C","gid":10004798,"risk":"SAFE","floodCodes":[],"floodNames":[]},"geometry":{"type":"LineString","coordinates":[[-1.862531,53.810283],[-1.863919,53.810526]]}},{"type":"Feature","properties":{"id":"ohl-253","kind":"ohl","name":"BRADFORD WEST - MONK FRYSTON","voltage":"400","towers":"4ZZ ROUTE TWR (157 - 159)","status":"C","gid":10004799,"risk":"SAFE","floodCodes":[],"floodNames":[]},"geometry":{"type":"LineString","coordinates":[[-1.863909,53.811196],[-1.862531,53.810283]]}},{"type":"Feature","properties":{"id":"ohl-254","kind":"ohl","name":"COTTAM - STAYTHORPE 1","voltage":"400","towers":"ZDA ROUTE TWR (251 - 253 - ZDF002)","status":"C","gid":10004800,"risk":"MEDIUM","floodCodes":["034FWBTRMARNHAM"],"floodNames":["River Trent at High Marnham and Low Marnham"]},"geometry":{"type":"LineString","coordinates":[[-0.784639,53.230463],[-0.785248,53.227321],[-0.789035,53.226455],[-0.793654,53.225393]]}},{"type":"Feature","properties":{"id":"ohl-255","kind":"ohl","name":"COTTAM - GRENDON","voltage":"400","towers":"4VE ROUTE TWR (021A - 047)","status":"C","gid":10004801,"risk":"MEDIUM","floodCodes":["034FWBTRLANEHAM","034FWBTRCOTTAM","034FWBTRMARNHAM","034FWBTRFLEDBORO","034FWBTRDUNHAM"],"floodNames":["River Trent at Laneham and Church Laneham","River Trent at Cottam","River Trent at High Marnham and Low Marnham","River Trent at Fledborough and Ragnall","River Trent at Dunham-on-Trent"]},"geometry":{"type":"LineString","coordinates":[[-0.783457,53.299806],[-0.783464,53.297911],[-0.784244,53.294608],[-0.784918,53.291725],[-0.785656,53.288606],[-0.786343,53.285683],[-0.787246,53.281839],[-0.787821,53.27942],[-0.786335,53.276844],[-0.784865,53.274286],[-0.783199,53.271379],[-0.781399,53.268241],[-0.779728,53.265321],[-0.778246,53.262741],[-0.778656,53.260288],[-0.779276,53.25661],[-0.779824,53.253364],[-0.780307,53.250528],[-0.780754,53.247863],[-0.781112,53.245735],[-0.781628,53.242688],[-0.782095,53.239938],[-0.782782,53.23585],[-0.783162,53.233601],[-0.783927,53.230364],[-0.784694,53.227131],[-0.788996,53.226018]]}},{"type":"Feature","properties":{"id":"ohl-256","kind":"ohl","name":"HIGH MARNHAM - THURCROFT - WEST MELTON","voltage":"275","towers":"XE ROUTE","status":"C","gid":10004802,"risk":"MEDIUM","floodCodes":["034FWFRYBLYTH"],"floodNames":["River Ryton at Blyth"]},"geometry":{"type":"LineString","coordinates":[[-1.244478,53.444966],[-1.241603,53.445401],[-1.237927,53.444467],[-1.233934,53.443454],[-1.228852,53.442162],[-1.224161,53.440968],[-1.219365,53.439751],[-1.214288,53.438462],[-1.209638,53.437286],[-1.204524,53.435987],[-1.200523,53.434972],[-1.19453,53.434884],[-1.189059,53.434804],[-1.183751,53.434729],[-1.178676,53.434657],[-1.174235,53.434594],[-1.168961,53.434519],[-1.165109,53.434463],[-1.160904,53.434404],[-1.154332,53.434312],[-1.149744,53.432738],[-1.14557,53.431308],[-1.141741,53.429994],[-1.137909,53.428681],[-1.133336,53.427115],[-1.128082,53.425313],[-1.123366,53.423696],[-1.11977,53.422462],[-1.115398,53.420966],[-1.113786,53.418781],[-1.111938,53.416274],[-1.110176,53.413891],[-1.108507,53.411631],[-1.106878,53.409426],[-1.104487,53.406187],[-1.102316,53.403245],[-1.100297,53.400508],[-1.098604,53.398216],[-1.096174,53.394923],[-1.093746,53.391632],[-1.09093,53.389404],[-1.088085,53.387151],[-1.084978,53.384692],[-1.081907,53.38226],[-1.078407,53.37949],[-1.075564,53.377237],[-1.072065,53.374459],[-1.066575,53.373155],[-1.061371,53.371917],[-1.057295,53.370946],[-1.053033,53.369934],[-1.047875,53.368709],[-1.04424,53.366644],[-1.040094,53.364286],[-1.036105,53.362021],[-1.032107,53.35975],[-1.028449,53.357674],[-1.024789,53.355597],[-1.021854,53.352818],[-1.018887,53.350008],[-1.015908,53.347186],[-1.013031,53.344461],[-1.010644,53.3422],[-1.010328,53.338904],[-1.01004,53.335891],[-1.009806,53.333432],[-1.00951,53.330352],[-1.00917,53.3268],[-1.008828,53.323239],[-1.008515,53.31996],[-1.007585,53.316893],[-1.006834,53.314417],[-1.005905,53.311347],[-1.005093,53.308668],[-1.004373,53.306288],[-1.003533,53.303516],[-1.004486,53.30031],[-1.005485,53.296941],[-1.006428,53.293746],[-1.007391,53.290511],[-1.008424,53.28704],[-1.009381,53.283804],[-1.010342,53.280568],[-1.011141,53.277867],[-1.012071,53.274742],[-1.012864,53.272053],[-1.013776,53.268975],[-1.014578,53.266277],[-1.015546,53.263046],[-1.012918,53.260806],[-1.009941,53.25825],[-1.00698,53.255709],[-1.003609,53.252816],[-1.001017,53.250592],[-0.997982,53.247985],[-0.994579,53.245069],[-0.991473,53.242398],[-0.98775,53.240555],[-0.983509,53.238456],[-0.979638,53.236542],[-0.975875,53.23468],[-0.971873,53.232694],[-0.967722,53.230642],[-0.963855,53.228728],[-0.959588,53.226622],[-0.956945,53.223905],[-0.952738,53.222845],[-0.948117,53.221659],[-0.943913,53.220582],[-0.939886,53.219547],[-0.935549,53.218433],[-0.931814,53.218362],[-0.927253,53.218274],[-0.922699,53.218182],[-0.917901,53.218096],[-0.912647,53.217998],[-0.907514,53.217899],[-0.902385,53.2178],[-0.897351,53.21814],[-0.892406,53.218472],[-0.887418,53.218807],[-0.883349,53.21908],[-0.87926,53.219355],[-0.875102,53.219635],[-0.870601,53.220142],[-0.865679,53.220698],[-0.860295,53.221306],[-0.855096,53.221893],[-0.849846,53.222485],[-0.844279,53.223113],[-0.839215,53.223685],[-0.833573,53.224321],[-0.82812,53.224937],[-0.8239,53.225412],[-0.81871,53.225624],[-0.81319,53.225852],[-0.807169,53.226101],[-0.802912,53.226275],[-0.797281,53.226508],[-0.79369,53.226904]]}},{"type":"Feature","properties":{"id":"ohl-257","kind":"ohl","name":"COTTAM - KEADBY 1","voltage":"400","towers":"4VE ROUTE TWR (001A - 020A)","status":"C","gid":10004803,"risk":"MEDIUM","floodCodes":["034FWBTRCOTTAM"],"floodNames":["River Trent at Cottam"]},"geometry":{"type":"LineString","coordinates":[[-0.783601,53.301066],[-0.785438,53.302064],[-0.78658,53.304485],[-0.78766,53.306758],[-0.788748,53.309062],[-0.790498,53.312742],[-0.791639,53.31515],[-0.79288,53.31776],[-0.794318,53.320803],[-0.795794,53.323913],[-0.797285,53.327055],[-0.798912,53.330479],[-0.800572,53.333969],[-0.802135,53.337252],[-0.80364,53.34042],[-0.805161,53.34361],[-0.806693,53.346824],[-0.808269,53.350135],[-0.80981,53.353374],[-0.807886,53.357014],[-0.808412,53.357718]]}},{"type":"Feature","properties":{"id":"ohl-258","kind":"ohl","name":"BRAMFORD - SIZEWELL 1","voltage":"400","towers":"4ZW ROUTE TWR (001B - 001A -001 - 119)","status":"C","gid":10004804,"risk":"MEDIUM","floodCodes":["054FWFSF3B","054FWCDV3B10","054FWFSF3A","054FWFSF4C","054FWFSF4B","054FWCDV3B12","054FWFSF4G"],"floodNames":["The Thorpeness Hundred River from Knodishall to Aldringham","Minsmere Marshes on the Suffolk coast","The Rivers Minsmere and Yox, from Sibton and Peasenhall to the Minsmere Levels","The River Lark from Clopton to Martlesham","The River Deben from downstream of Cretingham to Ufford","Snape and Iken","The River Gipping from Needham Market to London Road Bridge, Ipswich"]},"geometry":{"type":"LineString","coordinates":[[1.615278,52.214538],[1.613832,52.212572],[1.613779,52.210501],[1.61327,52.207546],[1.609026,52.20498],[1.605382,52.202834],[1.601197,52.200327],[1.597839,52.198334],[1.591832,52.197669],[1.586236,52.197068],[1.580229,52.196442],[1.574943,52.195865],[1.571265,52.195454],[1.567413,52.195058],[1.561391,52.195806],[1.556006,52.196487],[1.551009,52.197119],[1.546774,52.197653],[1.541825,52.198278],[1.53784,52.198781],[1.533195,52.199352],[1.528473,52.197594],[1.524188,52.19598],[1.519345,52.194121],[1.51438,52.192288],[1.509376,52.190379],[1.50434,52.188506],[1.500025,52.186853],[1.496658,52.185611],[1.493393,52.183839],[1.489176,52.181553],[1.485278,52.179429],[1.481803,52.177474],[1.477702,52.175227],[1.474114,52.173262],[1.469593,52.170783],[1.466043,52.168831],[1.461076,52.16791],[1.455118,52.166718],[1.449934,52.165701],[1.444068,52.16455],[1.438752,52.163518],[1.433627,52.16249],[1.427703,52.16134],[1.422426,52.160303],[1.418054,52.15948],[1.413313,52.158517],[1.408314,52.157538],[1.403114,52.156495],[1.398939,52.154483],[1.394381,52.152225],[1.390073,52.150114],[1.385297,52.147762],[1.380762,52.145985],[1.376487,52.144363],[1.372406,52.142789],[1.368261,52.141136],[1.364633,52.139738],[1.358748,52.13924],[1.352943,52.13873],[1.347182,52.13822],[1.341226,52.137733],[1.335605,52.137244],[1.32979,52.136878],[1.325089,52.136561],[1.318948,52.13615],[1.313923,52.135788],[1.30865,52.135441],[1.303625,52.135088],[1.299057,52.134793],[1.294914,52.134504],[1.290578,52.133177],[1.285359,52.131569],[1.280278,52.130047],[1.27536,52.128556],[1.270217,52.126972],[1.266076,52.125504],[1.261519,52.123921],[1.256722,52.122264],[1.252783,52.12086],[1.246913,52.118795],[1.242838,52.117404],[1.238556,52.115857],[1.234516,52.114435],[1.22987,52.112841],[1.225881,52.111412],[1.220845,52.109643],[1.216125,52.108],[1.211178,52.107056],[1.205658,52.106055],[1.200052,52.105074],[1.195171,52.104217],[1.189061,52.103124],[1.184225,52.102085],[1.179416,52.101043],[1.174525,52.099991],[1.169174,52.098876],[1.16427,52.097807],[1.159667,52.096811],[1.154698,52.09573],[1.150208,52.094789],[1.14475,52.093595],[1.14039,52.092632],[1.135788,52.091631],[1.129854,52.090305],[1.12492,52.089194],[1.119173,52.087917],[1.11396,52.08675],[1.109347,52.085702],[1.104769,52.084696],[1.099436,52.084995],[1.094113,52.085294],[1.088363,52.085619],[1.082775,52.085933],[1.076626,52.086282],[1.073745,52.084114],[1.069699,52.081077],[1.066361,52.078571],[1.063556,52.076465],[1.063954,52.073678],[1.063672,52.071874]]}},{"type":"Feature","properties":{"id":"ohl-259","kind":"ohl","name":"BRAMFORD - NORWICH MAIN 1","voltage":"400","towers":"4YM ROUTE TWR (001 - 195)","status":"C","gid":10004805,"risk":"MEDIUM","floodCodes":["054FWFSF1A","054FWFSF4G"],"floodNames":["The River Waveney from Diss to Bungay","The River Gipping from Needham Market to London Road Bridge, Ipswich"]},"geometry":{"type":"LineString","coordinates":[[1.060857,52.072573],[1.0599,52.075357],[1.057187,52.078315],[1.054665,52.08107],[1.055351,52.084141],[1.056069,52.087337],[1.056838,52.090802],[1.057356,52.093105],[1.057841,52.096296],[1.058226,52.098847],[1.058499,52.100659],[1.058797,52.102635],[1.059234,52.105565],[1.057408,52.107955],[1.055148,52.1109],[1.052693,52.114097],[1.050853,52.116472],[1.05049,52.118606],[1.049838,52.122408],[1.049272,52.125683],[1.048824,52.128268],[1.048413,52.130648],[1.048146,52.132243],[1.050668,52.133552],[1.05374,52.135138],[1.056982,52.136814],[1.060591,52.138676],[1.063545,52.140202],[1.067979,52.142489],[1.072064,52.144599],[1.075564,52.146407],[1.076459,52.149512],[1.077436,52.152899],[1.078329,52.156004],[1.079135,52.158814],[1.079901,52.161485],[1.080583,52.164164],[1.081162,52.166436],[1.081913,52.169392],[1.082687,52.172439],[1.083506,52.175659],[1.08413,52.178108],[1.084941,52.181297],[1.085681,52.184202],[1.086163,52.186111],[1.086918,52.189034],[1.086752,52.191369],[1.086595,52.19371],[1.085393,52.196055],[1.084057,52.19868],[1.082852,52.201038],[1.085607,52.202336],[1.088545,52.203723],[1.08878,52.206317],[1.089065,52.209623],[1.089275,52.212059],[1.089536,52.215066],[1.089749,52.217567],[1.090024,52.22079],[1.087673,52.223427],[1.085627,52.225719],[1.08382,52.22774],[1.081214,52.230657],[1.078748,52.233415],[1.076212,52.236254],[1.07385,52.238895],[1.071294,52.241755],[1.068823,52.244518],[1.066551,52.247055],[1.064122,52.24977],[1.066615,52.252576],[1.069085,52.25536],[1.071481,52.258053],[1.074051,52.26094],[1.076472,52.263666],[1.078717,52.266193],[1.081354,52.269158],[1.082364,52.272199],[1.083335,52.275139],[1.084322,52.278119],[1.085369,52.281282],[1.086383,52.284342],[1.087379,52.287355],[1.088526,52.290365],[1.089617,52.293217],[1.090434,52.296127],[1.091247,52.29901],[1.092014,52.301723],[1.092749,52.30435],[1.094042,52.307463],[1.094905,52.309557],[1.096278,52.312867],[1.097361,52.315481],[1.098443,52.318087],[1.099378,52.320299],[1.098035,52.323425],[1.096788,52.326322],[1.0997,52.328785],[1.10205,52.330769],[1.104757,52.333056],[1.107871,52.335398],[1.111018,52.337768],[1.114226,52.340186],[1.117211,52.342432],[1.120395,52.344829],[1.123487,52.34716],[1.125734,52.348861],[1.129927,52.350906],[1.133521,52.352664],[1.136642,52.35419],[1.140675,52.356166],[1.141863,52.358566],[1.143294,52.361366],[1.144432,52.363613],[1.143141,52.365585],[1.141655,52.367828],[1.139622,52.370859],[1.140299,52.374205],[1.141004,52.377791],[1.142659,52.380766],[1.14137,52.383367],[1.140316,52.385474],[1.139286,52.387511],[1.140177,52.390274],[1.142298,52.392455],[1.144765,52.395005],[1.147128,52.397447],[1.149465,52.399861],[1.151809,52.402281],[1.154323,52.404874],[1.156515,52.407133],[1.158851,52.409909],[1.161291,52.412815],[1.163738,52.415725],[1.166407,52.418908],[1.169135,52.42214],[1.170408,52.425192],[1.17146,52.427694],[1.172688,52.430624],[1.17354,52.432655],[1.174753,52.435539],[1.176155,52.438879],[1.177265,52.44152],[1.178543,52.444561],[1.179789,52.447576],[1.182855,52.450057],[1.185434,52.452159],[1.188128,52.454358],[1.1913,52.456943],[1.194078,52.459214],[1.197003,52.461599],[1.197577,52.464612],[1.198015,52.467052],[1.198552,52.470029],[1.199015,52.472596],[1.19963,52.476003],[1.200192,52.479295],[1.20287,52.482346],[1.204163,52.483815],[1.205096,52.486328],[1.206241,52.489383],[1.207388,52.492424],[1.208699,52.495913],[1.209682,52.498527],[1.210593,52.500951],[1.211571,52.503547],[1.212504,52.506025],[1.213471,52.508631],[1.216291,52.510979],[1.218531,52.512856],[1.220616,52.514604],[1.223572,52.517084],[1.226324,52.51939],[1.228324,52.521062],[1.231036,52.523334],[1.23384,52.525679],[1.235967,52.527464],[1.238475,52.529566],[1.241664,52.532236],[1.244497,52.5346],[1.245826,52.536426],[1.248214,52.539688],[1.24987,52.54195],[1.251518,52.544199],[1.253334,52.546682],[1.255479,52.549612],[1.257516,52.552394],[1.259368,52.554924],[1.260725,52.556773],[1.26265,52.5594],[1.264447,52.561857],[1.266599,52.564786],[1.268469,52.567334],[1.270212,52.570059],[1.271937,52.57274]]}},{"type":"Feature","properties":{"id":"ohl-260","kind":"ohl","name":"NORWICH MAIN - NORWICH TROWSE 1","voltage":"132","towers":"PHC ROUTE","status":"C","gid":10004806,"risk":"MEDIUM","floodCodes":["054FWFNF3D"],"floodNames":["The River Yare from the A11 at Cringleford to Trowse Newton"]},"geometry":{"type":"LineString","coordinates":[[1.307108,52.60715],[1.306527,52.605319],[1.30456,52.603476],[1.303087,52.602103],[1.301136,52.600283],[1.298723,52.598028],[1.296647,52.596089],[1.294191,52.593795],[1.292155,52.59189],[1.289702,52.589599],[1.287446,52.587788],[1.28498,52.58581],[1.282881,52.584125],[1.27996,52.581783],[1.277759,52.580016],[1.275894,52.578519],[1.274917,52.577057],[1.275305,52.57485]]}},{"type":"Feature","properties":{"id":"ohl-261","kind":"ohl","name":"PELHAM - RYEHOUSE 1","voltage":"400","towers":"4ZM ROUTE TWR (001 - 017)","status":"C","gid":10004807,"risk":"MEDIUM","floodCodes":["062FWF53Nazeing","062FWF53Hoddesdn"],"floodNames":["Nazeing Brook at Lower Nazeing","Lower River Lee at Hoddesdon and Cheshunt"]},"geometry":{"type":"LineString","coordinates":[[0.011918,51.759971],[0.011721,51.758719],[0.012261,51.757356],[0.012387,51.75426],[0.010197,51.750591],[0.008613,51.74793],[0.007167,51.7455],[0.004429,51.742552],[0.001434,51.739317],[-0.001387,51.736269],[-0.005083,51.733548],[-0.00803,51.731376],[-0.009214,51.728954],[-0.010878,51.725572],[-0.012354,51.722547],[-0.013612,51.719981],[-0.011011,51.717455],[-0.010886,51.715386]]}},{"type":"Feature","properties":{"id":"ohl-262","kind":"ohl","name":"KEADBY - KILLINGHOLME","voltage":"400","towers":"4KG ROUTE TWR (001 - 022)","status":"C","gid":10004808,"risk":"MEDIUM","floodCodes":["034FWBTRKEADBY","034FWBTRCROWLE"],"floodNames":["River Trent at Keadby","River Trent at Crowle"]},"geometry":{"type":"LineString","coordinates":[[-0.712822,53.651481],[-0.713771,53.648647],[-0.7147,53.645882],[-0.715804,53.642621],[-0.716638,53.640153],[-0.717479,53.637663],[-0.718426,53.634852],[-0.719407,53.631935],[-0.720473,53.628793],[-0.721132,53.626804],[-0.723714,53.624242],[-0.726091,53.621871],[-0.728712,53.619255],[-0.731474,53.616496],[-0.733806,53.614171],[-0.736475,53.611507],[-0.739129,53.60886],[-0.741772,53.60622],[-0.74439,53.603606],[-0.747103,53.600879],[-0.750692,53.600166],[-0.75618,53.599059],[-0.757558,53.599138]]}},{"type":"Feature","properties":{"id":"ohl-263","kind":"ohl","name":"CREYKE BECK - HUMBER REFINERY - KEADBY","voltage":"400","towers":"2KN ROUTE TWR (007 - 032)","status":"C","gid":10004809,"risk":"MEDIUM","floodCodes":["034FWBTRKEADBY","034FWBTRBURRINGM"],"floodNames":["River Trent at Keadby","River Trent at Burringham"]},"geometry":{"type":"LineString","coordinates":[[-0.589068,53.671203],[-0.593397,53.671346],[-0.598347,53.671506],[-0.604225,53.6717],[-0.609268,53.671864],[-0.614559,53.672036],[-0.621397,53.672256],[-0.624882,53.672373],[-0.629975,53.672538],[-0.634715,53.672698],[-0.63943,53.672295],[-0.643538,53.671946],[-0.648465,53.671532],[-0.653341,53.671118],[-0.658452,53.670686],[-0.663463,53.670258],[-0.668006,53.669874],[-0.672714,53.669472],[-0.678018,53.669322],[-0.683207,53.669174],[-0.692577,53.668906],[-0.69718,53.668775],[-0.698749,53.666852],[-0.701418,53.663616],[-0.702811,53.661927],[-0.70504,53.659219]]}},{"type":"Feature","properties":{"id":"ohl-264","kind":"ohl","name":"CREYKE BECK - THORNTON 1","voltage":"400","towers":"4ZR ROUTE TWR (001 - 87A)","status":"C","gid":10004810,"risk":"MEDIUM","floodCodes":["122FWF017"],"floodNames":["Bielby Beck at Bielby"]},"geometry":{"type":"LineString","coordinates":[[-0.821515,53.899452],[-0.822322,53.897152],[-0.81863,53.896321],[-0.813654,53.895201],[-0.808364,53.894008],[-0.80391,53.893008],[-0.798585,53.89181],[-0.794515,53.890893],[-0.789424,53.889723],[-0.784714,53.88864],[-0.778104,53.887117],[-0.773669,53.886097],[-0.769128,53.885052],[-0.764303,53.883941],[-0.759472,53.882834],[-0.754863,53.881522],[-0.750269,53.880218],[-0.745019,53.878731],[-0.74032,53.877398],[-0.735492,53.876027],[-0.731002,53.874753],[-0.726463,53.873466],[-0.721788,53.872136],[-0.717257,53.870851],[-0.712143,53.869399],[-0.707468,53.868071],[-0.702425,53.866638],[-0.697999,53.865382],[-0.692756,53.863892],[-0.687996,53.862544],[-0.684667,53.859986],[-0.681286,53.857404],[-0.677747,53.854711],[-0.67341,53.853826],[-0.668458,53.852825],[-0.663557,53.851834],[-0.658799,53.850872],[-0.653677,53.849836],[-0.649334,53.848952],[-0.644211,53.848307],[-0.638998,53.847646],[-0.6337,53.846975],[-0.629671,53.846464],[-0.623732,53.845695],[-0.617814,53.84493],[-0.612084,53.844189],[-0.60819,53.843684],[-0.604103,53.843154],[-0.599799,53.842597],[-0.593087,53.841724],[-0.58903,53.841199],[-0.584735,53.840642],[-0.579942,53.8399],[-0.575974,53.839288],[-0.570726,53.838477],[-0.565082,53.837606],[-0.560991,53.836973],[-0.556257,53.836243],[-0.55089,53.835412],[-0.546623,53.834753],[-0.542195,53.834067],[-0.536167,53.833134],[-0.5309,53.832319],[-0.525519,53.831487],[-0.520095,53.830647],[-0.514605,53.829795],[-0.508684,53.82887],[-0.503378,53.828643],[-0.498357,53.828419],[-0.492871,53.828178],[-0.488008,53.82796],[-0.482356,53.827709],[-0.47781,53.827516],[-0.474086,53.826434],[-0.469496,53.825112],[-0.464207,53.823589],[-0.458959,53.822077],[-0.453772,53.820582],[-0.448616,53.819097],[-0.44377,53.817701],[-0.439141,53.816378],[-0.435613,53.814002],[-0.432701,53.812055],[-0.429386,53.809837],[-0.42573,53.807392],[-0.422069,53.804941],[-0.418592,53.802625],[-0.417184,53.800416],[-0.416455,53.799733]]}},{"type":"Feature","properties":{"id":"ohl-265","kind":"ohl","name":"OSBALDWICK - THORNTON 1","voltage":"400","towers":"4ZR ROUTE TWR (087B - 136)","status":"C","gid":10004811,"risk":"SAFE","floodCodes":[],"floodNames":[]},"geometry":{"type":"LineString","coordinates":[[-1.020479,53.957406],[-1.018346,53.954597],[-1.014826,53.953365],[-1.010906,53.952005],[-1.006546,53.950489],[-1.000907,53.949909],[-0.995079,53.949309],[-0.989029,53.948687],[-0.983027,53.948071],[-0.978153,53.947568],[-0.973419,53.947075],[-0.967904,53.947211],[-0.962339,53.947341],[-0.957186,53.947461],[-0.95182,53.947585],[-0.946653,53.947706],[-0.942132,53.947811],[-0.936654,53.947939],[-0.931895,53.948048],[-0.926797,53.948167],[-0.9232,53.948251],[-0.918065,53.948371],[-0.912914,53.948494],[-0.908229,53.947726],[-0.903836,53.947012],[-0.898362,53.946123],[-0.893019,53.945255],[-0.888961,53.944597],[-0.884754,53.942633],[-0.879663,53.940263],[-0.87491,53.938042],[-0.873661,53.935024],[-0.87235,53.931836],[-0.871141,53.928924],[-0.870953,53.92579],[-0.870729,53.92219],[-0.870528,53.919021],[-0.870347,53.916157],[-0.870118,53.912524],[-0.869904,53.909262],[-0.866291,53.907479],[-0.861518,53.905116],[-0.856753,53.904221],[-0.85186,53.903293],[-0.847637,53.902491],[-0.842928,53.901597],[-0.83764,53.900591],[-0.832459,53.899817],[-0.827464,53.900661],[-0.82329,53.901368]]}},{"type":"Feature","properties":{"id":"ohl-266","kind":"ohl","name":"STALYBRIDGE - THORPE MARSH","voltage":"400","towers":"ZZH ROUTE TWR (002A - 038)","status":"C","gid":10004812,"risk":"MEDIUM","floodCodes":["123FWB651","123FWF680"],"floodNames":["River Don at Thorpe in Balne","Ea Beck at Thorpe Marsh and Almholme"]},"geometry":{"type":"LineString","coordinates":[[-1.252953,53.609689],[-1.248438,53.609862],[-1.244799,53.61025],[-1.238655,53.610899],[-1.233217,53.611474],[-1.22904,53.611915],[-1.224377,53.612407],[-1.219839,53.612887],[-1.21576,53.613317],[-1.211694,53.613752],[-1.206023,53.612945],[-1.200201,53.612125],[-1.194349,53.6113],[-1.189235,53.61058],[-1.183863,53.609822],[-1.179389,53.60919],[-1.174481,53.608496],[-1.168365,53.607633],[-1.162949,53.606866],[-1.158077,53.606179],[-1.152473,53.605387],[-1.147616,53.604702],[-1.143071,53.602668],[-1.138441,53.600597],[-1.134243,53.598721],[-1.129889,53.597047],[-1.124962,53.595149],[-1.12005,53.593261],[-1.115141,53.59137],[-1.110118,53.589439],[-1.106558,53.588065],[-1.104291,53.585406],[-1.101569,53.582196],[-1.099065,53.579245],[-1.09662,53.576335],[-1.092477,53.574144],[-1.088905,53.574505]]}},{"type":"Feature","properties":{"id":"ohl-267","kind":"ohl","name":"NEEPSEND - PITSMOOR","voltage":"275","towers":"YYP ROUTE","status":"C","gid":10004813,"risk":"MEDIUM","floodCodes":["123FWF618"],"floodNames":["River Don at Livesey Street and Club Mill Road, Owlerton"]},"geometry":{"type":"LineString","coordinates":[[-1.483828,53.400803],[-1.483786,53.402369],[-1.483701,53.405038],[-1.484671,53.4069],[-1.487276,53.406599]]}},{"type":"Feature","properties":{"id":"ohl-268","kind":"ohl","name":"BRINSWORTH - TEMPLEBOROUGH 1","voltage":"275","towers":"ZZV ROUTE","status":"C","gid":10004814,"risk":"SAFE","floodCodes":[],"floodNames":[]},"geometry":{"type":"LineString","coordinates":[[-1.385051,53.412228],[-1.38375,53.412027],[-1.379422,53.412677],[-1.374624,53.412979],[-1.369646,53.412847],[-1.367046,53.412497],[-1.364071,53.409496],[-1.361414,53.407204],[-1.358797,53.404953],[-1.355298,53.403936],[-1.353112,53.403284],[-1.35231,53.402309]]}},{"type":"Feature","properties":{"id":"ohl-269","kind":"ohl","name":"BRINSWORTH - TINSLEY PARK 1","voltage":"275","towers":"ZYB ROUTE","status":"C","gid":10004815,"risk":"LOW","floodCodes":["123FWF474"],"floodNames":["River Rother at Catcliffe"]},"geometry":{"type":"LineString","coordinates":[[-1.394001,53.400871],[-1.390008,53.400712],[-1.386515,53.399296],[-1.383002,53.397875],[-1.378773,53.396644],[-1.373596,53.396423],[-1.368518,53.396819],[-1.363849,53.395986],[-1.357812,53.396224],[-1.354648,53.398607],[-1.351998,53.40058]]}},{"type":"Feature","properties":{"id":"ohl-270","kind":"ohl","name":"DRAX - EGGBOROUGH 1","voltage":"400","towers":"4VJ ROUTE TWR (001 - 030)","status":"C","gid":10004816,"risk":"MEDIUM","floodCodes":["123FWB002"],"floodNames":["River Aire upstream of Temple Hirst"]},"geometry":{"type":"LineString","coordinates":[[-1.130203,53.715069],[-1.128293,53.717036],[-1.123244,53.717667],[-1.1178,53.718334],[-1.112479,53.718988],[-1.107097,53.719639],[-1.103668,53.720843],[-1.097632,53.722948],[-1.093163,53.724509],[-1.087457,53.726496],[-1.082812,53.728116],[-1.076957,53.730157],[-1.072302,53.731784],[-1.066115,53.733337],[-1.061486,53.734502],[-1.055146,53.736101],[-1.050538,53.737268],[-1.043942,53.738101],[-1.038758,53.738759],[-1.032658,53.739535],[-1.027865,53.740151],[-1.022249,53.739835],[-1.017867,53.739594],[-1.013955,53.739379],[-1.009817,53.739139],[-1.005247,53.739878],[-1.003273,53.743097],[-1.002415,53.745545],[-0.997143,53.746587],[-0.99472,53.744803],[-0.992165,53.742913],[-0.988771,53.740394],[-0.989296,53.739061],[-0.98999,53.737271]]}},{"type":"Feature","properties":{"id":"ohl-271","kind":"ohl","name":"DRAX - KEADBY - THORPE MARSH","voltage":"400","towers":"4VH ROUTE TWR (001 - 042)","status":"C","gid":10004817,"risk":"MEDIUM","floodCodes":["123FWF154","123FWF682","123FWF151","123FWF148"],"floodNames":["River Aire at Drax","River Went at Topham Ferry, Sykehouse","River Aire at Snaith Ings","River Aire at Hirst Marsh and West Marsh"]},"geometry":{"type":"LineString","coordinates":[[-1.069224,53.63659],[-1.069563,53.63971],[-1.068944,53.641793],[-1.068034,53.644924],[-1.067218,53.647726],[-1.066439,53.650397],[-1.06574,53.652794],[-1.064874,53.655757],[-1.064005,53.658761],[-1.060347,53.660231],[-1.055605,53.662132],[-1.051851,53.663637],[-1.048263,53.665076],[-1.048638,53.667907],[-1.048967,53.670387],[-1.049346,53.673283],[-1.049703,53.675981],[-1.050141,53.679296],[-1.050556,53.682448],[-1.050913,53.685192],[-1.048313,53.687805],[-1.045638,53.690495],[-1.0434,53.692751],[-1.043502,53.694895],[-1.043621,53.696998],[-1.043743,53.699157],[-1.043965,53.703072],[-1.044153,53.706325],[-1.039936,53.708189],[-1.035514,53.710139],[-1.03099,53.712127],[-1.026825,53.713962],[-1.021216,53.716214],[-1.016616,53.718063],[-1.012626,53.719664],[-1.008504,53.721321],[-1.0038,53.723209],[-0.999883,53.724781],[-0.995149,53.72668],[-0.991286,53.728233],[-0.991155,53.731149],[-0.990992,53.734649]]}},{"type":"Feature","properties":{"id":"ohl-272","kind":"ohl","name":"DRAX - THORNTON 1","voltage":"400","towers":"4VC ROUTE (TWR 274 - 341)","status":"C","gid":10004818,"risk":"LOW","floodCodes":["122FWF665"],"floodNames":["River Derwent at Thorganby, Bubwith and Wressle"]},"geometry":{"type":"LineString","coordinates":[[-0.990444,53.736028],[-0.987162,53.737901],[-0.984004,53.739699],[-0.980829,53.741502],[-0.976063,53.741808],[-0.971574,53.742093],[-0.96781,53.742332],[-0.963087,53.742631],[-0.960129,53.742821],[-0.953258,53.743254],[-0.948897,53.743536],[-0.944945,53.745768],[-0.940796,53.74812],[-0.936858,53.750353],[-0.93432,53.751793],[-0.931419,53.753437],[-0.928319,53.755194],[-0.924334,53.757454],[-0.920266,53.75976],[-0.916156,53.762082],[-0.913589,53.764682],[-0.911378,53.766915],[-0.908562,53.769758],[-0.90603,53.77231],[-0.903475,53.774888],[-0.900737,53.77765],[-0.898615,53.779793],[-0.896573,53.781849],[-0.894408,53.784035],[-0.891603,53.786859],[-0.889625,53.788843],[-0.887996,53.792323],[-0.886354,53.795807],[-0.884951,53.798788],[-0.883484,53.801905],[-0.881995,53.80507],[-0.880302,53.808663],[-0.878979,53.81147],[-0.877033,53.814117],[-0.874573,53.817471],[-0.872758,53.819945],[-0.870608,53.822869],[-0.868573,53.82565],[-0.866639,53.828275],[-0.865039,53.831427],[-0.863428,53.834594],[-0.861879,53.837631],[-0.860249,53.840835],[-0.858576,53.844116],[-0.857014,53.847182],[-0.855434,53.850281],[-0.853992,53.853439],[-0.852559,53.85657],[-0.851224,53.85949],[-0.850113,53.861924],[-0.848629,53.865163],[-0.847198,53.86828],[-0.84581,53.871324],[-0.84454,53.874103],[-0.843141,53.877186],[-0.840076,53.879901],[-0.837725,53.881984],[-0.834854,53.884529],[-0.832715,53.88774],[-0.831112,53.89014],[-0.828757,53.89365],[-0.826916,53.896412],[-0.825161,53.898113],[-0.823485,53.899737]]}},{"type":"Feature","properties":{"id":"ohl-273","kind":"ohl","name":"LACKENBY - THORNTON 1","voltage":"400","towers":"4VC ROUTE (TWR 1 - 273B)","status":"C","gid":10004819,"risk":"SAFE","floodCodes":[],"floodNames":[]},"geometry":{"type":"LineString","coordinates":[[-0.820645,53.900982],[-0.822786,53.902609],[-0.823182,53.904011],[-0.823636,53.904391],[-0.826253,53.906482],[-0.828782,53.9085],[-0.832052,53.91111],[-0.835118,53.913557],[-0.838212,53.916025],[-0.841646,53.918764],[-0.845114,53.921531],[-0.848907,53.924561],[-0.851796,53.926874],[-0.855204,53.929608],[-0.858763,53.932458],[-0.861817,53.934904],[-0.864335,53.93692],[-0.867335,53.939324],[-0.870448,53.941804],[-0.87195,53.944363],[-0.873779,53.947457],[-0.875432,53.950244],[-0.877331,53.953453],[-0.87932,53.956814],[-0.880603,53.958966],[-0.882352,53.962455],[-0.883884,53.965487],[-0.883986,53.96785],[-0.88411,53.970506],[-0.88424,53.973357],[-0.884358,53.975834],[-0.88448,53.978463],[-0.884624,53.981584],[-0.884797,53.985308],[-0.884959,53.988807],[-0.885097,53.991747],[-0.88525,53.995025],[-0.889126,53.996766],[-0.892861,53.998444],[-0.896124,53.99991],[-0.900804,54.002014],[-0.905437,54.004094],[-0.909966,54.006137],[-0.911036,54.008896],[-0.911882,54.011099],[-0.91316,54.014436],[-0.914527,54.018001],[-0.915831,54.021408],[-0.916792,54.023889],[-0.91959,54.025714],[-0.922912,54.027868],[-0.926292,54.03006],[-0.929591,54.03222],[-0.934815,54.033493],[-0.940427,54.034878],[-0.946119,54.036281],[-0.951383,54.037583],[-0.956412,54.038807],[-0.960349,54.04071],[-0.964564,54.042739],[-0.968696,54.044723],[-0.972923,54.046757],[-0.977094,54.048763],[-0.981255,54.050761],[-0.985167,54.052646],[-0.988329,54.054165],[-0.992586,54.056209],[-0.996931,54.058297],[-1.001364,54.060425],[-1.00624,54.062779],[-1.011011,54.064022],[-1.016162,54.06537],[-1.021552,54.066781],[-1.026069,54.067962],[-1.030594,54.069146],[-1.036429,54.070669],[-1.041737,54.072003],[-1.046426,54.073181],[-1.051221,54.074379],[-1.056288,54.075649],[-1.060823,54.076783],[-1.066976,54.078327],[-1.071455,54.079447],[-1.076987,54.080829],[-1.082526,54.082215],[-1.088244,54.083646],[-1.092972,54.084833],[-1.097446,54.085595],[-1.102162,54.086398],[-1.108018,54.087398],[-1.113737,54.088372],[-1.119444,54.089345],[-1.124213,54.090167],[-1.128056,54.092784],[-1.131667,54.095243],[-1.13528,54.097708],[-1.13898,54.100229],[-1.142535,54.102657],[-1.145943,54.10498],[-1.149304,54.107273],[-1.152672,54.109566],[-1.15604,54.111865],[-1.159859,54.114466],[-1.162915,54.116548],[-1.16628,54.118841],[-1.169713,54.12118],[-1.173098,54.123485],[-1.175915,54.125405],[-1.179773,54.128017],[-1.181603,54.130256],[-1.183968,54.133118],[-1.186642,54.136357],[-1.189301,54.139576],[-1.191204,54.141882],[-1.193933,54.145189],[-1.195935,54.147604],[-1.198678,54.150945],[-1.201561,54.153471],[-1.204344,54.155938],[-1.208327,54.157719],[-1.211878,54.15932],[-1.215768,54.161071],[-1.219289,54.162656],[-1.223199,54.164415],[-1.227249,54.166229],[-1.230032,54.169026],[-1.232727,54.171714],[-1.235393,54.174374],[-1.238391,54.177363],[-1.24121,54.180173],[-1.243967,54.18292],[-1.246632,54.185581],[-1.249451,54.188389],[-1.25216,54.191082],[-1.255478,54.194393],[-1.258039,54.196947],[-1.260722,54.199616],[-1.263568,54.202436],[-1.264358,54.205348],[-1.265056,54.207869],[-1.265876,54.210831],[-1.26674,54.213964],[-1.267402,54.216349],[-1.267859,54.217993],[-1.26836,54.219801],[-1.268855,54.221604],[-1.269377,54.223486],[-1.270234,54.225195],[-1.271051,54.226829],[-1.272235,54.229192],[-1.273511,54.231742],[-1.274735,54.234223],[-1.278136,54.236496],[-1.282084,54.239154],[-1.285859,54.241694],[-1.289438,54.244102],[-1.293238,54.246659],[-1.297222,54.249348],[-1.30174,54.251221],[-1.30556,54.252812],[-1.309971,54.254649],[-1.313693,54.256197],[-1.31371,54.259866],[-1.313721,54.263094],[-1.313731,54.266611],[-1.313742,54.27015],[-1.313625,54.27359],[-1.313526,54.276513],[-1.31342,54.279614],[-1.313363,54.281289],[-1.313317,54.282663],[-1.313231,54.285165],[-1.313188,54.286441],[-1.313138,54.287909],[-1.313091,54.289294],[-1.313009,54.291623],[-1.312888,54.295027],[-1.313676,54.297947],[-1.314472,54.300923],[-1.315326,54.304135],[-1.316115,54.307081],[-1.317008,54.310421],[-1.317832,54.313503],[-1.318587,54.316326],[-1.319202,54.318634],[-1.320266,54.322599],[-1.321039,54.325483],[-1.321769,54.328232],[-1.322871,54.331123],[-1.323954,54.33397],[-1.325093,54.336964],[-1.326354,54.340278],[-1.327522,54.343344],[-1.328819,54.346752],[-1.329961,54.34975],[-1.331234,54.353097],[-1.332361,54.356032],[-1.332234,54.359186],[-1.332122,54.36217],[-1.331995,54.365523],[-1.33186,54.369097],[-1.331746,54.372113],[-1.331643,54.374838],[-1.331511,54.378317],[-1.331372,54.381948],[-1.331271,54.385398],[-1.331187,54.38826],[-1.331071,54.392104],[-1.330978,54.395317],[-1.330886,54.398336],[-1.330791,54.401743],[-1.330678,54.405315],[-1.330592,54.408303],[-1.330499,54.41156],[-1.32994,54.415401],[-1.329496,54.418516],[-1.329041,54.421691],[-1.328625,54.424642],[-1.330947,54.427385],[-1.333567,54.430463],[-1.335741,54.433018],[-1.338171,54.435876],[-1.340874,54.43906],[-1.343225,54.441817],[-1.345571,54.444576],[-1.348004,54.447425],[-1.349813,54.450491]]}},{"type":"Feature","properties":{"id":"ohl-274","kind":"ohl","name":"FERRYBRIDGE 'C' - FERRYBRIDGE 'B' - SKELTON GRANGE 1","voltage":"275","towers":"XK ROUTE","status":"C","gid":10004820,"risk":"MEDIUM","floodCodes":["123FWF177"],"floodNames":["River Aire at Knowsthorpe, Thwaite Gate and Stourton"]},"geometry":{"type":"LineString","coordinates":[[-1.495872,53.775258],[-1.493223,53.773119],[-1.490996,53.770724],[-1.483945,53.770714],[-1.477221,53.771818],[-1.4728,53.773703],[-1.46684,53.772631],[-1.461887,53.771738],[-1.45611,53.771435],[-1.449622,53.771095],[-1.4456,53.770158],[-1.438957,53.767956],[-1.435091,53.766671],[-1.429647,53.764871],[-1.424536,53.76317],[-1.419169,53.76355],[-1.413261,53.764027],[-1.407166,53.764519],[-1.402352,53.764911],[-1.39728,53.765329],[-1.392334,53.765733],[-1.385545,53.766291],[-1.381913,53.764979],[-1.377145,53.763263],[-1.373223,53.762165],[-1.367307,53.762123],[-1.361038,53.762082],[-1.355587,53.762043],[-1.35019,53.762034],[-1.34495,53.762687],[-1.339859,53.763357],[-1.334205,53.764095],[-1.328952,53.763098],[-1.323778,53.762112],[-1.318091,53.761026],[-1.313212,53.760099],[-1.307678,53.759046],[-1.301925,53.757948],[-1.295562,53.757937],[-1.290627,53.757923],[-1.285415,53.757914],[-1.279031,53.757898],[-1.273295,53.757886],[-1.267649,53.757002]]}},{"type":"Feature","properties":{"id":"ohl-275","kind":"ohl","name":"MONK FRYSTON - POPPLETON 1","voltage":"275","towers":"XC ROUTE (TWR 428 - 525)","status":"C","gid":10004821,"risk":"SAFE","floodCodes":[],"floodNames":[]},"geometry":{"type":"LineString","coordinates":[[-1.217399,54.003702],[-1.218631,54.001518],[-1.220063,53.998922],[-1.221494,53.996329],[-1.222885,53.993805],[-1.224315,53.991213],[-1.225784,53.988555],[-1.22721,53.985966],[-1.228619,53.98341],[-1.230079,53.980769],[-1.231508,53.978172],[-1.233563,53.976409],[-1.235988,53.974332],[-1.238334,53.972322],[-1.240762,53.97024],[-1.243664,53.967751],[-1.246042,53.965716],[-1.24841,53.963684],[-1.250788,53.961652],[-1.251859,53.958679],[-1.252944,53.955705],[-1.253852,53.953202],[-1.254845,53.950463],[-1.255892,53.947588],[-1.25692,53.944746],[-1.257942,53.94193],[-1.258943,53.939166],[-1.260014,53.936213],[-1.261069,53.933313],[-1.261938,53.930898],[-1.263024,53.927914],[-1.264027,53.925152],[-1.265009,53.922439],[-1.266206,53.92002],[-1.267376,53.917654],[-1.268708,53.914965],[-1.270202,53.911951],[-1.271433,53.909458],[-1.272747,53.906805],[-1.274157,53.903955],[-1.275616,53.901006],[-1.276948,53.898311],[-1.278301,53.895575],[-1.279487,53.893178],[-1.28054,53.89104],[-1.281935,53.888224],[-1.28323,53.885608],[-1.284505,53.883025],[-1.286765,53.8806],[-1.288853,53.878364],[-1.290917,53.876149],[-1.292869,53.874055],[-1.295002,53.871767],[-1.297042,53.86958],[-1.299091,53.867377],[-1.301401,53.864902],[-1.303208,53.86296],[-1.305677,53.860312],[-1.307839,53.858007],[-1.306018,53.855013],[-1.304441,53.852412],[-1.302859,53.849794],[-1.301336,53.847271],[-1.299862,53.844833],[-1.298503,53.842582],[-1.297065,53.840203],[-1.295565,53.837721],[-1.294619,53.83485],[-1.293695,53.832041],[-1.292926,53.829707],[-1.291931,53.826674],[-1.291119,53.824207],[-1.290276,53.821642],[-1.289427,53.81906],[-1.288497,53.816226],[-1.287787,53.814066],[-1.286963,53.811559],[-1.286066,53.808853],[-1.286179,53.806095],[-1.286294,53.803139],[-1.286386,53.800805],[-1.286498,53.79785],[-1.286604,53.795161],[-1.286711,53.792384],[-1.28683,53.789325],[-1.286941,53.786444],[-1.287054,53.783497],[-1.287134,53.781502],[-1.287235,53.778891],[-1.287336,53.776258],[-1.285951,53.773327],[-1.2846,53.770473],[-1.283138,53.767392],[-1.281936,53.764835],[-1.279273,53.762377],[-1.278317,53.758962],[-1.272915,53.758134],[-1.267534,53.757299]]}},{"type":"Feature","properties":{"id":"ohl-276","kind":"ohl","name":"PEMBROKE-WALHAM","voltage":"400","towers":"4YV ROUTE","status":"C","gid":10004822,"risk":"SAFE","floodCodes":[],"floodNames":[]},"geometry":{"type":"LineString","coordinates":[[-4.989516,51.680915],[-4.989272,51.678004],[-4.986657,51.676478],[-4.984385,51.675155],[-4.981049,51.673207],[-4.976662,51.673285],[-4.970443,51.673397],[-4.966759,51.673462],[-4.961945,51.673547],[-4.956447,51.673645],[-4.95226,51.673716],[-4.948727,51.673784],[-4.94561,51.672428],[-4.942224,51.670962],[-4.938277,51.669252],[-4.933014,51.66697],[-4.928877,51.665174],[-4.924064,51.663096],[-4.919291,51.663364],[-4.915617,51.663573],[-4.910958,51.663838],[-4.905298,51.664152],[-4.901534,51.665617],[-4.896566,51.667541],[-4.891823,51.66938],[-4.887774,51.670948],[-4.88434,51.672278],[-4.881429,51.673405],[-4.877614,51.676422],[-4.875223,51.678325],[-4.872686,51.679304],[-4.869023,51.680725],[-4.866383,51.681751],[-4.860784,51.683925],[-4.857402,51.685238],[-4.853709,51.686686],[-4.848998,51.686952],[-4.844661,51.687208],[-4.840125,51.687474],[-4.835607,51.687738],[-4.830287,51.687264],[-4.82526,51.686812],[-4.819713,51.686314],[-4.814771,51.68587],[-4.811128,51.685548],[-4.80789,51.687911],[-4.804373,51.690473],[-4.801393,51.692646],[-4.797851,51.695224],[-4.795063,51.697254],[-4.792658,51.699005],[-4.790936,51.700858],[-4.788713,51.703249],[-4.786133,51.706025],[-4.783514,51.708843],[-4.780916,51.711639],[-4.778349,51.714399],[-4.775569,51.717389],[-4.773136,51.719035],[-4.768756,51.721994],[-4.765262,51.724356],[-4.762333,51.726335],[-4.757844,51.729372],[-4.7549,51.731352],[-4.751866,51.734465],[-4.748918,51.737472],[-4.745941,51.740512],[-4.743155,51.743355],[-4.74042,51.746148],[-4.738195,51.748418],[-4.734606,51.752061],[-4.730274,51.752561],[-4.726118,51.753037],[-4.719008,51.753848],[-4.715163,51.754289],[-4.710499,51.75482],[-4.703411,51.75597],[-4.699041,51.756676],[-4.693828,51.757523],[-4.688509,51.757955],[-4.68373,51.758347],[-4.677816,51.758825],[-4.674072,51.760364],[-4.669684,51.762168],[-4.664897,51.764131],[-4.66018,51.766064],[-4.655112,51.768142],[-4.651559,51.7696],[-4.647171,51.771394],[-4.642061,51.77349],[-4.637656,51.775297],[-4.633859,51.776851],[-4.629423,51.778668],[-4.62443,51.780719],[-4.620635,51.781552],[-4.614738,51.782859],[-4.610046,51.783892],[-4.606396,51.784697],[-4.60165,51.785853],[-4.596024,51.787217],[-4.590959,51.788448],[-4.585523,51.789772],[-4.580318,51.791032],[-4.575561,51.792189],[-4.570719,51.793364],[-4.56494,51.794765],[-4.561849,51.795515],[-4.557118,51.796662],[-4.551447,51.798036],[-4.546595,51.799227],[-4.542098,51.798926],[-4.538369,51.798684],[-4.535855,51.798521],[-4.529002,51.798078],[-4.525618,51.797856],[-4.519804,51.797483],[-4.515822,51.797225],[-4.511295,51.796847],[-4.505955,51.796404],[-4.501981,51.796074],[-4.497897,51.795725],[-4.492785,51.796612],[-4.486845,51.797633],[-4.48146,51.798022],[-4.476231,51.798399],[-4.470846,51.798788],[-4.465689,51.79916],[-4.460639,51.799525],[-4.454056,51.800001],[-4.449635,51.800318],[-4.444646,51.801879],[-4.440803,51.803082],[-4.436746,51.804352],[-4.432797,51.805588],[-4.428177,51.807032],[-4.423773,51.808416],[-4.419969,51.809598],[-4.416895,51.81056],[-4.411548,51.812232],[-4.405965,51.81261],[-4.400684,51.81297],[-4.396656,51.813239],[-4.390354,51.813664],[-4.385278,51.814005],[-4.381446,51.814264],[-4.376651,51.814587],[-4.373009,51.814826],[-4.368706,51.815867],[-4.364851,51.816795],[-4.359101,51.81818],[-4.353849,51.816205],[-4.349473,51.814573],[-4.345503,51.813089],[-4.339618,51.810888],[-4.336855,51.809854],[-4.332818,51.809683],[-4.329633,51.809545],[-4.325363,51.809365],[-4.319898,51.809133],[-4.313963,51.807911],[-4.309221,51.806939],[-4.305688,51.804172],[-4.302917,51.802],[-4.299545,51.79936],[-4.297011,51.797382],[-4.294415,51.794395],[-4.292726,51.792458],[-4.290631,51.790056],[-4.287364,51.786306],[-4.285116,51.783727],[-4.282493,51.78071],[-4.279996,51.777863],[-4.276125,51.777761],[-4.269704,51.777598],[-4.265625,51.777493],[-4.260644,51.777364],[-4.256791,51.777267],[-4.253124,51.777172],[-4.247414,51.777022],[-4.24275,51.776898],[-4.237836,51.776777],[-4.23417,51.776685],[-4.229308,51.775931],[-4.226282,51.775466],[-4.221894,51.774789],[-4.216535,51.773964],[-4.212653,51.773364],[-4.206056,51.772347],[-4.202377,51.77178],[-4.198628,51.771201],[-4.194862,51.770619],[-4.187577,51.769494],[-4.184945,51.769083],[-4.179186,51.768569],[-4.173404,51.76805],[-4.169216,51.767673],[-4.165362,51.76733],[-4.160637,51.766547],[-4.155423,51.765679],[-4.151889,51.765094],[-4.146579,51.764212],[-4.140643,51.763227],[-4.135444,51.762364],[-4.129521,51.761381],[-4.124549,51.762339],[-4.120807,51.763058],[-4.117792,51.763638],[-4.113531,51.762196],[-4.109309,51.760768],[-4.103506,51.758796],[-4.098408,51.758028],[-4.093401,51.757265],[-4.087999,51.75644],[-4.082664,51.755629],[-4.077768,51.754882],[-4.074721,51.752396],[-4.070991,51.749356],[-4.068667,51.747459],[-4.064234,51.743851],[-4.06239,51.741754],[-4.060485,51.739597],[-4.058729,51.737596],[-4.055818,51.734939],[-4.053379,51.734061],[-4.050108,51.732863],[-4.044548,51.73097],[-4.041439,51.729909],[-4.037141,51.728441],[-4.034219,51.727445],[-4.030291,51.726103],[-4.025909,51.724616],[-4.022206,51.7221],[-4.018962,51.719904],[-4.016886,51.718496],[-4.013665,51.716315],[-4.009171,51.713273],[-4.006811,51.711674],[-4.004405,51.710043],[-4.000945,51.708214],[-3.997157,51.706218],[-3.99435,51.704736],[-3.991355,51.703151],[-3.986776,51.700728],[-3.982287,51.699211],[-3.976899,51.697387],[-3.972106,51.695758],[-3.968481,51.694535],[-3.961997,51.692336],[-3.958197,51.690494]]}},{"type":"Feature","properties":{"id":"ohl-277","kind":"ohl","name":"PEMBROKE-WALHAM","voltage":"400","towers":"4YU  ROUTE (TWR 1 - 167)","status":"C","gid":10004823,"risk":"MEDIUM","floodCodes":["031FWBSE570"],"floodNames":["River Severn at Sandhurst and Maisemore"]},"geometry":{"type":"LineString","coordinates":[[-2.25513,51.878966],[-2.259373,51.879324],[-2.263482,51.881033],[-2.266842,51.882426],[-2.269778,51.883648],[-2.27455,51.885631],[-2.279134,51.887534],[-2.284334,51.888174],[-2.289586,51.88882],[-2.294073,51.889371],[-2.29913,51.889992],[-2.303763,51.890562],[-2.309407,51.891253],[-2.313331,51.892803],[-2.317014,51.894257],[-2.322058,51.896248],[-2.326627,51.898052],[-2.331716,51.900061],[-2.336385,51.901904],[-2.340831,51.903658],[-2.344054,51.904938],[-2.34748,51.906141],[-2.352078,51.906301],[-2.357975,51.906504],[-2.363453,51.906697],[-2.368401,51.906871],[-2.373182,51.907037],[-2.379489,51.907255],[-2.384835,51.907442],[-2.389786,51.907621],[-2.395185,51.907522],[-2.400488,51.907434],[-2.405086,51.907357],[-2.410122,51.907273],[-2.414849,51.907759],[-2.419846,51.908272],[-2.424551,51.908756],[-2.43042,51.909359],[-2.432906,51.909616],[-2.437496,51.910237],[-2.442678,51.910955],[-2.444315,51.910291],[-2.448336,51.908701],[-2.452157,51.906302],[-2.456538,51.903555],[-2.458765,51.90216],[-2.46263,51.90114],[-2.469122,51.899428],[-2.472427,51.898557],[-2.478639,51.896921],[-2.481639,51.896131],[-2.489587,51.896643],[-2.494568,51.896964],[-2.499352,51.897273],[-2.504592,51.897612],[-2.508718,51.895861],[-2.513218,51.893953],[-2.517262,51.892235],[-2.521325,51.890515],[-2.525172,51.891148],[-2.530119,51.891968],[-2.534056,51.89262],[-2.540536,51.893699],[-2.544112,51.89396],[-2.549104,51.894326],[-2.553789,51.895821],[-2.559404,51.896055],[-2.565215,51.896301],[-2.568533,51.894267],[-2.571574,51.8924],[-2.574763,51.890442],[-2.576646,51.889297],[-2.579278,51.889421],[-2.585713,51.889736],[-2.58939,51.891577],[-2.594552,51.890368],[-2.599497,51.889216],[-2.60402,51.888159]]}},{"type":"Feature","properties":{"id":"ohl-278","kind":"ohl","name":"CILFYNYDD - RASSAU","voltage":"400","towers":"4YY ROUTE TWR (001 - 036)","status":"C","gid":10004824,"risk":"SAFE","floodCodes":[],"floodNames":[]},"geometry":{"type":"LineString","coordinates":[[-3.377244,51.730102],[-3.37682,51.727346],[-3.374419,51.725068],[-3.371881,51.722662],[-3.36971,51.720614],[-3.365491,51.716617],[-3.363645,51.714867],[-3.3618,51.713126],[-3.359516,51.710963],[-3.355435,51.707092],[-3.3512,51.705081],[-3.349106,51.701867],[-3.349888,51.698427],[-3.352719,51.696223],[-3.353416,51.691283],[-3.350096,51.689315],[-3.348185,51.686721],[-3.34536,51.682881],[-3.343635,51.680523],[-3.34018,51.677355],[-3.337246,51.674671],[-3.335512,51.671026],[-3.333928,51.667721],[-3.332489,51.664694],[-3.330954,51.661479],[-3.329359,51.658131],[-3.324341,51.656242],[-3.320801,51.654909],[-3.317915,51.653823],[-3.316344,51.650652],[-3.314682,51.647284],[-3.313604,51.645102],[-3.312462,51.642789],[-3.310715,51.639244],[-3.30941,51.636568],[-3.305786,51.636738],[-3.300274,51.636962]]}},{"type":"Feature","properties":{"id":"ohl-279","kind":"ohl","name":"Botley Wood - Chilling","voltage":"400","towers":"4YE ROUTE TWR (001 - 022)","status":"C","gid":10004825,"risk":"LOW","floodCodes":["065FWF3903"],"floodNames":["Whiteley on the Whiteley Stream"]},"geometry":{"type":"LineString","coordinates":[[-1.233043,50.883739],[-1.235937,50.881206],[-1.240686,50.878817],[-1.244958,50.876658],[-1.248221,50.875019],[-1.25054,50.87287],[-1.253326,50.870306],[-1.252748,50.866964],[-1.252127,50.863456],[-1.251605,50.86049],[-1.251107,50.857633],[-1.250491,50.854177],[-1.249893,50.850753],[-1.252398,50.847611],[-1.257653,50.846665],[-1.262949,50.845716],[-1.268557,50.844708],[-1.27396,50.843738],[-1.278993,50.842839],[-1.281036,50.840537],[-1.283291,50.838017],[-1.285161,50.835924]]}},{"type":"Feature","properties":{"id":"ohl-280","kind":"ohl","name":"BOLNEY - LOVEDEAN 1","voltage":"400","towers":"4VF ROUTE TWR (001 - 190)","status":"C","gid":10004826,"risk":"MEDIUM","floodCodes":["065FWF5002","065FWF5102"],"floodNames":["Broadbridge Heath to Pallingham Quay on the River Arun","Durford Mill to Midhurst, including Iping on the Western River Rother"]},"geometry":{"type":"LineString","coordinates":[[-0.235299,50.976697],[-0.236071,50.978811],[-0.240072,50.979663],[-0.24418,50.980524],[-0.248614,50.982396],[-0.253278,50.984357],[-0.257178,50.986007],[-0.259256,50.9888],[-0.261783,50.992211],[-0.263347,50.994324],[-0.265481,50.99721],[-0.26741,50.999817],[-0.269137,51.002144],[-0.274645,51.003306],[-0.280049,51.004442],[-0.285343,51.005555],[-0.289061,51.005946],[-0.292838,51.00634],[-0.296404,51.005057],[-0.300385,51.00362],[-0.304397,51.002171],[-0.308105,51.000831],[-0.312199,50.999362],[-0.316668,50.999509],[-0.32058,50.999645],[-0.325722,50.999823],[-0.330298,50.999983],[-0.336116,51.000197],[-0.341574,50.999651],[-0.346662,50.999152],[-0.352243,50.998594],[-0.356355,50.999523],[-0.360668,51.000486],[-0.36502,51.001459],[-0.369766,51.002519],[-0.374194,51.003508],[-0.379156,51.004618],[-0.383052,51.005488],[-0.388207,51.006238],[-0.393196,51.006966],[-0.397876,51.00765],[-0.401533,51.009758],[-0.404646,51.011556],[-0.408825,51.013965],[-0.413082,51.016421],[-0.416309,51.018282],[-0.420535,51.020719],[-0.423923,51.02269],[-0.428942,51.023786],[-0.433373,51.024764],[-0.437946,51.025772],[-0.441848,51.027643],[-0.445912,51.029585],[-0.449921,51.031514],[-0.454497,51.031944],[-0.460131,51.032483],[-0.465335,51.032981],[-0.470607,51.033485],[-0.476025,51.034002],[-0.481082,51.034484],[-0.486846,51.035041],[-0.490959,51.034882],[-0.4946,51.034747],[-0.496967,51.034665],[-0.500356,51.034107],[-0.504118,51.033491],[-0.507145,51.032997],[-0.510336,51.032482],[-0.514604,51.030769],[-0.519253,51.028915],[-0.523669,51.027144],[-0.52777,51.025504],[-0.532289,51.023692],[-0.535533,51.022755],[-0.540118,51.021419],[-0.544774,51.020067],[-0.550291,51.018463],[-0.554588,51.017215],[-0.559685,51.015716],[-0.565296,51.015452],[-0.570859,51.01518],[-0.576192,51.01492],[-0.5816,51.014657],[-0.587437,51.014371],[-0.592879,51.014105],[-0.596943,51.013905],[-0.601163,51.014831],[-0.605763,51.015837],[-0.611289,51.017036],[-0.614584,51.016233],[-0.619811,51.01495],[-0.62346,51.014053],[-0.627944,51.012943],[-0.632699,51.012582],[-0.636932,51.012254],[-0.64124,51.011918],[-0.646523,51.011507],[-0.651393,51.01113],[-0.657583,51.010649],[-0.662313,51.01028],[-0.667345,51.009888],[-0.671777,51.009547],[-0.677238,51.008643],[-0.682745,51.00774],[-0.686295,51.007152],[-0.692876,51.007245],[-0.697417,51.007305],[-0.701806,51.007365],[-0.706361,51.007423],[-0.7121,51.007499],[-0.717211,51.007567],[-0.722318,51.007634],[-0.728455,51.007718],[-0.733558,51.007781],[-0.738105,51.007817],[-0.743802,51.007858],[-0.748279,51.007893],[-0.753046,51.007928],[-0.758254,51.007969],[-0.764211,51.00802],[-0.768276,51.007054],[-0.773925,51.005716],[-0.778778,51.005759],[-0.78444,51.005797],[-0.789173,51.005829],[-0.791927,51.00585],[-0.798292,51.005891],[-0.802981,51.005921],[-0.807291,51.003581],[-0.811646,51.001219],[-0.815954,50.998874],[-0.818551,50.997465],[-0.821063,50.996088],[-0.826264,50.995414],[-0.829407,50.995002],[-0.833699,50.994441],[-0.838496,50.993812],[-0.843371,50.993172],[-0.849151,50.992414],[-0.853723,50.991813],[-0.859231,50.992223],[-0.863304,50.992522],[-0.867538,50.992835],[-0.872407,50.993194],[-0.87709,50.992874],[-0.881315,50.992582],[-0.885892,50.992261],[-0.891657,50.991862],[-0.896445,50.991529],[-0.902109,50.991137],[-0.90769,50.990744],[-0.911933,50.987887],[-0.914879,50.985904],[-0.918622,50.983381],[-0.922439,50.980809],[-0.925965,50.978432],[-0.928251,50.976888],[-0.930859,50.975133],[-0.936198,50.971536],[-0.938501,50.969997],[-0.940689,50.966986],[-0.943039,50.963754],[-0.945471,50.960415],[-0.947741,50.957299],[-0.949169,50.955334],[-0.951237,50.952486],[-0.955188,50.949563],[-0.957598,50.94777],[-0.961193,50.945091],[-0.964318,50.942773],[-0.967172,50.940649],[-0.969521,50.938902],[-0.971717,50.937259],[-0.975045,50.934791],[-0.979382,50.931557],[-0.984546,50.93174],[-0.987619,50.931848],[-0.992601,50.932018],[-0.996984,50.932168],[-1.004436,50.933229],[-1.008145,50.93376],[-1.014052,50.934599],[-1.016901,50.933175],[-1.020513,50.931356],[-1.024097,50.929555],[-1.026655,50.928268],[-1.031254,50.925956],[-1.03528,50.923926],[-1.036735,50.920925],[-1.038081,50.918106]]}},{"type":"Feature","properties":{"id":"ohl-281","kind":"ohl","name":"LOVEDEAN - MANNINGTON - NURSLING","voltage":"400","towers":"4YC ROUTE TWR (001 - 108)","status":"C","gid":10004827,"risk":"MEDIUM","floodCodes":["065FWF3902","065FWF3901","065FWF4001","065FWF3407","065FWF3501"],"floodNames":["Waltham Chase, Durley Mill and Botley on the River Hamble","Bishops Waltham on the River Hamble","East Meon to Mislingford on the River Meon","Shawford to Bishopstoke on the River Itchen","Chandlers Ford to Swaythling"]},"geometry":{"type":"LineString","coordinates":[[-1.04024,50.918621],[-1.042478,50.9197],[-1.046944,50.919356],[-1.05073,50.919055],[-1.056408,50.918603],[-1.062013,50.918156],[-1.066247,50.917817],[-1.071307,50.918276],[-1.076335,50.918733],[-1.081052,50.919161],[-1.085761,50.919589],[-1.092369,50.920186],[-1.097045,50.920609],[-1.10178,50.921036],[-1.105379,50.921358],[-1.10912,50.921689],[-1.114234,50.923243],[-1.119132,50.924723],[-1.124348,50.926299],[-1.129207,50.927771],[-1.133832,50.929171],[-1.138536,50.930593],[-1.1433,50.932024],[-1.147874,50.933721],[-1.152875,50.934518],[-1.15759,50.935271],[-1.162522,50.936073],[-1.167397,50.935507],[-1.1728,50.934886],[-1.177004,50.935021],[-1.182445,50.935177],[-1.186028,50.936629],[-1.19028,50.938858],[-1.195039,50.941349],[-1.199771,50.94164],[-1.204833,50.941952],[-1.210536,50.942301],[-1.215396,50.942601],[-1.220255,50.945077],[-1.223439,50.946704],[-1.22746,50.948749],[-1.230484,50.950872],[-1.233828,50.953213],[-1.237307,50.955649],[-1.240576,50.957931],[-1.242189,50.959824],[-1.244401,50.96241],[-1.246847,50.965257],[-1.250808,50.966533],[-1.254152,50.967607],[-1.258767,50.969089],[-1.263308,50.970547],[-1.267451,50.971879],[-1.272098,50.973199],[-1.277222,50.97465],[-1.282028,50.976014],[-1.286921,50.977403],[-1.29225,50.978913],[-1.296889,50.980226],[-1.301685,50.981583],[-1.305991,50.98281],[-1.309711,50.983083],[-1.314175,50.983418],[-1.319225,50.983798],[-1.323232,50.984098],[-1.3279,50.984452],[-1.333574,50.984878],[-1.338494,50.98525],[-1.343804,50.985649],[-1.34781,50.985953],[-1.351929,50.986259],[-1.357265,50.98666],[-1.361239,50.986956],[-1.363849,50.984189],[-1.366488,50.981385],[-1.369415,50.978281],[-1.371938,50.975599],[-1.374306,50.973085],[-1.376204,50.971064],[-1.377644,50.969542],[-1.382628,50.969863],[-1.387465,50.970182],[-1.393259,50.970562],[-1.39879,50.970924],[-1.40337,50.971223],[-1.40947,50.971621],[-1.414751,50.971968],[-1.41894,50.972249],[-1.424115,50.971581],[-1.429322,50.970917],[-1.434688,50.970232],[-1.438922,50.969691],[-1.444025,50.969039],[-1.448622,50.968448],[-1.452784,50.968156],[-1.456303,50.967907],[-1.459148,50.967705],[-1.462772,50.967448],[-1.467102,50.967135],[-1.469513,50.965076],[-1.472391,50.962608],[-1.475754,50.959725],[-1.479037,50.956917],[-1.481242,50.954064],[-1.483793,50.95077],[-1.48603,50.947881],[-1.487375,50.946094],[-1.487347,50.943652]]}},{"type":"Feature","properties":{"id":"ohl-282","kind":"ohl","name":"FLEET - LOVEDEAN 1","voltage":"400","towers":"VB ROUTE TWR (004 - 122)","status":"C","gid":10004828,"risk":"MEDIUM","floodCodes":["061FWF30Alton","065FWF4001"],"floodNames":["River Wey at Alton","East Meon to Mislingford on the River Meon"]},"geometry":{"type":"LineString","coordinates":[[-0.884273,51.250735],[-0.88282,51.247383],[-0.881097,51.244566],[-0.881413,51.241107],[-0.881624,51.238727],[-0.881841,51.236279],[-0.882064,51.233778],[-0.882358,51.23046],[-0.882594,51.227806],[-0.882816,51.225304],[-0.883088,51.222218],[-0.883446,51.218164],[-0.882113,51.216195],[-0.880053,51.213173],[-0.88274,51.210691],[-0.886172,51.207497],[-0.888617,51.205227],[-0.8914,51.202639],[-0.895074,51.199223],[-0.897103,51.19632],[-0.89962,51.19273],[-0.901747,51.189691],[-0.903654,51.18697],[-0.905933,51.183724],[-0.907302,51.180517],[-0.908438,51.17787],[-0.910091,51.17402],[-0.91143,51.170894],[-0.912918,51.167412],[-0.915688,51.165104],[-0.918979,51.162359],[-0.922474,51.159442],[-0.92532,51.157067],[-0.928,51.154831],[-0.930906,51.152407],[-0.933552,51.150198],[-0.936394,51.147824],[-0.939715,51.145048],[-0.943195,51.142144],[-0.946569,51.13933],[-0.950111,51.135784],[-0.951986,51.133005],[-0.953967,51.130081],[-0.956116,51.126902],[-0.958097,51.123976],[-0.960054,51.12108],[-0.962034,51.118152],[-0.964323,51.114764],[-0.966184,51.112015],[-0.967887,51.109495],[-0.969604,51.106947],[-0.972363,51.10338],[-0.973994,51.10127],[-0.975533,51.099274],[-0.978791,51.095046],[-0.982851,51.093049],[-0.984225,51.092373],[-0.985593,51.090754],[-0.986373,51.087541],[-0.986943,51.084319],[-0.989296,51.082344],[-0.991632,51.080372],[-0.994287,51.078134],[-0.998476,51.074592],[-1.001145,51.072348],[-1.001346,51.069155],[-1.0015,51.066781],[-1.001755,51.062859],[-1.001941,51.060128],[-0.999648,51.057087],[-0.997743,51.054553],[-0.995644,51.051765],[-0.996188,51.048965],[-0.996857,51.045469],[-0.997465,51.04231],[-0.998219,51.038363],[-0.998836,51.035137],[-1.001004,51.031487],[-1.002662,51.028656],[-1.004158,51.026089],[-1.006098,51.022753],[-1.006947,51.021287],[-1.008268,51.019006],[-1.010878,51.01452],[-1.011435,51.011262],[-1.011938,51.008307],[-1.012642,51.004158],[-1.013139,51.001185],[-1.015634,50.999308],[-1.018647,50.994907],[-1.020396,50.992351],[-1.022288,50.989584],[-1.019611,50.987036],[-1.016051,50.983647],[-1.013239,50.980969],[-1.009788,50.977676],[-1.006968,50.974989],[-1.003508,50.971686],[-1.001905,50.970165],[-1.002774,50.967924],[-1.003561,50.965867],[-1.004629,50.963072],[-1.007502,50.960812],[-1.010405,50.958518],[-1.013792,50.955798],[-1.016578,50.953554],[-1.019667,50.951064],[-1.022847,50.9485],[-1.026425,50.94562],[-1.029699,50.942975],[-1.032386,50.940812],[-1.034066,50.937915],[-1.035686,50.935134],[-1.036947,50.932968],[-1.039579,50.92845],[-1.040858,50.926265],[-1.040101,50.923173],[-1.039338,50.920034],[-1.039243,50.918383]]}},{"type":"Feature","properties":{"id":"ohl-283","kind":"ohl","name":"BOLNEY - NINFIELD 1","voltage":"400","towers":"4VM ROUTE TWR (001 - 146)","status":"C","gid":10004829,"risk":"LOW","floodCodes":["065FWC3502","065FWF1004"],"floodNames":["Pevensey Levels","Freshfield Bridge to Sharpsbridge on the River Ouse"]},"geometry":{"type":"LineString","coordinates":[[0.445802,50.881881],[0.440538,50.880585],[0.436305,50.879539],[0.432494,50.878597],[0.42737,50.877337],[0.42158,50.877771],[0.416408,50.878164],[0.410829,50.878584],[0.405201,50.87966],[0.400804,50.880503],[0.394519,50.881703],[0.390076,50.882552],[0.385919,50.883348],[0.380989,50.884287],[0.375907,50.885308],[0.372109,50.88607],[0.367709,50.886953],[0.36361,50.887778],[0.359664,50.88857],[0.354737,50.889552],[0.351513,50.890915],[0.347873,50.892451],[0.343339,50.894367],[0.337405,50.895072],[0.332124,50.895698],[0.32681,50.896329],[0.320955,50.89702],[0.315665,50.89849],[0.3111,50.899758],[0.305483,50.901313],[0.301161,50.90251],[0.296569,50.903782],[0.292023,50.906643],[0.287984,50.909192],[0.283868,50.91178],[0.279866,50.914285],[0.273944,50.915122],[0.268771,50.915849],[0.263848,50.91654],[0.257829,50.917384],[0.252883,50.918342],[0.247917,50.919305],[0.242661,50.920322],[0.237061,50.921407],[0.231924,50.922401],[0.227174,50.92332],[0.222164,50.924968],[0.217258,50.926582],[0.212015,50.928306],[0.2075,50.929792],[0.203778,50.931015],[0.198944,50.932605],[0.194771,50.933977],[0.190016,50.93554],[0.18576,50.936947],[0.180713,50.937613],[0.176053,50.938233],[0.171912,50.938784],[0.165814,50.939594],[0.162849,50.939992],[0.158501,50.940566],[0.153196,50.94127],[0.148189,50.941935],[0.14349,50.942558],[0.13901,50.942623],[0.134163,50.942695],[0.1296,50.942761],[0.125916,50.942816],[0.121218,50.942884],[0.115078,50.942973],[0.110198,50.943037],[0.105789,50.944681],[0.100251,50.946741],[0.095098,50.948225],[0.090033,50.949686],[0.086316,50.950759],[0.081511,50.952145],[0.075775,50.953799],[0.071065,50.95516],[0.065321,50.956813],[0.060967,50.958063],[0.056951,50.960541],[0.053772,50.962495],[0.05084,50.964296],[0.047084,50.966607],[0.04222,50.969601],[0.039242,50.97143],[0.035343,50.973828],[0.032371,50.975652],[0.028206,50.978212],[0.024492,50.980495],[0.019408,50.981743],[0.014164,50.983026],[0.010389,50.983952],[0.006933,50.984799],[0.001604,50.986106],[-0.002297,50.987056],[-0.007551,50.986213],[-0.011352,50.9856],[-0.015525,50.984927],[-0.020163,50.98418],[-0.025312,50.983349],[-0.031232,50.982394],[-0.035374,50.981726],[-0.040098,50.980962],[-0.043748,50.980373],[-0.048447,50.979618],[-0.053422,50.977345],[-0.057636,50.975426],[-0.062342,50.975468],[-0.06739,50.975522],[-0.0709,50.975559],[-0.07585,50.97561],[-0.08022,50.975656],[-0.084498,50.9757],[-0.089626,50.975753],[-0.095037,50.975806],[-0.100403,50.97636],[-0.105351,50.976864],[-0.111131,50.977455],[-0.116191,50.977981],[-0.122353,50.976576],[-0.127921,50.977007],[-0.132711,50.977378],[-0.137971,50.977778],[-0.142891,50.978146],[-0.145077,50.97876],[-0.147271,50.979368],[-0.151343,50.9805],[-0.156593,50.980982],[-0.161588,50.981447],[-0.166406,50.981901],[-0.170339,50.981103],[-0.173125,50.980546],[-0.176991,50.979771],[-0.182489,50.978668],[-0.187637,50.977636],[-0.191813,50.976795],[-0.196599,50.975826],[-0.200984,50.975824],[-0.206159,50.975812],[-0.210991,50.9758],[-0.216192,50.975786],[-0.221683,50.975777],[-0.227649,50.975761],[-0.232954,50.975973],[-0.23432,50.976647]]}},{"type":"Feature","properties":{"id":"ohl-284","kind":"ohl","name":"DUNGENESS INTERCONNECTOR 2","voltage":"275","towers":"4VR ROUTE","status":"C","gid":10004830,"risk":"MEDIUM","floodCodes":["064FWC9"],"floodNames":["Coast from Dungeness to Rye"]},"geometry":{"type":"LineString","coordinates":[[0.949388,50.915348],[0.950586,50.916513],[0.955685,50.91636],[0.959593,50.916249],[0.96438,50.915194]]}},{"type":"Feature","properties":{"id":"ohl-285","kind":"ohl","name":"DUNGENESS INTERCONNECTOR 1","voltage":"275","towers":"4VS ROUTE","status":"C","gid":10004831,"risk":"MEDIUM","floodCodes":["064FWC9"],"floodNames":["Coast from Dungeness to Rye"]},"geometry":{"type":"LineString","coordinates":[[0.949413,50.914772],[0.951175,50.915998],[0.955647,50.915867],[0.959561,50.915762],[0.963174,50.914998]]}},{"type":"Feature","properties":{"id":"ohl-286","kind":"ohl","name":"BRIDGEWATER - HINKLEY POINT 1","voltage":"275","towers":"VQ ROUTE","status":"C","gid":10004832,"risk":"MEDIUM","floodCodes":["112FWTCOM02","112FWTCOM01","112FWTSTE03","112FWTSTE02","112FWTBRI03"],"floodNames":["Tidal River Parrett at Chilton Trinity, Combwich and Dunball","Tidal River Parrett at Chilton Trinity and Combwich, low lying properties","Somerset coast at Steart, Stolford and Stretcholt","Somerset coast at Steart and Stolford, properties located behind the seafront","Tidal River Parrett at Bridgwater, Moorland, Burrowbridge and Stathe"]},"geometry":{"type":"LineString","coordinates":[[-2.971114,51.117913],[-2.971832,51.120392],[-2.969532,51.123176],[-2.967231,51.125973],[-2.96525,51.128382],[-2.963367,51.130669],[-2.961365,51.133101],[-2.959356,51.135531],[-2.9601,51.138873],[-2.960944,51.14267],[-2.961689,51.146009],[-2.962318,51.148858],[-2.964542,51.151368],[-2.969533,51.151737],[-2.974851,51.152136],[-2.980256,51.152543],[-2.983804,51.152812],[-2.989889,51.153581],[-2.994376,51.154147],[-2.999069,51.154744],[-3.00372,51.15512],[-3.008556,51.155516],[-3.013567,51.155923],[-3.018529,51.156329],[-3.023793,51.156759],[-3.028761,51.157164],[-3.033252,51.157533],[-3.037828,51.157902],[-3.041361,51.159505],[-3.044504,51.160933],[-3.048467,51.162734],[-3.052352,51.164497],[-3.055646,51.165989],[-3.059337,51.167674],[-3.063295,51.168237],[-3.067536,51.168841],[-3.071792,51.169449],[-3.076535,51.17013],[-3.081651,51.170862],[-3.085687,51.171439],[-3.089089,51.171923],[-3.091988,51.174349],[-3.094081,51.176099],[-3.096823,51.17839],[-3.096298,51.180168],[-3.095421,51.183132],[-3.096542,51.185509],[-3.097853,51.188286],[-3.099147,51.19102],[-3.100251,51.193387],[-3.103553,51.194211],[-3.10768,51.195251],[-3.111802,51.19629],[-3.115762,51.197286],[-3.120565,51.199197],[-3.125668,51.199507],[-3.130814,51.199817],[-3.134829,51.20007],[-3.138004,51.202295]]}},{"type":"Feature","properties":{"id":"ohl-287","kind":"ohl","name":"BRAMLEY - MELKSHAM 1","voltage":"400","towers":"YYM ROUTE TWR (001 - 109)","status":"C","gid":10004833,"risk":"MEDIUM","floodCodes":["111FWFAVOU410","112FWFAVN30A"],"floodNames":["Upper Hampshire Avon, Upavon to Amesbury","Bristol Avon (upper) from Chippenham to Melksham"]},"geometry":{"type":"LineString","coordinates":[[-1.642951,51.336169],[-1.648177,51.336486],[-1.653434,51.336804],[-1.658636,51.337119],[-1.664404,51.337468],[-1.669587,51.337782],[-1.673943,51.338044],[-1.679093,51.338179],[-1.684162,51.338312],[-1.689704,51.338457],[-1.694518,51.338582],[-1.69964,51.338718],[-1.704982,51.338859],[-1.710421,51.339003],[-1.714899,51.339125],[-1.718864,51.337953],[-1.723471,51.336592],[-1.728462,51.335121],[-1.733131,51.333744],[-1.73833,51.333105],[-1.74395,51.332418],[-1.749092,51.331788],[-1.753769,51.331216],[-1.759219,51.330548],[-1.764462,51.329906],[-1.769143,51.329332],[-1.77447,51.329065],[-1.779968,51.32879],[-1.784923,51.328543],[-1.790636,51.328258],[-1.796307,51.327973],[-1.801149,51.32773],[-1.806125,51.327481],[-1.811065,51.327234],[-1.816291,51.326971],[-1.821756,51.326697],[-1.826938,51.326436],[-1.832616,51.326151],[-1.837871,51.325887],[-1.842837,51.325634],[-1.847625,51.326722],[-1.853262,51.328003],[-1.858673,51.328645],[-1.864256,51.329311],[-1.869583,51.329946],[-1.874617,51.330546],[-1.879438,51.331122],[-1.883478,51.33323],[-1.887268,51.335207],[-1.891139,51.337227],[-1.89517,51.339328],[-1.899105,51.341382],[-1.903251,51.343545],[-1.907414,51.345713],[-1.911889,51.348048],[-1.916084,51.350233],[-1.920358,51.352458],[-1.924571,51.354653],[-1.928392,51.356645],[-1.932234,51.358644],[-1.936096,51.360653],[-1.939939,51.362587],[-1.943868,51.36456],[-1.94796,51.366619],[-1.952374,51.368835],[-1.956917,51.371115],[-1.960505,51.372922],[-1.965745,51.372457],[-1.970723,51.372018],[-1.975855,51.371568],[-1.980771,51.371132],[-1.985259,51.3712],[-1.989692,51.371269],[-1.994685,51.371344],[-2.000602,51.371433],[-2.005618,51.371513],[-2.010772,51.370636],[-2.015062,51.36991],[-2.019047,51.369233],[-2.023553,51.368469],[-2.028295,51.367666],[-2.033637,51.366759],[-2.038514,51.365932],[-2.043151,51.366141],[-2.048613,51.36639],[-2.053796,51.366625],[-2.059159,51.366865],[-2.063744,51.367075],[-2.069572,51.367334],[-2.074054,51.369099],[-2.078736,51.370938],[-2.082886,51.37257],[-2.086958,51.37417],[-2.091185,51.375831],[-2.095455,51.377506],[-2.099792,51.379208],[-2.103738,51.38213],[-2.107131,51.384635],[-2.110759,51.387316],[-2.114043,51.389743],[-2.117616,51.392385],[-2.121525,51.395265],[-2.12427,51.397298],[-2.128937,51.398541],[-2.13442,51.400014],[-2.139667,51.398891],[-2.14456,51.397849],[-2.14736,51.396677],[-2.148928,51.395331]]}},{"type":"Feature","properties":{"id":"ohl-288","kind":"ohl","name":"BRAMLEY - WEST WEYBRIDGE 1","voltage":"400","towers":"ZH ROUTE TWR (228 - 369)","status":"C","gid":10004834,"risk":"MEDIUM","floodCodes":["061FWF29XChrtsy","061FWF29Addstne","061FWF30Weybrdge","061FWF29XAddstne","061FWF29Chertsey","061FWF29M3J3","061FWF24Camberly","061FWF24Sherfld"],"floodNames":["Areas of Chertsey closest to the Chertsey Bourne","Addlestone Bourne at Addlestone","River Wey at Weybridge","Properties closest to the Addlestone Bourne at Addlestone","Chertsey Bourne at Chertsey","Hale Bourne from the M3 to Clappers Lane","River Blackwater at Camberley and Sandhurst","River Loddon at Sherfield-on-Loddon"]},"geometry":{"type":"LineString","coordinates":[[-0.479082,51.354156],[-0.480629,51.356616],[-0.47901,51.35969],[-0.477361,51.362773],[-0.475951,51.36543],[-0.471913,51.367313],[-0.470561,51.369773],[-0.469458,51.371765],[-0.469604,51.373703],[-0.470998,51.376025],[-0.472406,51.378375],[-0.473774,51.380698],[-0.476792,51.381096],[-0.4823,51.38184],[-0.486828,51.381095],[-0.491045,51.379792],[-0.495383,51.378457],[-0.49971,51.380067],[-0.504179,51.381734],[-0.508509,51.382902],[-0.513526,51.384261],[-0.517489,51.385335],[-0.519824,51.386934],[-0.523456,51.389422],[-0.527443,51.390726],[-0.529925,51.391537],[-0.534546,51.391687],[-0.539777,51.391207],[-0.545954,51.390645],[-0.548634,51.388532],[-0.552433,51.38555],[-0.555216,51.383367],[-0.559117,51.380303],[-0.563408,51.377958],[-0.567885,51.375512],[-0.571214,51.37369],[-0.576926,51.371963],[-0.580767,51.370802],[-0.585511,51.369368],[-0.590096,51.367981],[-0.595146,51.366455],[-0.600159,51.364937],[-0.604291,51.363686],[-0.608934,51.362281],[-0.614349,51.360642],[-0.618929,51.359913],[-0.623415,51.359199],[-0.628003,51.357144],[-0.632678,51.355053],[-0.637381,51.352947],[-0.642078,51.350845],[-0.646766,51.348743],[-0.651117,51.346794],[-0.655594,51.345829],[-0.660564,51.344758],[-0.665688,51.343655],[-0.670695,51.342576],[-0.675633,51.341887],[-0.681229,51.341103],[-0.685189,51.340553],[-0.691557,51.33966],[-0.696449,51.338977],[-0.699446,51.338987],[-0.70243,51.342063],[-0.705336,51.345055],[-0.70827,51.348075],[-0.711087,51.350972],[-0.714316,51.352711],[-0.71817,51.354784],[-0.723423,51.354723],[-0.728142,51.354668],[-0.734053,51.354602],[-0.738503,51.355156],[-0.744952,51.355956],[-0.749625,51.356536],[-0.75515,51.357225],[-0.759858,51.357811],[-0.764624,51.35812],[-0.769677,51.358447],[-0.774016,51.358728],[-0.779705,51.359094],[-0.783753,51.359355],[-0.788758,51.359678],[-0.794699,51.360061],[-0.799193,51.360351],[-0.803646,51.360643],[-0.806688,51.358917],[-0.811165,51.356389],[-0.814084,51.354739],[-0.81756,51.352778],[-0.822264,51.352054],[-0.827848,51.351195],[-0.833273,51.350363],[-0.83894,51.349495],[-0.844338,51.348669],[-0.849382,51.348068],[-0.854951,51.347405],[-0.859592,51.346852],[-0.865612,51.346134],[-0.869828,51.345633],[-0.875094,51.345712],[-0.880518,51.345795],[-0.885416,51.345871],[-0.890019,51.345941],[-0.89518,51.346016],[-0.899988,51.346088],[-0.904695,51.345822],[-0.910142,51.345506],[-0.914672,51.345247],[-0.919157,51.344356],[-0.924421,51.343313],[-0.929967,51.342214],[-0.934951,51.341229],[-0.939223,51.339118],[-0.943092,51.337209],[-0.947168,51.335198],[-0.951883,51.334065],[-0.956843,51.332876],[-0.96145,51.33177],[-0.965784,51.330729],[-0.970729,51.330553],[-0.975574,51.330379],[-0.980848,51.330191],[-0.985831,51.330013],[-0.990185,51.329857],[-0.995236,51.329674],[-1.000855,51.329475],[-1.006591,51.329269],[-1.01232,51.329063],[-1.01764,51.328872],[-1.02292,51.328683],[-1.028327,51.328484],[-1.033819,51.329664],[-1.038418,51.330651],[-1.043169,51.331671],[-1.047965,51.332699],[-1.053111,51.333801],[-1.058105,51.334871],[-1.063154,51.335185],[-1.068699,51.335532],[-1.072922,51.335792],[-1.075683,51.335339]]}},{"type":"Feature","properties":{"id":"ohl-289","kind":"ohl","name":"BRAMLEY - DIDCOT 1","voltage":"400","towers":"4YG ROUTE TWR (001 - 039)","status":"C","gid":10004835,"risk":"MEDIUM","floodCodes":["061FWF23MillBk"],"floodNames":["Mill Brook from the Hagbourne Mill area to Winterbrook"]},"geometry":{"type":"MultiLineString","coordinates":[[[-1.25414,51.62574],[-1.256104,51.625874]],[[-1.257519,51.626293],[-1.25414,51.62574],[-1.250244,51.623395],[-1.24591,51.620788],[-1.242105,51.618504],[-1.238286,51.616203],[-1.233961,51.6136],[-1.230313,51.611406],[-1.226492,51.609115],[-1.225648,51.606071],[-1.224761,51.60289],[-1.223821,51.599511],[-1.222873,51.596118],[-1.221985,51.592929],[-1.218991,51.591708],[-1.215311,51.590198],[-1.21146,51.588616],[-1.207078,51.586817],[-1.202713,51.585026],[-1.198483,51.583287],[-1.194277,51.581557],[-1.189774,51.57971],[-1.185434,51.577925],[-1.181168,51.575694],[-1.176698,51.57336],[-1.17264,51.571235],[-1.168345,51.568989],[-1.16402,51.566726],[-1.159398,51.564324],[-1.158271,51.560687],[-1.15765,51.55869],[-1.156614,51.555371],[-1.15551,51.551847],[-1.154647,51.549057],[-1.153312,51.54478],[-1.152497,51.54217],[-1.156428,51.538886],[-1.158222,51.537385],[-1.160306,51.535107]]]}},{"type":"Feature","properties":{"id":"ohl-290","kind":"ohl","name":"BRAMLEY - DIDCOT 1","voltage":"400","towers":"4YG ROUTE TWR (040 - 110)","status":"C","gid":10004836,"risk":"MEDIUM","floodCodes":["061FWF22XThlRdg","061FWF22ThealRdg","061FWF21FrSDBrad","061FWF21Theale","061FWF22FoudryBk"],"floodNames":["Properties closest to the River Kennet at the Burghfield, Southcote, Coley and Holybrook areas","River Kennet from Theale down to Reading","River Pang for Frilsham, Stanford Dingley and Bradfield","Sulham Brook for Theale","Foudry Brook from Stratfield Mortimer to Green Park"]},"geometry":{"type":"LineString","coordinates":[[-1.16313,51.511424],[-1.158608,51.508253],[-1.155619,51.506163],[-1.152325,51.503531],[-1.149504,51.501264],[-1.146048,51.498501],[-1.142228,51.495442],[-1.139192,51.493008],[-1.135587,51.490119],[-1.132322,51.487501],[-1.129796,51.485473],[-1.126924,51.483598],[-1.123538,51.481384],[-1.120043,51.47912],[-1.123936,51.476747],[-1.126859,51.474954],[-1.125323,51.472655],[-1.123306,51.46962],[-1.121536,51.466962],[-1.118854,51.464257],[-1.116491,51.461872],[-1.114338,51.459693],[-1.109413,51.458731],[-1.104073,51.457687],[-1.098417,51.456575],[-1.093508,51.455611],[-1.088021,51.454539],[-1.084617,51.451787],[-1.081128,51.448982],[-1.077621,51.446154],[-1.074313,51.443494],[-1.070618,51.440517],[-1.068427,51.438765],[-1.067184,51.435604],[-1.065917,51.432415],[-1.064466,51.42876],[-1.063739,51.426927],[-1.062448,51.423683],[-1.061401,51.421088],[-1.063922,51.4199],[-1.067798,51.418056],[-1.071401,51.416352],[-1.073821,51.414068],[-1.075958,51.412058],[-1.078345,51.409818],[-1.081192,51.407152],[-1.081157,51.404201],[-1.081124,51.401203],[-1.081089,51.397692],[-1.081234,51.394298],[-1.081377,51.390861],[-1.081538,51.387076],[-1.081656,51.384226],[-1.081785,51.381189],[-1.081887,51.378793],[-1.082033,51.375387],[-1.082164,51.372323],[-1.080086,51.369983],[-1.077285,51.366819],[-1.075241,51.364509],[-1.073547,51.362593],[-1.070581,51.359247],[-1.068278,51.356643],[-1.065578,51.353589],[-1.062886,51.350555],[-1.063195,51.347684],[-1.06353,51.344412],[-1.068422,51.342651],[-1.073497,51.340815],[-1.077878,51.339238],[-1.078113,51.336949]]}},{"type":"Feature","properties":{"id":"ohl-291","kind":"ohl","name":"BRAMLEY - FLEET 1","voltage":"400","towers":"4VX ROUTE TWR(001 - 052)","status":"C","gid":10004837,"risk":"MEDIUM","floodCodes":["061FWF24Sherfld","061FWF24NWrnbrgh","061FWF24OldBasng"],"floodNames":["River Loddon at Sherfield-on-Loddon","River Whitewater at North Warnborough, Hook and Riseley","River Loddon at Old Basing"]},"geometry":{"type":"LineString","coordinates":[[-0.884564,51.251385],[-0.889287,51.251552],[-0.894389,51.253232],[-0.899473,51.254901],[-0.90461,51.256589],[-0.907923,51.257673],[-0.909664,51.260486],[-0.911382,51.263248],[-0.913445,51.266567],[-0.915125,51.269272],[-0.916757,51.271888],[-0.918497,51.274691],[-0.920305,51.277616],[-0.9239,51.27989],[-0.926543,51.281565],[-0.929885,51.28368],[-0.933228,51.285802],[-0.936608,51.287944],[-0.940545,51.290444],[-0.943985,51.292619],[-0.946722,51.294344],[-0.948688,51.297371],[-0.952818,51.299653],[-0.955512,51.301142],[-0.959278,51.303233],[-0.962365,51.304937],[-0.96467,51.30682],[-0.967448,51.309084],[-0.970012,51.31118],[-0.974149,51.312215],[-0.978316,51.313271],[-0.983272,51.313011],[-0.988695,51.312732],[-0.993129,51.3125],[-0.998836,51.312207],[-1.003325,51.31197],[-1.006929,51.313881],[-1.010943,51.316007],[-1.015471,51.318411],[-1.019026,51.320306],[-1.023792,51.322015],[-1.028988,51.32388],[-1.033425,51.325482],[-1.038664,51.327366],[-1.043452,51.32909],[-1.048058,51.330747],[-1.052877,51.332484],[-1.057894,51.334291],[-1.063687,51.334638],[-1.069048,51.334968],[-1.073164,51.335226],[-1.076898,51.33481]]}},{"type":"Feature","properties":{"id":"ohl-292","kind":"ohl","name":"COWLEY - WALHAM","voltage":"400","towers":"4TE ROUTE TWR (001 - 023)","status":"C","gid":10004838,"risk":"MEDIUM","floodCodes":["061FWF23Keningtn","061FWF23Sandford","061FWF23NwBotley"],"floodNames":["River Thames and tributaries at Kennington","River Thames and tributaries at Sandford and Radley near Oxford","River Thames and tributaries at New Botley, New Hinksey, North Hinksey, South Hinksey and Grandpont"]},"geometry":{"type":"LineString","coordinates":[[-1.258931,51.734717],[-1.256636,51.732747],[-1.254082,51.730522],[-1.251716,51.728445],[-1.247497,51.726695],[-1.244125,51.725287],[-1.243641,51.722936],[-1.243197,51.720737],[-1.2419,51.719014],[-1.239737,51.716127],[-1.238582,51.712936],[-1.23727,51.709336],[-1.236219,51.70646],[-1.233631,51.705665],[-1.229973,51.704545],[-1.224933,51.705673],[-1.219082,51.706974],[-1.213982,51.708111],[-1.20817,51.709409],[-1.203696,51.71041],[-1.19985,51.711058],[-1.196014,51.7117],[-1.192442,51.712293]]}},{"type":"Feature","properties":{"id":"ohl-293","kind":"ohl","name":"FECKENHAM - WALHAM","voltage":"400","towers":"ZFF ROUTE TWR (001 - 009 - ZF209)","status":"C","gid":10004839,"risk":"SAFE","floodCodes":[],"floodNames":[]},"geometry":{"type":"LineString","coordinates":[[-1.970408,52.250033],[-1.965807,52.24974],[-1.962038,52.249506],[-1.95603,52.249123],[-1.95134,52.248832],[-1.948582,52.248116],[-1.94547,52.247309],[-1.939852,52.245849],[-1.935603,52.244746],[-1.932005,52.242183]]}},{"type":"Feature","properties":{"id":"ohl-294","kind":"ohl","name":"IRON ACTON - OLDBURY ON SEVERN 1","voltage":"132","towers":"YXA ROUTE","status":"C","gid":10004840,"risk":"MEDIUM","floodCodes":["112FWTSHA02","112FWTOLD03","112FWTOLD01","112FWTOLD02","112FWTSHA03","112FWTSHA01"],"floodNames":["Severn Estuary from Sharpness to Oldbury-on-Severn, Clapton, Hill and Nupdown areas","Severn Estuary at Oldbury-on-Severn, Westend, Cowhill and Olveston areas","Severn Estuary at Oldbury-on-Severn, Oldbury Naite and Littleton Warth areas","Severn Estuary at Oldbury-on-Severn, Chapel Road and Olveston Common areas","Severn Estuary from Sharpness to Oldbury-on-Severn","Severn Estuary from Sharpness to Oldbury-on-Severn, Shepperdine and Oldbury Power Station areas"]},"geometry":{"type":"LineString","coordinates":[[-2.572256,51.646852],[-2.570571,51.644253],[-2.567781,51.641713],[-2.565093,51.639257],[-2.562643,51.637003],[-2.557971,51.635816],[-2.554676,51.634974],[-2.550338,51.633864],[-2.545633,51.63266],[-2.540673,51.63139],[-2.535697,51.630119],[-2.530658,51.628827],[-2.525356,51.627479],[-2.520386,51.626216],[-2.515572,51.624992],[-2.51048,51.623695],[-2.505175,51.622343],[-2.500946,51.621264],[-2.496948,51.62025],[-2.494934,51.617093],[-2.493151,51.614314],[-2.495176,51.611137],[-2.496944,51.608343],[-2.499172,51.604831],[-2.501094,51.601801],[-2.502384,51.599774],[-2.501103,51.597334],[-2.501518,51.595568],[-2.502092,51.593143],[-2.499904,51.591382],[-2.496533,51.588651],[-2.491769,51.587476],[-2.486547,51.584978],[-2.48305,51.583307],[-2.482453,51.580896],[-2.481691,51.577832],[-2.480821,51.574315],[-2.480023,51.571094]]}},{"type":"Feature","properties":{"id":"ohl-295","kind":"ohl","name":"IRON ACTON - OLDBURY ON SEVERN 3","voltage":"132","towers":"YXB ROUTE","status":"C","gid":10004841,"risk":"MEDIUM","floodCodes":["112FWTSHA02","112FWTOLD03","112FWTOLD02","112FWTSHA03","112FWTSHA01"],"floodNames":["Severn Estuary from Sharpness to Oldbury-on-Severn, Clapton, Hill and Nupdown areas","Severn Estuary at Oldbury-on-Severn, Westend, Cowhill and Olveston areas","Severn Estuary at Oldbury-on-Severn, Chapel Road and Olveston Common areas","Severn Estuary from Sharpness to Oldbury-on-Severn","Severn Estuary from Sharpness to Oldbury-on-Severn, Shepperdine and Oldbury Power Station areas"]},"geometry":{"type":"LineString","coordinates":[[-2.57148,51.646794],[-2.569904,51.644354],[-2.564966,51.643677],[-2.560004,51.643008],[-2.554776,51.642295],[-2.550893,51.641765],[-2.545888,51.64108],[-2.540843,51.64039],[-2.536994,51.638542],[-2.533129,51.636682],[-2.52921,51.634796],[-2.524634,51.633375],[-2.519163,51.631677],[-2.514701,51.630289],[-2.5098,51.628235],[-2.505133,51.62628],[-2.502096,51.62433],[-2.498987,51.622341],[-2.49459,51.621328],[-2.490699,51.620432],[-2.484931,51.619105],[-2.480138,51.618],[-2.475826,51.61548],[-2.471733,51.613093],[-2.467362,51.610548],[-2.467417,51.608083],[-2.467478,51.605073],[-2.467535,51.602056],[-2.465224,51.59866],[-2.464316,51.595903],[-2.46319,51.592481],[-2.462102,51.589193],[-2.46469,51.586461],[-2.467503,51.583496],[-2.470179,51.580673],[-2.472959,51.577742],[-2.475214,51.575362],[-2.477173,51.5733],[-2.479426,51.570925]]}},{"type":"Feature","properties":{"id":"ohl-296","kind":"ohl","name":"LLANWERN - WHITSON SGT2","voltage":"33","towers":"SE ROUTE","status":"C","gid":10004843,"risk":"SAFE","floodCodes":[],"floodNames":[]},"geometry":{"type":"LineString","coordinates":[[-2.908251,51.566225],[-2.907012,51.569353],[-2.905779,51.572462]]}},{"type":"Feature","properties":{"id":"ohl-297","kind":"ohl","name":"LLANWERN - WHITSON SGT1","voltage":"33","towers":"SD ROUTE","status":"C","gid":10004844,"risk":"SAFE","floodCodes":[],"floodNames":[]},"geometry":{"type":"LineString","coordinates":[[-2.909231,51.56619],[-2.907736,51.569396],[-2.906314,51.572468]]}},{"type":"Feature","properties":{"id":"ohl-298","kind":"ohl","name":"ABERTHAW - TREMORFA","voltage":"275","towers":"LL ROUTE","status":"C","gid":10004845,"risk":"SAFE","floodCodes":[],"floodNames":[]},"geometry":{"type":"LineString","coordinates":[[-3.333934,51.499214],[-3.333283,51.498904],[-3.33066,51.498635],[-3.328091,51.496001],[-3.325731,51.493574],[-3.323284,51.491058],[-3.320896,51.488602],[-3.31823,51.485862],[-3.316311,51.483888],[-3.314875,51.481811],[-3.312724,51.47871],[-3.310524,51.475537],[-3.308428,51.472512],[-3.306321,51.469466],[-3.304093,51.466264],[-3.302734,51.463961],[-3.301644,51.462122],[-3.299632,51.458726],[-3.298215,51.456384],[-3.301771,51.453872],[-3.308115,51.452009],[-3.312893,51.450717],[-3.318697,51.450618],[-3.323299,51.450537],[-3.32895,51.45044],[-3.332933,51.45037],[-3.338188,51.450278],[-3.342981,51.450194],[-3.348949,51.450088],[-3.353845,51.449579],[-3.359793,51.448957],[-3.363994,51.448516],[-3.368447,51.448053],[-3.371902,51.446336],[-3.375741,51.444432],[-3.379123,51.442757],[-3.381958,51.440044],[-3.384439,51.437681],[-3.386828,51.435401],[-3.389965,51.43241],[-3.393141,51.429372],[-3.396076,51.426568],[-3.399432,51.423371],[-3.397934,51.420133],[-3.394033,51.418113],[-3.39434,51.41516],[-3.395777,51.411992],[-3.394779,51.408992],[-3.396599,51.405552],[-3.395544,51.402995],[-3.395158,51.39958],[-3.396941,51.396357],[-3.396806,51.393167],[-3.39843,51.390239],[-3.401389,51.388528]]}},{"type":"Feature","properties":{"id":"ohl-299","kind":"ohl","name":"SWANSEA NORTH 400 - SWANSEA NORTH 275 1","voltage":"400","towers":"VU ROUTE TWR (001 - 003)","status":"C","gid":10004846,"risk":"SAFE","floodCodes":[],"floodNames":[]},"geometry":{"type":"LineString","coordinates":[[-3.957163,51.688222],[-3.955469,51.686449],[-3.95846,51.683227]]}},{"type":"Feature","properties":{"id":"ohl-300","kind":"ohl","name":"CILFYNYDD - UPPER BOAT 1","voltage":"275","towers":"ZZB ROUTE","status":"C","gid":10004847,"risk":"SAFE","floodCodes":[],"floodNames":[]},"geometry":{"type":"LineString","coordinates":[[-3.300427,51.634768],[-3.299285,51.633067],[-3.296209,51.631668],[-3.295633,51.627485],[-3.295397,51.625792],[-3.295064,51.623405],[-3.294772,51.621301],[-3.294515,51.619437],[-3.294175,51.616994],[-3.293879,51.614855],[-3.293507,51.612178],[-3.293511,51.610262],[-3.293516,51.608259],[-3.293522,51.606309],[-3.293524,51.604116],[-3.293533,51.60081],[-3.29354,51.596987],[-3.293547,51.594335],[-3.293554,51.590936],[-3.293561,51.58876],[-3.293565,51.585514],[-3.293569,51.582293],[-3.295763,51.579132],[-3.298056,51.576572],[-3.299097,51.573955]]}},{"type":"Feature","properties":{"id":"ohl-301","kind":"ohl","name":"BODELWYDDAN - DEESIDE - PENTIR 1","voltage":"400","towers":"4ZB ROUTE TWR (001 - 167)","status":"C","gid":10004848,"risk":"SAFE","floodCodes":[],"floodNames":[]},"geometry":{"type":"LineString","coordinates":[[-3.481123,53.247242],[-3.485294,53.248203],[-3.490162,53.249335],[-3.494692,53.250388],[-3.499363,53.251486],[-3.504409,53.250778],[-3.508914,53.250148],[-3.512663,53.249643],[-3.516025,53.249181],[-3.522692,53.24826],[-3.526876,53.247682],[-3.532497,53.247702],[-3.537,53.247716],[-3.542759,53.24773],[-3.548466,53.247741],[-3.553222,53.248488],[-3.557853,53.249217],[-3.564479,53.250258],[-3.569119,53.250988],[-3.573779,53.251719],[-3.579082,53.252561],[-3.583372,53.251144],[-3.589231,53.249218],[-3.59362,53.247773],[-3.596949,53.24668],[-3.601575,53.24516],[-3.605214,53.242948],[-3.609034,53.240627],[-3.612428,53.238571],[-3.615474,53.23672],[-3.619003,53.235572],[-3.623173,53.234217],[-3.630397,53.231865],[-3.633233,53.230945],[-3.636738,53.229805],[-3.639387,53.228942],[-3.64532,53.227011],[-3.648321,53.226036],[-3.651907,53.224863],[-3.658399,53.224842],[-3.663866,53.224818],[-3.66753,53.224804],[-3.674767,53.224773],[-3.678192,53.224758],[-3.682756,53.224739],[-3.687399,53.224719],[-3.692049,53.224697],[-3.695885,53.224679],[-3.700418,53.224659],[-3.707614,53.224627],[-3.709887,53.224615],[-3.713271,53.223783],[-3.719611,53.222221],[-3.722778,53.221443],[-3.725875,53.22068],[-3.730001,53.219665],[-3.734734,53.218499],[-3.736925,53.216756],[-3.741041,53.213484],[-3.743651,53.211404],[-3.74864,53.21073],[-3.752192,53.210248],[-3.757297,53.209558],[-3.759739,53.209228],[-3.763254,53.208751],[-3.768146,53.208089],[-3.772603,53.207483],[-3.775716,53.207061],[-3.778129,53.206733],[-3.785999,53.205665],[-3.788751,53.205299],[-3.793868,53.203825],[-3.799026,53.202342],[-3.803934,53.200929],[-3.808258,53.201095],[-3.810994,53.201207],[-3.815019,53.200902],[-3.821206,53.20044],[-3.823192,53.200288],[-3.828994,53.202606],[-3.831761,53.204512],[-3.835221,53.206896],[-3.838638,53.209251],[-3.841673,53.211344],[-3.843421,53.212546],[-3.845986,53.214312],[-3.849279,53.216588],[-3.851474,53.216525],[-3.856708,53.216383],[-3.860029,53.216291],[-3.866888,53.216107],[-3.872485,53.215952],[-3.875182,53.215878],[-3.879515,53.21576],[-3.883141,53.215653],[-3.887506,53.216664],[-3.893049,53.217935],[-3.89804,53.219084],[-3.902422,53.220087],[-3.907129,53.221167],[-3.91199,53.222282],[-3.916968,53.223424],[-3.920047,53.225236],[-3.92227,53.226545],[-3.925485,53.228436],[-3.92764,53.229723],[-3.933379,53.230136],[-3.938939,53.230549],[-3.944232,53.230936],[-3.950915,53.23143],[-3.955819,53.231793],[-3.960326,53.232126],[-3.963898,53.231928],[-3.968446,53.231678],[-3.973281,53.231412],[-3.977881,53.231167],[-3.983006,53.229346],[-3.987312,53.227823],[-3.990465,53.226696],[-3.998442,53.225164],[-4.008613,53.223197],[-4.011554,53.222628],[-4.016618,53.221653],[-4.020331,53.220497],[-4.024902,53.21908],[-4.028945,53.217826],[-4.033439,53.21643],[-4.03937,53.214593],[-4.041997,53.213952],[-4.045753,53.21304],[-4.049862,53.21204],[-4.054703,53.210871],[-4.0575,53.209094],[-4.059893,53.207577],[-4.063484,53.205301],[-4.066698,53.204613],[-4.071768,53.20353],[-4.075892,53.202645],[-4.079605,53.20185],[-4.084614,53.201967],[-4.08932,53.202075],[-4.095154,53.202211],[-4.100177,53.202325],[-4.104495,53.202429],[-4.107992,53.201928],[-4.112246,53.201323],[-4.117654,53.200552],[-4.121206,53.198328],[-4.124085,53.196522],[-4.12815,53.193971],[-4.132221,53.19141],[-4.138893,53.190471],[-4.14391,53.189762],[-4.148593,53.189098],[-4.152536,53.18854],[-4.156028,53.188044]]}},{"type":"Feature","properties":{"id":"ohl-302","kind":"ohl","name":"FIDDLERS FERRY - RAINHILL 1","voltage":"275","towers":"4ZF ROUTE","status":"C","gid":10004849,"risk":"SAFE","floodCodes":[],"floodNames":[]},"geometry":{"type":"LineString","coordinates":[[-2.739244,53.420711],[-2.74299,53.419089],[-2.746379,53.417609],[-2.74737,53.415501],[-2.748523,53.413052],[-2.749402,53.411209],[-2.748668,53.409286],[-2.748084,53.407727],[-2.747461,53.406067],[-2.746828,53.404365],[-2.744489,53.402378],[-2.741352,53.399709],[-2.735682,53.398688],[-2.730109,53.397687],[-2.724225,53.39663],[-2.71869,53.395638],[-2.71351,53.394711],[-2.708073,53.39373],[-2.70515,53.391313],[-2.701879,53.3886],[-2.698189,53.385536],[-2.695444,53.38327],[-2.695532,53.379472],[-2.695617,53.376229],[-2.694527,53.372779],[-2.690458,53.371392]]}},{"type":"Feature","properties":{"id":"ohl-303","kind":"ohl","name":"BRADFORD WEST - PADIHAM","voltage":"400","towers":"4ZP ROUTE (TWR 2 - 145)","status":"C","gid":10004850,"risk":"MEDIUM","floodCodes":["012FWFL34C","123FWF735","123FWF322"],"floodNames":["River Calder at Padiham, comprising the business park at Mead Way","River Ryburn at Ripponden","River Calder at Elland - North Dean Business Park to Park Road"]},"geometry":{"type":"LineString","coordinates":[[-1.805308,53.743732],[-1.807622,53.74166],[-1.809133,53.73955],[-1.810841,53.737135],[-1.815105,53.736314],[-1.818145,53.734477],[-1.823054,53.731446],[-1.827612,53.728981],[-1.831655,53.726128],[-1.832059,53.723531],[-1.829159,53.721262],[-1.825071,53.72025],[-1.822407,53.719563],[-1.819649,53.716044],[-1.817282,53.712982],[-1.815867,53.711194],[-1.813878,53.708541],[-1.81754,53.707038],[-1.822377,53.705101],[-1.827033,53.703795],[-1.83131,53.702588],[-1.835146,53.70147],[-1.840006,53.700097],[-1.843186,53.697613],[-1.846849,53.694807],[-1.848837,53.69354],[-1.857632,53.692459],[-1.860987,53.692469],[-1.866559,53.692539],[-1.872102,53.692644],[-1.877235,53.692703],[-1.883325,53.692179],[-1.889308,53.691618],[-1.892781,53.689581],[-1.897846,53.686592],[-1.900318,53.685111],[-1.904531,53.683596],[-1.908698,53.682062],[-1.913046,53.680484],[-1.918288,53.678582],[-1.922409,53.677048],[-1.923701,53.6741],[-1.924871,53.671369],[-1.926072,53.668502],[-1.929374,53.667174],[-1.932645,53.665846],[-1.935296,53.664751],[-1.937885,53.6637],[-1.939853,53.662901],[-1.943457,53.661411],[-1.949801,53.658852],[-1.954734,53.658621],[-1.95974,53.658415],[-1.96419,53.660314],[-1.968941,53.660621],[-1.976008,53.661071],[-1.980381,53.661342],[-1.984997,53.661648],[-1.988897,53.661883],[-1.992941,53.662835],[-1.996149,53.66359],[-2.002021,53.664992],[-2.005426,53.664722],[-2.009921,53.664372],[-2.014067,53.664048],[-2.018017,53.663732],[-2.021982,53.662851],[-2.025531,53.662053],[-2.028276,53.661411],[-2.032028,53.660547],[-2.035603,53.659808],[-2.03722,53.6614],[-2.03928,53.663412],[-2.0415,53.665523],[-2.043279,53.667303],[-2.045203,53.669154],[-2.046748,53.670609],[-2.050154,53.670958],[-2.05403,53.671352],[-2.057583,53.671666],[-2.061503,53.672037],[-2.065051,53.672375],[-2.068941,53.672755],[-2.072862,53.67313],[-2.077495,53.673559],[-2.079702,53.673756],[-2.089123,53.676447],[-2.090818,53.676983],[-2.094082,53.678014],[-2.097352,53.679018],[-2.100639,53.680058],[-2.103881,53.68108],[-2.106836,53.682012],[-2.109821,53.68298],[-2.114246,53.684369],[-2.11708,53.685273],[-2.119917,53.686174],[-2.122702,53.687066],[-2.124588,53.689914],[-2.125954,53.691932],[-2.127353,53.694047],[-2.128665,53.696039],[-2.129994,53.698059],[-2.131107,53.699751],[-2.132483,53.701845],[-2.133672,53.703692],[-2.134966,53.705704],[-2.136671,53.708291],[-2.140159,53.70932],[-2.144469,53.710561],[-2.147529,53.711477],[-2.150017,53.712202],[-2.153426,53.7132],[-2.156525,53.714114],[-2.159235,53.71491],[-2.161738,53.715613],[-2.165474,53.716703],[-2.169008,53.71775],[-2.172352,53.71877],[-2.175201,53.720141],[-2.178042,53.721493],[-2.180376,53.722608],[-2.183389,53.72405],[-2.186174,53.725381],[-2.188807,53.72664],[-2.191601,53.727972],[-2.194393,53.728236],[-2.199745,53.728704],[-2.202451,53.728926],[-2.205246,53.729171],[-2.208943,53.729494],[-2.212559,53.72981],[-2.216421,53.730146],[-2.220019,53.730484],[-2.223685,53.73078],[-2.226578,53.731032],[-2.229603,53.731293],[-2.234623,53.731741],[-2.237355,53.734211],[-2.239691,53.736307],[-2.242226,53.738548],[-2.24442,53.740503],[-2.246798,53.742709],[-2.248551,53.744225],[-2.250472,53.745956],[-2.253247,53.748484],[-2.255671,53.750618],[-2.258568,53.753237],[-2.260143,53.755127],[-2.26193,53.757337],[-2.263702,53.759427],[-2.265628,53.761706],[-2.267598,53.764086],[-2.270043,53.767022],[-2.271287,53.768464],[-2.274828,53.769837],[-2.280045,53.771848],[-2.284046,53.773375],[-2.288442,53.775019],[-2.293463,53.776939],[-2.298048,53.779498],[-2.302145,53.781845],[-2.306109,53.784098],[-2.309462,53.785949],[-2.314065,53.788535],[-2.317035,53.790247],[-2.320701,53.792335],[-2.321105,53.794331]]}},{"type":"Feature","properties":{"id":"ohl-304","kind":"ohl","name":"KEARSLEY - PADIHAM","voltage":"400","towers":"4ZP ROUTE (TWR 2 - 145)","status":"C","gid":10004851,"risk":"MEDIUM","floodCodes":["012FWFL52"],"floodNames":["Rivers in Accrington and Oswaldtwistle"]},"geometry":{"type":"LineString","coordinates":[[-2.443668,53.756647],[-2.438896,53.75535],[-2.433698,53.753932],[-2.429051,53.752665],[-2.423799,53.751234],[-2.422828,53.747289],[-2.422098,53.744389],[-2.424958,53.74131],[-2.427967,53.738061],[-2.430692,53.735115],[-2.433725,53.731839],[-2.436322,53.72903],[-2.439599,53.725491],[-2.441756,53.723161],[-2.443787,53.720966],[-2.446417,53.718127],[-2.44925,53.715065],[-2.451265,53.712884],[-2.453542,53.710105]]}},{"type":"Feature","properties":{"id":"ohl-305","kind":"ohl","name":"HEYSHAM - PENWORTHAM - STANAH 1","voltage":"400","towers":"VF ROUTE TWR (001 - 071)","status":"C","gid":10004852,"risk":"MEDIUM","floodCodes":["012FWCTL37A","012FWCTL29A","012FWCTL32B","012FWCTL29B"],"floodNames":["Ribble estuary at Hutton and Longton","Wyre estuary at Hambleton, around Wardleys Pool and Brickhouse Lane","Wyre estuary at Thornton, between A585, Stanah Road and School Road","Wyre estuary at Hambleton, bordering Brickhouse Lane and A588"]},"geometry":{"type":"LineString","coordinates":[[-2.760039,53.745175],[-2.760915,53.748436],[-2.763437,53.752332],[-2.765338,53.754319],[-2.767279,53.756351],[-2.769928,53.759129],[-2.772305,53.760931],[-2.776403,53.76111],[-2.780854,53.761304],[-2.783992,53.762807],[-2.787424,53.764446],[-2.790587,53.76596],[-2.796083,53.767262],[-2.801243,53.768484],[-2.806513,53.769737],[-2.812471,53.77114],[-2.815415,53.773295],[-2.819628,53.776367],[-2.822718,53.778618],[-2.825694,53.780791],[-2.828473,53.78282],[-2.834374,53.783711],[-2.840347,53.784616],[-2.842252,53.787078],[-2.844495,53.789972],[-2.846533,53.792613],[-2.849091,53.79592],[-2.851463,53.798974],[-2.853562,53.801688],[-2.85594,53.804754],[-2.858017,53.807436],[-2.860377,53.810487],[-2.863744,53.812667],[-2.867175,53.814895],[-2.870431,53.817014],[-2.874003,53.819333],[-2.878067,53.821972],[-2.881292,53.824069],[-2.88481,53.826356],[-2.888171,53.828538],[-2.891908,53.830966],[-2.895341,53.833196],[-2.898509,53.835254],[-2.899741,53.838981],[-2.90084,53.842321],[-2.901972,53.845753],[-2.903131,53.84928],[-2.904325,53.852905],[-2.905265,53.855756],[-2.90609,53.858266],[-2.910571,53.859953],[-2.915465,53.861796],[-2.919258,53.863223],[-2.923642,53.864876],[-2.927399,53.866294],[-2.93171,53.867917],[-2.933785,53.871492],[-2.935785,53.874978],[-2.939629,53.877582],[-2.943071,53.879929],[-2.946631,53.882356],[-2.951636,53.882045],[-2.955521,53.881806],[-2.96102,53.881465],[-2.965529,53.881251],[-2.968379,53.880377],[-2.975174,53.878285],[-2.978681,53.877206],[-2.981434,53.87636],[-2.984266,53.877073],[-2.986473,53.878464]]}},{"type":"Feature","properties":{"id":"ohl-306","kind":"ohl","name":"HARKER - HUTTON 1","voltage":"400","towers":"ZX ROUTE TWR (001N - 002N - 003N - 247A)","status":"C","gid":10004853,"risk":"LOW","floodCodes":["011FWFNC3A"],"floodNames":["River Eden at Carlisle, Rickerby Park, Swifts and Stoneyholme Golf Courses"]},"geometry":{"type":"LineString","coordinates":[[-2.669784,54.297737],[-2.668295,54.298214],[-2.664726,54.298689],[-2.660971,54.301925],[-2.657773,54.304676],[-2.658644,54.308356],[-2.659236,54.310846],[-2.660162,54.314736],[-2.660765,54.317281],[-2.661659,54.32102],[-2.662319,54.323796],[-2.663039,54.326832],[-2.66403,54.33098],[-2.664605,54.333403],[-2.665072,54.335376],[-2.666018,54.339343],[-2.666779,54.34255],[-2.669239,54.344058],[-2.674303,54.34717],[-2.677472,54.349117],[-2.681193,54.351402],[-2.684504,54.353436],[-2.687614,54.355345],[-2.691667,54.357832],[-2.695624,54.360261],[-2.698252,54.361874],[-2.700523,54.363256],[-2.699625,54.365549],[-2.698749,54.367834],[-2.697148,54.371986],[-2.696401,54.373921],[-2.695195,54.377051],[-2.693973,54.380225],[-2.692696,54.383539],[-2.691738,54.386027],[-2.690308,54.389715],[-2.690628,54.392689],[-2.690936,54.395601],[-2.69133,54.399328],[-2.691673,54.402574],[-2.691889,54.404609],[-2.692143,54.40703],[-2.692579,54.411144],[-2.692838,54.413608],[-2.693208,54.417095],[-2.69351,54.419966],[-2.693926,54.423878],[-2.69409,54.425424],[-2.693949,54.427308],[-2.693581,54.432127],[-2.693379,54.434799],[-2.693173,54.437512],[-2.692982,54.440051],[-2.692781,54.442678],[-2.692479,54.446668],[-2.69236,54.448247],[-2.692213,54.450154],[-2.692,54.452955],[-2.691828,54.455346],[-2.687742,54.456849],[-2.683175,54.458534],[-2.681242,54.460395],[-2.679277,54.462284],[-2.67743,54.464061],[-2.675217,54.466189],[-2.67303,54.468293],[-2.670472,54.470754],[-2.668358,54.472783],[-2.666019,54.475029],[-2.663925,54.477043],[-2.661879,54.479005],[-2.659933,54.480874],[-2.659003,54.483473],[-2.657913,54.486498],[-2.656948,54.489171],[-2.656042,54.491701],[-2.655056,54.494448],[-2.654096,54.49711],[-2.653091,54.499898],[-2.652163,54.502474],[-2.653703,54.504963],[-2.65504,54.507126],[-2.656632,54.509702],[-2.658224,54.512276],[-2.65952,54.514374],[-2.661722,54.517939],[-2.663488,54.520797],[-2.665563,54.524152],[-2.667415,54.527154],[-2.668527,54.528945],[-2.669718,54.530873],[-2.670051,54.533639],[-2.67034,54.536021],[-2.670624,54.538383],[-2.670839,54.540147],[-2.671151,54.542734],[-2.671537,54.545962],[-2.671892,54.548899],[-2.67302,54.551785],[-2.674156,54.554698],[-2.675181,54.557322],[-2.674768,54.558919],[-2.67587,54.560643],[-2.677757,54.563592],[-2.680042,54.567159],[-2.680524,54.569061],[-2.681289,54.572062],[-2.682264,54.575873],[-2.682966,54.578632],[-2.684417,54.58135],[-2.685989,54.584306],[-2.687466,54.587076],[-2.688938,54.589841],[-2.690803,54.593337],[-2.692175,54.595913],[-2.693922,54.599195],[-2.695762,54.602641],[-2.697223,54.605381],[-2.698409,54.607602],[-2.698765,54.610765],[-2.699013,54.612947],[-2.699312,54.615576],[-2.699587,54.617985],[-2.699937,54.621043],[-2.700393,54.625089],[-2.700658,54.627428],[-2.700953,54.630012],[-2.701387,54.633828],[-2.701743,54.636957],[-2.70203,54.639493],[-2.702344,54.64224],[-2.702687,54.64527],[-2.703096,54.64806],[-2.704518,54.651131],[-2.705972,54.654302],[-2.706192,54.656531],[-2.70648,54.659483],[-2.706763,54.662395],[-2.70706,54.665387],[-2.707307,54.667896],[-2.707688,54.671878],[-2.70898,54.674253],[-2.711066,54.678104],[-2.712296,54.680378],[-2.713965,54.683457],[-2.715364,54.686042],[-2.71744,54.6899],[-2.72204,54.690969],[-2.727063,54.692142],[-2.732324,54.69337],[-2.736572,54.694361],[-2.739851,54.695125],[-2.744606,54.696234],[-2.749216,54.697308],[-2.751695,54.69906],[-2.754324,54.700915],[-2.758129,54.703599],[-2.761523,54.705991],[-2.765037,54.708474],[-2.76508,54.711894],[-2.765123,54.715099],[-2.765157,54.717818],[-2.765206,54.721614],[-2.76523,54.723555],[-2.765271,54.72674],[-2.765314,54.730062],[-2.766363,54.732366],[-2.767701,54.735299],[-2.769163,54.738508],[-2.770294,54.740991],[-2.771803,54.744297],[-2.772946,54.746814],[-2.774057,54.749245],[-2.775364,54.752117],[-2.776874,54.755421],[-2.778317,54.758584],[-2.779589,54.761373],[-2.781196,54.764896],[-2.782492,54.767732],[-2.784485,54.769943],[-2.787659,54.773459],[-2.789562,54.775566],[-2.791353,54.777551],[-2.794372,54.780898],[-2.795898,54.782585],[-2.797428,54.784281],[-2.800165,54.787301],[-2.801761,54.790639],[-2.80329,54.793818],[-2.804682,54.79671],[-2.806428,54.800333],[-2.807964,54.803529],[-2.809436,54.806584],[-2.810938,54.809701],[-2.812594,54.813138],[-2.813999,54.816052],[-2.815274,54.818697],[-2.818713,54.821275],[-2.82185,54.823628],[-2.825561,54.826411],[-2.828998,54.828985],[-2.831779,54.831071],[-2.835454,54.833823],[-2.83904,54.836514],[-2.842158,54.838849],[-2.845841,54.841606],[-2.848636,54.8437],[-2.85152,54.845859],[-2.854865,54.848357],[-2.857478,54.851361],[-2.860335,54.854636],[-2.863082,54.857785],[-2.865131,54.860129],[-2.868158,54.863594],[-2.870344,54.866099],[-2.873123,54.869282],[-2.875223,54.871676],[-2.876584,54.874561],[-2.879166,54.878115],[-2.881098,54.881447],[-2.882527,54.883905],[-2.883851,54.887008],[-2.884837,54.890225],[-2.885392,54.893217],[-2.885952,54.896092],[-2.886535,54.89907],[-2.887217,54.902575],[-2.887855,54.905824],[-2.888475,54.909022],[-2.889118,54.912282],[-2.889798,54.915777],[-2.890507,54.919405],[-2.891137,54.922639],[-2.894098,54.924909],[-2.896963,54.927114],[-2.900295,54.929678],[-2.903576,54.9322],[-2.906316,54.934303],[-2.909888,54.937054],[-2.913763,54.94004],[-2.919759,54.940185],[-2.924665,54.940305],[-2.929541,54.940425],[-2.93554,54.940572],[-2.940949,54.940705],[-2.945832,54.940826],[-2.951982,54.940775],[-2.958353,54.940729],[-2.959734,54.94156],[-2.960316,54.942995]]}},{"type":"Feature","properties":{"id":"ohl-307","kind":"ohl","name":"BREDBURY - MACCLESFIELD","voltage":"400","towers":"YV ROUTE TWR (001 - 053 - ZZC040R)","status":"C","gid":10004854,"risk":"MEDIUM","floodCodes":["013FWFGM58"],"floodNames":["River Goyt from Marple Dale to Offerton"]},"geometry":{"type":"LineString","coordinates":[[-2.121595,53.269213],[-2.121204,53.271915],[-2.119759,53.273834],[-2.117853,53.276372],[-2.116476,53.278205],[-2.114613,53.280669],[-2.115859,53.28239],[-2.117418,53.284562],[-2.121784,53.285575],[-2.124751,53.287477],[-2.128647,53.289961],[-2.128405,53.292651],[-2.128139,53.295658],[-2.127832,53.299145],[-2.127557,53.302307],[-2.127254,53.305882],[-2.125269,53.307976],[-2.122295,53.311129],[-2.119803,53.313777],[-2.116906,53.316848],[-2.113891,53.320049],[-2.108036,53.320098],[-2.103715,53.32014],[-2.100967,53.322402],[-2.097833,53.324981],[-2.093594,53.328452],[-2.090748,53.330785],[-2.087868,53.333146],[-2.085127,53.335392],[-2.082216,53.337775],[-2.08001,53.339575],[-2.080184,53.34276],[-2.080342,53.345754],[-2.080519,53.349109],[-2.080654,53.35172],[-2.080745,53.35348],[-2.080866,53.355868],[-2.081806,53.357837],[-2.083063,53.360509],[-2.085512,53.361837],[-2.085659,53.364333],[-2.085863,53.367689],[-2.086079,53.371211],[-2.085171,53.374139],[-2.089033,53.376876],[-2.092923,53.379636],[-2.096686,53.382315],[-2.099982,53.384662],[-2.102506,53.386454],[-2.104491,53.38785],[-2.103574,53.389544],[-2.101764,53.392932],[-2.102036,53.395497],[-2.105652,53.39846],[-2.107865,53.400819],[-2.105071,53.404223]]}},{"type":"Feature","properties":{"id":"ohl-308","kind":"ohl","name":"DEESIDE - LEGACY - TRAWSFYNYDD 1","voltage":"400","towers":"ZKA ROUTE TWR (ZK045 - 001 - 035)","status":"C","gid":10004855,"risk":"SAFE","floodCodes":[],"floodNames":[]},"geometry":{"type":"LineString","coordinates":[[-3.147893,53.116739],[-3.14569,53.114103],[-3.143377,53.111287],[-3.140436,53.107719],[-3.138245,53.105041],[-3.134435,53.102696],[-3.130285,53.100148],[-3.126476,53.097813],[-3.12203,53.095078],[-3.118827,53.093105],[-3.115596,53.090822],[-3.111728,53.088086],[-3.107822,53.085318],[-3.104579,53.083023],[-3.101233,53.080653],[-3.096428,53.077251],[-3.094623,53.075973],[-3.089762,53.074735],[-3.086268,53.073846],[-3.084535,53.071564],[-3.082618,53.069049],[-3.08035,53.066068],[-3.07821,53.063264],[-3.079981,53.060329],[-3.081275,53.058178],[-3.082867,53.055524],[-3.08015,53.052555],[-3.077388,53.049529],[-3.074472,53.046333],[-3.071948,53.043569],[-3.069438,53.040827],[-3.066434,53.03754],[-3.06411,53.034995],[-3.061676,53.032318],[-3.058729,53.030824],[-3.05544,53.029159]]}},{"type":"Feature","properties":{"id":"ohl-309","kind":"ohl","name":"PENTIR - TRAWSFYNYDD","voltage":"400","towers":"4ZC ROUTE TWR (005 - 037)","status":"C","gid":10004856,"risk":"SAFE","floodCodes":[],"floodNames":[]},"geometry":{"type":"LineString","coordinates":[[-4.089727,52.928052],[-4.08648,52.928009],[-4.082656,52.926819],[-4.077503,52.925211],[-4.073984,52.925187],[-4.0701,52.925156],[-4.065822,52.925117],[-4.061212,52.923176],[-4.055359,52.920125],[-4.051243,52.919796],[-4.045597,52.920781],[-4.042487,52.92129],[-4.038867,52.921883],[-4.036218,52.922313],[-4.03206,52.922994],[-4.028068,52.92312],[-4.020704,52.923356],[-4.016181,52.923502],[-4.010504,52.923904],[-4.006421,52.924197],[-4.002684,52.924462],[-3.99827,52.924779],[-3.994289,52.924596],[-3.989698,52.924381],[-3.986239,52.924993],[-3.979054,52.926251],[-3.974991,52.926966],[-3.970225,52.927803],[-3.96613,52.92851],[-3.962608,52.929675],[-3.959111,52.930805],[-3.953706,52.929596],[-3.949993,52.928001]]}},{"type":"Feature","properties":{"id":"ohl-310","kind":"ohl","name":"PENRHOS - WYLFA 1","voltage":"132","towers":"EV ROUTE","status":"C","gid":10004857,"risk":"SAFE","floodCodes":[],"floodNames":[]},"geometry":{"type":"LineString","coordinates":[[-4.560917,53.287964],[-4.558506,53.287731],[-4.555312,53.287421],[-4.552013,53.287102],[-4.548116,53.286725],[-4.544757,53.286399],[-4.540927,53.286028],[-4.537354,53.285681],[-4.534522,53.286626],[-4.53213,53.287422],[-4.529733,53.288217],[-4.527645,53.289577],[-4.525102,53.291229],[-4.522418,53.292973],[-4.520751,53.29405],[-4.518858,53.296081],[-4.517202,53.297851],[-4.515506,53.299663],[-4.513534,53.30177],[-4.511864,53.303553],[-4.510333,53.305188],[-4.508659,53.306977],[-4.507291,53.308715],[-4.50612,53.310206],[-4.504589,53.312154],[-4.502914,53.314283],[-4.501251,53.316401],[-4.498864,53.318361],[-4.496128,53.320609],[-4.494158,53.322226],[-4.491665,53.324275],[-4.489406,53.326132],[-4.487337,53.327832],[-4.485604,53.329253],[-4.483509,53.330973],[-4.481547,53.332582],[-4.481617,53.334988],[-4.481688,53.3374],[-4.481734,53.339035],[-4.481803,53.341317],[-4.481868,53.343454],[-4.481932,53.345712],[-4.482003,53.348122],[-4.482065,53.350201],[-4.482125,53.352256],[-4.482183,53.354263],[-4.480256,53.355965],[-4.478775,53.357277],[-4.477085,53.358766],[-4.475079,53.360537],[-4.473469,53.361959],[-4.471659,53.363555],[-4.468436,53.364295],[-4.465162,53.365045],[-4.461193,53.365954],[-4.457553,53.366789],[-4.455119,53.367347],[-4.45116,53.368254],[-4.44823,53.368924],[-4.445368,53.369579],[-4.445399,53.371213],[-4.44545,53.373587],[-4.445249,53.375198],[-4.445021,53.377049],[-4.447093,53.378326],[-4.449909,53.380065],[-4.452468,53.381646],[-4.455729,53.383661],[-4.458037,53.385089],[-4.461246,53.387069],[-4.463789,53.388639],[-4.464719,53.390734],[-4.465602,53.392719],[-4.46621,53.394469],[-4.466967,53.396631],[-4.467512,53.398195],[-4.468139,53.399985]]}},{"type":"Feature","properties":{"id":"ohl-311","kind":"ohl","name":"CAPENHURST - DEESIDE 1","voltage":"400","towers":"4ZD ROUTE TWR (002 - 035)","status":"C","gid":10004858,"risk":"MEDIUM","floodCodes":["013FWTTCH15"],"floodNames":["Tidal River Dee in England at Northern Embankment, Chester"]},"geometry":{"type":"LineString","coordinates":[[-2.949884,53.26923],[-2.953855,53.270615],[-2.958877,53.270846],[-2.963613,53.268789],[-2.967706,53.267013],[-2.972404,53.264974],[-2.976818,53.263057],[-2.980704,53.261382],[-2.984016,53.258344],[-2.987133,53.255498],[-2.9898,53.253061],[-2.992875,53.250252],[-2.996033,53.247361],[-2.999379,53.244932],[-3.003113,53.242218],[-3.007047,53.239358],[-3.010716,53.236691],[-3.014354,53.234045],[-3.018144,53.231288],[-3.021885,53.228576],[-3.024262,53.225127],[-3.026203,53.2223],[-3.031486,53.22176],[-3.034676,53.221426],[-3.039319,53.220951],[-3.043779,53.222338],[-3.045486,53.223302],[-3.049516,53.224099],[-3.05374,53.224947],[-3.057497,53.225693],[-3.062882,53.22814],[-3.068744,53.228302],[-3.07307,53.230227]]}},{"type":"Feature","properties":{"id":"ohl-312","kind":"ohl","name":"CARRINGTON - DAINES 2","voltage":"400","towers":"ZO ROUTE (TWR 100-196R)","status":"C","gid":10004859,"risk":"MEDIUM","floodCodes":["013FWFGM40","013FWFGM39"],"floodNames":["River Mersey at Flixton Village","River Mersey at Flixton Rural"]},"geometry":{"type":"LineString","coordinates":[[-2.380667,53.426465],[-2.379999,53.429587],[-2.38269,53.43224],[-2.384847,53.434376],[-2.387477,53.434435],[-2.389477,53.434483],[-2.394054,53.434594],[-2.398086,53.434697]]}},{"type":"Feature","properties":{"id":"ohl-313","kind":"ohl","name":"FIDDLERS FERRY - FRODSHAM 1","voltage":"275","towers":"4ZF ROUTE","status":"C","gid":10004860,"risk":"SAFE","floodCodes":[],"floodNames":[]},"geometry":{"type":"LineString","coordinates":[[-2.689165,53.370419],[-2.688787,53.368423],[-2.685468,53.365897],[-2.682572,53.363708],[-2.680018,53.361769]]}},{"type":"Feature","properties":{"id":"ohl-314","kind":"ohl","name":"BERKSWELL - COVENTRY 1","voltage":"275","towers":"GIS","status":"C","gid":10004861,"risk":"SAFE","floodCodes":[],"floodNames":[]},"geometry":{"type":"LineString","coordinates":[[-1.616583,52.386388],[-1.620397,52.388153],[-1.623989,52.389825],[-1.627426,52.39142],[-1.628797,52.394487],[-1.630608,52.39688],[-1.632158,52.398894],[-1.629268,52.401651],[-1.626191,52.404613],[-1.623024,52.407651],[-1.621099,52.409512],[-1.620159,52.412107],[-1.619218,52.414694],[-1.615956,52.416855],[-1.613101,52.41875],[-1.60978,52.420951],[-1.606225,52.423316],[-1.601437,52.425257],[-1.596844,52.427125],[-1.593413,52.428519],[-1.587916,52.430747],[-1.586623,52.433263],[-1.585193,52.436026],[-1.584009,52.438309],[-1.582532,52.44116],[-1.581071,52.443982],[-1.57972,52.446583],[-1.578193,52.449545],[-1.576286,52.453207],[-1.574781,52.456128],[-1.573162,52.459238],[-1.571751,52.461961],[-1.570484,52.464417],[-1.567441,52.466184],[-1.563252,52.468626],[-1.558405,52.469453],[-1.552,52.470555],[-1.547509,52.469451],[-1.54332,52.468824],[-1.538728,52.468135],[-1.535261,52.467608],[-1.531103,52.466988],[-1.527062,52.466377],[-1.52163,52.465561],[-1.516239,52.464744],[-1.511162,52.464656],[-1.506516,52.464572],[-1.501201,52.464481],[-1.498506,52.462823],[-1.49455,52.460405],[-1.490787,52.459357],[-1.486989,52.458296],[-1.482327,52.457006],[-1.478902,52.455276],[-1.474957,52.453274],[-1.472859,52.454388],[-1.469354,52.45623],[-1.465156,52.456577]]}},{"type":"Feature","properties":{"id":"ohl-315","kind":"ohl","name":"COVENTRY - NECHELLS","voltage":"400","towers":"4ZWW ROUTE TWR (001 - 059)","status":"C","gid":10004862,"risk":"LOW","floodCodes":["033FWF3BLYTH007"],"floodNames":["River Blythe at Blyth End"]},"geometry":{"type":"LineString","coordinates":[[-1.469356,52.456666],[-1.474135,52.456421],[-1.477883,52.457951],[-1.481382,52.459375],[-1.484784,52.460762],[-1.489233,52.462571],[-1.492313,52.463826],[-1.49603,52.466397],[-1.499261,52.468628],[-1.502874,52.471129],[-1.507578,52.472007],[-1.511179,52.472683],[-1.515804,52.473556],[-1.520318,52.474399],[-1.523911,52.476326],[-1.527686,52.478342],[-1.530944,52.480082],[-1.53432,52.481884],[-1.537971,52.483847],[-1.543388,52.484775],[-1.548312,52.485628],[-1.554603,52.486722],[-1.560278,52.486077],[-1.56582,52.488251],[-1.569172,52.489561],[-1.574096,52.490228],[-1.580657,52.49112],[-1.58521,52.49174],[-1.590593,52.492467],[-1.594945,52.493303],[-1.599845,52.494242],[-1.604541,52.495141],[-1.609737,52.496136],[-1.615481,52.497233],[-1.620133,52.498129],[-1.625597,52.499168],[-1.630042,52.50002],[-1.636143,52.501197],[-1.641682,52.501836],[-1.646866,52.502441],[-1.651544,52.502987],[-1.655382,52.503432],[-1.659146,52.503874],[-1.664274,52.504472],[-1.669855,52.505115],[-1.674103,52.507657],[-1.677672,52.509786],[-1.681718,52.512199],[-1.685421,52.514409],[-1.688737,52.51638],[-1.691932,52.518284],[-1.692894,52.521487],[-1.694397,52.523712],[-1.695201,52.525987],[-1.697693,52.527749],[-1.700468,52.530457],[-1.703346,52.533274],[-1.707442,52.533844],[-1.711383,52.533887]]}},{"type":"Feature","properties":{"id":"ohl-316","kind":"ohl","name":"BUSTLEHOLM - NECHELLS 1","voltage":"275","towers":"YYF ROUTE","status":"C","gid":10004863,"risk":"MEDIUM","floodCodes":["033FWF3TAME010"],"floodNames":["River Tame at Witton and Salford Park"]},"geometry":{"type":"LineString","coordinates":[[-1.867123,52.512442],[-1.867932,52.513826],[-1.870752,52.5167],[-1.873438,52.518383],[-1.876812,52.519503],[-1.879577,52.520207],[-1.881517,52.522451],[-1.885906,52.524768],[-1.889999,52.526031],[-1.895651,52.527009]]}},{"type":"Feature","properties":{"id":"ohl-317","kind":"ohl","name":"ZZK ROUTE","voltage":"400","towers":"ZZK ROUTE","status":"C","gid":10004864,"risk":"SAFE","floodCodes":[],"floodNames":[]},"geometry":{"type":"LineString","coordinates":[[-2.811403,52.779973],[-2.816289,52.78243],[-2.820033,52.78431],[-2.822382,52.786232],[-2.825447,52.788737],[-2.828613,52.791325],[-2.832043,52.794123],[-2.835602,52.797035],[-2.838639,52.799511],[-2.841422,52.801785],[-2.845664,52.803351],[-2.850797,52.805243],[-2.855537,52.80699],[-2.860967,52.808991],[-2.865192,52.811049],[-2.868885,52.812849],[-2.87389,52.815289],[-2.879487,52.815917],[-2.884538,52.816484],[-2.888945,52.81698],[-2.892991,52.818626],[-2.89767,52.820532],[-2.901799,52.822211],[-2.906154,52.823983],[-2.910247,52.825649],[-2.914859,52.827523],[-2.919655,52.829471],[-2.924629,52.831493],[-2.928682,52.833143],[-2.928459,52.83657],[-2.927714,52.839563],[-2.926925,52.842746],[-2.925977,52.846573],[-2.925173,52.849813],[-2.924628,52.852007],[-2.923859,52.855105],[-2.927353,52.857844],[-2.930656,52.86043],[-2.933809,52.862902],[-2.937319,52.865658],[-2.940914,52.868475],[-2.944123,52.870991],[-2.947722,52.873815],[-2.950734,52.876172],[-2.954101,52.878814],[-2.957915,52.8818],[-2.960401,52.883744],[-2.963964,52.88654],[-2.963972,52.889187],[-2.963978,52.892088],[-2.963985,52.89566],[-2.96399,52.899057],[-2.963991,52.901689],[-2.963995,52.904679],[-2.963999,52.90764],[-2.964003,52.911228],[-2.964006,52.914795],[-2.964007,52.918226],[-2.967441,52.921761],[-2.969957,52.924352],[-2.973344,52.927837],[-2.975933,52.9305],[-2.978914,52.933563],[-2.981517,52.936237],[-2.985149,52.938224],[-2.988783,52.940212],[-2.992191,52.942078],[-2.995592,52.943939],[-2.999343,52.945991],[-3.002226,52.947571],[-3.005424,52.949323],[-3.007004,52.951022],[-3.008909,52.953071],[-3.012578,52.957025],[-3.013387,52.959358],[-3.014302,52.962001],[-3.015199,52.96458],[-3.015948,52.966733],[-3.016926,52.969537],[-3.017996,52.972608],[-3.017911,52.97581],[-3.017854,52.978065],[-3.017799,52.980284],[-3.017724,52.983126],[-3.018485,52.985406],[-3.019168,52.987463],[-3.020139,52.990397],[-3.021247,52.993708],[-3.022215,52.996645],[-3.023379,53.000135],[-3.024495,53.003492],[-3.027647,53.005913],[-3.031291,53.00872],[-3.034378,53.011103],[-3.03755,53.01215],[-3.041129,53.013336],[-3.044514,53.014451],[-3.046766,53.017185],[-3.048301,53.019045],[-3.051164,53.021839],[-3.053624,53.024257],[-3.05594,53.026135],[-3.055257,53.0282]]}},{"type":"Feature","properties":{"id":"ohl-318","kind":"ohl","name":"CELLARHEAD - DAINES","voltage":"400","towers":"ZE ROUTE TWR (465R - 507A)","status":"C","gid":10004865,"risk":"MEDIUM","floodCodes":["013FWFCH35"],"floodNames":["River Bollin and Agden Brook at Little Bollington"]},"geometry":{"type":"LineString","coordinates":[[-2.377467,53.425048],[-2.376658,53.423596],[-2.379237,53.42144],[-2.383054,53.419726],[-2.38535,53.417065],[-2.387117,53.415021],[-2.38947,53.412964],[-2.392375,53.410428],[-2.395344,53.407832],[-2.398114,53.405414],[-2.400905,53.40298],[-2.402549,53.399837],[-2.403987,53.397089],[-2.405498,53.394215],[-2.407009,53.391328],[-2.408655,53.388176],[-2.410305,53.385031],[-2.411711,53.382342],[-2.412946,53.379992],[-2.412078,53.376918],[-2.408828,53.375448],[-2.404523,53.373497],[-2.399446,53.372662],[-2.395308,53.371984],[-2.39116,53.371303],[-2.387454,53.370698],[-2.384432,53.369198],[-2.380855,53.367569],[-2.377161,53.36501],[-2.374283,53.363015],[-2.371599,53.361159],[-2.369639,53.358119],[-2.366299,53.356854],[-2.362458,53.35449],[-2.358401,53.35199],[-2.354818,53.349785],[-2.350019,53.34682],[-2.346172,53.344449],[-2.342457,53.342158],[-2.337996,53.33941],[-2.334163,53.337042],[-2.330184,53.334591],[-2.325394,53.332876],[-2.321448,53.331466]]}},{"type":"Feature","properties":{"id":"ohl-319","kind":"ohl","name":"CELLARHEAD - MACCLESFIELD","voltage":"400","towers":"ZEA ROUTE TWR (001R - 002 - 020)","status":"C","gid":10004866,"risk":"LOW","floodCodes":["013FWFCH20"],"floodNames":["River Bollin at Macclesfield riverside properties"]},"geometry":{"type":"LineString","coordinates":[[-2.184066,53.255897],[-2.180895,53.25753],[-2.176233,53.258828],[-2.175973,53.260733],[-2.175614,53.263246],[-2.177022,53.265046],[-2.17494,53.267036],[-2.172566,53.269323],[-2.168447,53.272209],[-2.163593,53.271771],[-2.157706,53.271243],[-2.152923,53.273395],[-2.147934,53.273377],[-2.142967,53.273361],[-2.139282,53.27335],[-2.135385,53.27069],[-2.131255,53.267949],[-2.12827,53.267677],[-2.123279,53.267218],[-2.12203,53.268743]]}},{"type":"Feature","properties":{"id":"ohl-320","kind":"ohl","name":"ELLAND - FERRYBRIDGE 'C'","voltage":"400","towers":"4ZU ROUTE TWR (003 - 046)","status":"C","gid":10004867,"risk":"MEDIUM","floodCodes":["123FWF361"],"floodNames":["River Calder at Stanley"]},"geometry":{"type":"LineString","coordinates":[[-1.290292,53.715479],[-1.296247,53.714028],[-1.301114,53.713485],[-1.305663,53.712961],[-1.310795,53.712383],[-1.316144,53.71178],[-1.321596,53.711158],[-1.326639,53.710585],[-1.33117,53.710069],[-1.33437,53.708578],[-1.338487,53.706657],[-1.342737,53.704677],[-1.34614,53.703087],[-1.35148,53.702274],[-1.357653,53.701331],[-1.363163,53.700491],[-1.368312,53.699704],[-1.373654,53.698223],[-1.3788,53.696798],[-1.383697,53.695442],[-1.388361,53.69415],[-1.393763,53.692653],[-1.397977,53.691489],[-1.402476,53.689836],[-1.40671,53.688283],[-1.410552,53.686876],[-1.415053,53.685223],[-1.419827,53.683469],[-1.423388,53.684604],[-1.427565,53.685928],[-1.428133,53.689326],[-1.429731,53.691713],[-1.429965,53.694266],[-1.433003,53.696404],[-1.436743,53.69904],[-1.440071,53.701384],[-1.444097,53.704217],[-1.447207,53.70641],[-1.450776,53.708924],[-1.454616,53.711633],[-1.458662,53.714119],[-1.46251,53.716511],[-1.467466,53.717284],[-1.471959,53.717462]]}},{"type":"Feature","properties":{"id":"ohl-321","kind":"ohl","name":"KEARSLEY - WHITEGATE 1","voltage":"275","towers":"VJ ROUTE","status":"C","gid":10004868,"risk":"MEDIUM","floodCodes":["013FWFGM26"],"floodNames":["River Irwell at Kearsley"]},"geometry":{"type":"LineString","coordinates":[[-2.170012,53.529302],[-2.176268,53.529165],[-2.183451,53.528688],[-2.187333,53.530263],[-2.191721,53.532037],[-2.196342,53.532188],[-2.199551,53.531733],[-2.204159,53.532143],[-2.208894,53.534081],[-2.211146,53.53735],[-2.215181,53.539768],[-2.215603,53.541307],[-2.222305,53.541871],[-2.227288,53.540924],[-2.232774,53.539885],[-2.237622,53.541918],[-2.240744,53.543223],[-2.246076,53.544552],[-2.251171,53.545834],[-2.254597,53.54456],[-2.261016,53.545943],[-2.26557,53.546928],[-2.271783,53.545376],[-2.276801,53.544127],[-2.280243,53.542889],[-2.283751,53.541244],[-2.28665,53.539005],[-2.289565,53.537541],[-2.29536,53.537121],[-2.297752,53.535262],[-2.300979,53.532766],[-2.304243,53.530247],[-2.30686,53.528215],[-2.311967,53.528706],[-2.316316,53.528594],[-2.32319,53.528417],[-2.326982,53.529306],[-2.331916,53.530825],[-2.334998,53.531775],[-2.339861,53.533279],[-2.342708,53.533765],[-2.347984,53.534668],[-2.353117,53.535545],[-2.35492,53.538369],[-2.357024,53.538289]]}},{"type":"Feature","properties":{"id":"ohl-322","kind":"ohl","name":"ROCHDALE - WHITEGATE 1","voltage":"275","towers":"VK ROUTE","status":"C","gid":10004869,"risk":"SAFE","floodCodes":[],"floodNames":[]},"geometry":{"type":"LineString","coordinates":[[-2.217465,53.621413],[-2.218702,53.619418],[-2.216445,53.616701],[-2.214535,53.614406],[-2.212638,53.611751],[-2.209091,53.609214],[-2.206624,53.607456],[-2.204717,53.605332],[-2.202388,53.602066],[-2.200257,53.599077],[-2.198406,53.596494],[-2.198564,53.592612],[-2.19868,53.589592],[-2.198792,53.586725],[-2.193927,53.585709],[-2.188479,53.58457],[-2.185581,53.582647],[-2.181522,53.579972],[-2.178272,53.577839],[-2.177454,53.574314],[-2.176703,53.571112],[-2.176059,53.568371],[-2.175303,53.565127],[-2.174421,53.561354],[-2.172279,53.557734],[-2.171083,53.555726],[-2.16956,53.552164],[-2.16815,53.548925],[-2.168505,53.545645],[-2.168897,53.542128],[-2.169171,53.539636],[-2.168355,53.536347],[-2.167658,53.533558],[-2.17001,53.531909],[-2.169058,53.529373]]}},{"type":"Feature","properties":{"id":"ohl-323","kind":"ohl","name":"FECKENHAM SGT 4","voltage":"275","towers":"ZFG ROUTE","status":"C","gid":10004870,"risk":"SAFE","floodCodes":[],"floodNames":[]},"geometry":{"type":"LineString","coordinates":[[-1.974985,52.251578],[-1.973303,52.249703]]}},{"type":"Feature","properties":{"id":"ohl-324","kind":"ohl","name":"ROCHDALE - STALYBRIDGE","voltage":"400","towers":"ZPA ROUTE TWR (001 - 065)","status":"C","gid":10004871,"risk":"LOW","floodCodes":["013FWFGM24"],"floodNames":["River Tame, Fern Bank and Millbrook in Stalybridge"]},"geometry":{"type":"LineString","coordinates":[[-2.044909,53.492163],[-2.046487,53.493838],[-2.048274,53.495861],[-2.050339,53.498191],[-2.05101,53.501],[-2.051628,53.503579],[-2.052603,53.507641],[-2.05325,53.510336],[-2.054158,53.512337],[-2.056056,53.516531],[-2.057343,53.51936],[-2.058349,53.521586],[-2.059556,53.52423],[-2.057007,53.525775],[-2.054988,53.527003],[-2.049479,53.530364],[-2.047472,53.531583],[-2.047635,53.535245],[-2.047774,53.538462],[-2.047906,53.541527],[-2.047998,53.543698],[-2.048148,53.547188],[-2.048254,53.549642],[-2.048342,53.551677],[-2.048436,53.553901],[-2.04853,53.556009],[-2.047957,53.558231],[-2.047353,53.560571],[-2.046723,53.563019],[-2.046188,53.565106],[-2.045777,53.566669],[-2.046898,53.568854],[-2.048017,53.571043],[-2.049628,53.574215],[-2.051548,53.577969],[-2.05248,53.579796],[-2.054049,53.582862],[-2.055038,53.584802],[-2.056517,53.587698],[-2.057767,53.590145],[-2.059206,53.592963],[-2.060386,53.595279],[-2.061999,53.598408],[-2.063153,53.600644],[-2.064566,53.603405],[-2.06585,53.605891],[-2.066942,53.608015],[-2.068659,53.611351],[-2.069728,53.613425],[-2.070499,53.614921],[-2.070969,53.61789],[-2.070942,53.620557],[-2.070907,53.624038],[-2.070797,53.625949],[-2.070537,53.628741],[-2.070282,53.631525],[-2.070033,53.634251],[-2.069802,53.636794],[-2.069603,53.638992],[-2.069339,53.641785],[-2.070177,53.645961],[-2.069701,53.648037],[-2.069124,53.650454],[-2.068435,53.653387],[-2.068532,53.656018]]}},{"type":"Feature","properties":{"id":"ohl-325","kind":"ohl","name":"BREDBURY - STALYBRIDGE","voltage":"400","towers":"ZZC ROUTE TWR (040R - 046R)","status":"C","gid":10004872,"risk":"LOW","floodCodes":["013FWFGM58"],"floodNames":["River Goyt from Marple Dale to Offerton"]},"geometry":{"type":"LineString","coordinates":[[-2.126991,53.41407],[-2.123346,53.413647],[-2.117475,53.412866],[-2.114414,53.410646],[-2.111786,53.408748],[-2.108736,53.406551],[-2.105071,53.404223]]}},{"type":"Feature","properties":{"id":"ohl-326","kind":"ohl","name":"CARRINGTON - SOUTH MANCHESTER 1","voltage":"400","towers":"ZZN ROUTE TWR (001 - 023)","status":"C","gid":10004873,"risk":"MEDIUM","floodCodes":["013FWFGM39","013FWFGM37","013FWFGM36","013FWFGM38"],"floodNames":["River Mersey at Flixton Rural","River Mersey at Chorlton & Sale Golf Clubs, Chorlton Water Parks and Stretford","River Mersey at Sale Water Park","River Mersey at Urmston and Ashton-on-Mersey"]},"geometry":{"type":"LineString","coordinates":[[-2.373213,53.435403],[-2.368654,53.436258],[-2.364514,53.437031],[-2.360367,53.437804],[-2.356073,53.438599],[-2.35099,53.439544],[-2.344828,53.440696],[-2.339062,53.440049],[-2.334896,53.439584],[-2.33021,53.439064],[-2.324588,53.438438],[-2.320317,53.439156],[-2.316256,53.438679],[-2.311479,53.438129],[-2.30704,53.437621],[-2.303939,53.4354],[-2.300309,53.432808],[-2.296476,53.430073],[-2.293361,53.427857],[-2.291895,53.425778],[-2.290322,53.423539],[-2.287535,53.422222],[-2.283132,53.420117],[-2.277746,53.41973]]}},{"type":"Feature","properties":{"id":"ohl-327","kind":"ohl","name":"BERKSWELL - OCKER HILL","voltage":"275","towers":"ZFA ROUTE","status":"C","gid":10004874,"risk":"LOW","floodCodes":["033FWF3TAME006"],"floodNames":["River Tame at Ray Hall Water Works"]},"geometry":{"type":"LineString","coordinates":[[-1.960008,52.552156],[-1.956485,52.551975],[-1.951663,52.551732],[-1.945075,52.551355],[-1.940168,52.551078],[-1.937002,52.551945],[-1.932978,52.552326],[-1.930997,52.55522],[-1.928945,52.559133],[-1.926385,52.56037],[-1.92188,52.562561],[-1.91779,52.564549],[-1.913347,52.566146],[-1.908274,52.567975],[-1.905675,52.56891],[-1.902973,52.571669],[-1.904294,52.574307],[-1.905786,52.577305],[-1.90738,52.580486],[-1.90363,52.582984],[-1.900331,52.585194],[-1.895646,52.588317],[-1.895564,52.59183],[-1.895519,52.593774],[-1.895457,52.596413],[-1.895381,52.599655],[-1.895305,52.602939],[-1.892224,52.604025],[-1.886825,52.605939],[-1.882819,52.607354],[-1.878703,52.608813],[-1.872292,52.609887],[-1.86695,52.610662],[-1.860751,52.611562],[-1.855383,52.61234],[-1.849865,52.613139],[-1.845055,52.613839],[-1.840459,52.613827],[-1.835196,52.613816],[-1.8292,52.613802],[-1.823468,52.613786],[-1.817414,52.613775],[-1.811951,52.61376],[-1.80615,52.613745],[-1.801141,52.613733],[-1.796688,52.614511],[-1.790723,52.615555],[-1.785382,52.615649],[-1.778983,52.615758],[-1.77359,52.615855],[-1.767727,52.615958],[-1.762112,52.616057],[-1.755874,52.616165],[-1.750729,52.616255]]}},{"type":"Feature","properties":{"id":"ohl-328","kind":"ohl","name":"YYJN ROUTE","voltage":"400","towers":"YYJN ROUTE","status":"C","gid":10004875,"risk":"SAFE","floodCodes":[],"floodNames":[]},"geometry":{"type":"LineString","coordinates":[[-1.237741,54.603434],[-1.240263,54.605235],[-1.240532,54.606945],[-1.240799,54.608955],[-1.24302,54.611178],[-1.245897,54.614074],[-1.24863,54.616821],[-1.250907,54.619117],[-1.253421,54.621647],[-1.256235,54.624488],[-1.260953,54.62538],[-1.265537,54.626253],[-1.270344,54.627169],[-1.275372,54.628126],[-1.279935,54.628995],[-1.284549,54.629189],[-1.28864,54.629361],[-1.294645,54.629612],[-1.300893,54.629873],[-1.306067,54.627606],[-1.310411,54.625702],[-1.313825,54.624203],[-1.318283,54.622247],[-1.321453,54.620853],[-1.326186,54.618771],[-1.329446,54.618041],[-1.333936,54.617029],[-1.338946,54.615898],[-1.344457,54.614649],[-1.34885,54.613191],[-1.353584,54.610322],[-1.355411,54.608146],[-1.357672,54.605492],[-1.357667,54.603178],[-1.357684,54.599653],[-1.357701,54.596174],[-1.357714,54.593164],[-1.362624,54.592971]]}},{"type":"Feature","properties":{"id":"ohl-329","kind":"ohl","name":"KEADBY - KILLINGHOLME","voltage":"400","towers":"2AD ROUTE TWR (001 - 014)","status":"C","gid":10004876,"risk":"LOW","floodCodes":["053FWTBNHGH1"],"floodNames":["Tidal flooding of low-lying areas from New Holland to Immingham Dock"]},"geometry":{"type":"LineString","coordinates":[[-0.294275,53.627259],[-0.293712,53.62985],[-0.292874,53.633862],[-0.292431,53.635958],[-0.29157,53.640073],[-0.290973,53.642936],[-0.28448,53.645012],[-0.279785,53.645079],[-0.275423,53.645134],[-0.269932,53.645209],[-0.265777,53.647525],[-0.265568,53.649764],[-0.265339,53.652245],[-0.261898,53.654106],[-0.258274,53.656063],[-0.257405,53.656468]]}},{"type":"Feature","properties":{"id":"ohl-330","kind":"ohl","name":"GRIMSBY WEST - SOUTH HUMBER BANK","voltage":"400","towers":"2AH ROUTE TWR (001 - 016)","status":"C","gid":10004877,"risk":"MEDIUM","floodCodes":["053FWTIMM2","053FWFPECR16","053FWTIMM3"],"floodNames":["Wider area at risk of tidal flooding from Immingham to Pyewipe","Areas near Stallingborough North Beck and Oldfleet Drain","Area at risk from the furthest extent of tidal flooding from South Killingholme to Grimsby"]},"geometry":{"type":"LineString","coordinates":[[-0.232872,53.590497],[-0.227124,53.591556],[-0.222095,53.592286],[-0.216399,53.593114],[-0.211833,53.593776],[-0.204652,53.594817],[-0.200105,53.595477],[-0.195319,53.596171],[-0.190033,53.596937],[-0.185694,53.597566],[-0.180167,53.598368],[-0.174015,53.598784],[-0.168305,53.599165],[-0.163875,53.60066],[-0.158166,53.602143],[-0.152634,53.602733],[-0.146863,53.601902]]}},{"type":"Feature","properties":{"id":"ohl-331","kind":"ohl","name":"CREYKE BECK - HUMBER REFINERY - KEADBY","voltage":"400","towers":"2KN ROUTE TWR (032 - 085)","status":"C","gid":10004878,"risk":"MEDIUM","floodCodes":["053FWTWINT3","053FWTWINT2"],"floodNames":["Tidal flooding of low-lying areas in South Ferriby","Wider area at risk of tidal flooding in Whitton, Winteringham and to the East of Winterton"]},"geometry":{"type":"LineString","coordinates":[[-0.327254,53.631441],[-0.331903,53.631713],[-0.337331,53.633304],[-0.341967,53.634655],[-0.347387,53.636234],[-0.35207,53.6376],[-0.357238,53.638711],[-0.361676,53.639664],[-0.365571,53.6405],[-0.371122,53.641692],[-0.376769,53.642905],[-0.382339,53.644097],[-0.387543,53.645215],[-0.392289,53.646235],[-0.396547,53.647147],[-0.401328,53.648172],[-0.405084,53.648978],[-0.409277,53.649877],[-0.413664,53.650817],[-0.417469,53.651632],[-0.423535,53.652934],[-0.427209,53.653716],[-0.43122,53.654577],[-0.436546,53.655715],[-0.441104,53.656692],[-0.44545,53.657617],[-0.450164,53.658629],[-0.454419,53.659542],[-0.459333,53.659575],[-0.464248,53.659611],[-0.469524,53.65965],[-0.475415,53.659692],[-0.481529,53.660263],[-0.48667,53.660742],[-0.493451,53.661373],[-0.497889,53.661786],[-0.501715,53.662212],[-0.505022,53.66258],[-0.511105,53.663254],[-0.515067,53.663692],[-0.520285,53.664273],[-0.526546,53.664967],[-0.531928,53.665565],[-0.538168,53.666251],[-0.542833,53.666772],[-0.547245,53.667257],[-0.552048,53.667788],[-0.555945,53.668219],[-0.560826,53.668759],[-0.566227,53.669355],[-0.570661,53.669845],[-0.575692,53.670401],[-0.580841,53.67097],[-0.58482,53.671082],[-0.589068,53.671203]]}},{"type":"Feature","properties":{"id":"ohl-332","kind":"ohl","name":"CREYKE BECK - HUMBER REFINERY - KEADBY","voltage":"400","towers":"2KN ROUTE TWR (001 - 007)","status":"C","gid":10004879,"risk":"MEDIUM","floodCodes":["034FWBTRKEADBY","034FWBTRCROWLE"],"floodNames":["River Trent at Keadby","River Trent at Crowle"]},"geometry":{"type":"LineString","coordinates":[[-0.70504,53.659219],[-0.707538,53.657027],[-0.710589,53.654348],[-0.713574,53.651666],[-0.716148,53.649346],[-0.718853,53.646915],[-0.721843,53.644234],[-0.725464,53.643695]]}},{"type":"Feature","properties":{"id":"ohl-333","kind":"ohl","name":"KEADBY - KILLINGHOLME","voltage":"400","towers":"4KG ROUTE TWR (022 - 052)","status":"C","gid":10004880,"risk":"MEDIUM","floodCodes":["034FWBTRKEADBY","034FWBTRBURRINGM"],"floodNames":["River Trent at Keadby","River Trent at Burringham"]},"geometry":{"type":"LineString","coordinates":[[-0.580547,53.670267],[-0.586497,53.670458],[-0.592388,53.670647],[-0.598495,53.670844],[-0.604405,53.671034],[-0.609678,53.671201],[-0.614659,53.671363],[-0.6207,53.671558],[-0.625017,53.671229],[-0.630821,53.671547],[-0.636556,53.671861],[-0.642569,53.671365],[-0.648251,53.670896],[-0.653214,53.670486],[-0.658297,53.67007],[-0.663376,53.669649],[-0.66789,53.669278],[-0.672074,53.668932],[-0.67789,53.668451],[-0.684005,53.667947],[-0.693419,53.667168],[-0.697685,53.666819],[-0.700234,53.663661],[-0.701617,53.661958],[-0.704083,53.658902],[-0.706806,53.656589],[-0.709925,53.653934],[-0.712822,53.651481]]}},{"type":"Feature","properties":{"id":"ohl-334","kind":"ohl","name":"GREYSTONES 'B' - LACKENBY 3","voltage":"275","towers":"YYV ROUTE","status":"C","gid":10004881,"risk":"SAFE","floodCodes":[],"floodNames":[]},"geometry":{"type":"LineString","coordinates":[[-1.12876,54.573495],[-1.128717,54.57093],[-1.130464,54.567996]]}},{"type":"Feature","properties":{"id":"ohl-335","kind":"ohl","name":"GREYSTONES 'A' - LACKENBY 1","voltage":"275","towers":"YYX ROUTE","status":"C","gid":10004882,"risk":"SAFE","floodCodes":[],"floodNames":[]},"geometry":{"type":"LineString","coordinates":[[-1.12427,54.574643],[-1.125026,54.571501],[-1.125584,54.569183],[-1.130242,54.566741]]}},{"type":"Feature","properties":{"id":"ohl-336","kind":"ohl","name":"STELLA NORTH - STELLA WEST SGT1","voltage":"132","towers":"PZ ROUTE","status":"C","gid":10004883,"risk":"SAFE","floodCodes":[],"floodNames":[]},"geometry":{"type":"LineString","coordinates":[[-1.741681,54.976587],[-1.738142,54.975427],[-1.733277,54.974521]]}},{"type":"Feature","properties":{"id":"ohl-337","kind":"ohl","name":"IRONBRIDGE - RUGELEY","voltage":"400","towers":"VM ROUTE TWR (001 - 063 - ZN140)","status":"C","gid":10004884,"risk":"MEDIUM","floodCodes":["031FWFSE270"],"floodNames":["River Severn at Sutton Wharf"]},"geometry":{"type":"LineString","coordinates":[[-2.240765,52.611786],[-2.244777,52.613038],[-2.248865,52.614313],[-2.253807,52.615854],[-2.258591,52.617349],[-2.263282,52.61808],[-2.268412,52.618893],[-2.273068,52.618039],[-2.277637,52.617207],[-2.281082,52.616575],[-2.284654,52.616448],[-2.288458,52.616311],[-2.293025,52.616148],[-2.296841,52.616009],[-2.301263,52.61585],[-2.305383,52.615699],[-2.310338,52.615521],[-2.314788,52.615361],[-2.31955,52.61519],[-2.323941,52.613332],[-2.329186,52.611108],[-2.332183,52.609839],[-2.335717,52.608338],[-2.339579,52.606697],[-2.345902,52.606737],[-2.35142,52.606768],[-2.356253,52.606796],[-2.363104,52.606835],[-2.367919,52.606863],[-2.373178,52.606892],[-2.378767,52.606923],[-2.383532,52.606949],[-2.387961,52.606972],[-2.393555,52.607004],[-2.399087,52.607034],[-2.405282,52.607066],[-2.409553,52.60709],[-2.413996,52.607111],[-2.418925,52.607136],[-2.424519,52.60684],[-2.429424,52.607923],[-2.434001,52.608934],[-2.437673,52.609748],[-2.442026,52.61071],[-2.445742,52.611536],[-2.449616,52.610288],[-2.454701,52.608658],[-2.458751,52.607354],[-2.46392,52.605688],[-2.468582,52.605479],[-2.475013,52.605184],[-2.479207,52.604983],[-2.481429,52.606653],[-2.485145,52.60944],[-2.488077,52.61164],[-2.492349,52.612755],[-2.497348,52.614064],[-2.499185,52.616011],[-2.502109,52.619115],[-2.504266,52.621413],[-2.509536,52.623842],[-2.51267,52.626058],[-2.514953,52.627649],[-2.51488,52.630606]]}},{"type":"Feature","properties":{"id":"ohl-338","kind":"ohl","name":"IRONBRIDGE - RUGELEY","voltage":"400","towers":"VY ROUTE TWR (001 - 018 - ZN046)","status":"C","gid":10004885,"risk":"LOW","floodCodes":["033FWF3TRENT12","033FWF3TRENT11"],"floodNames":["River Trent at Handsacre, Nethertown and Kings Bromley","River Trent at Hill Ridware, Pipe Ridware and Mavesyn Ridware"]},"geometry":{"type":"LineString","coordinates":[[-1.839737,52.727765],[-1.843073,52.729517],[-1.845172,52.731956],[-1.847513,52.734675],[-1.849959,52.737526],[-1.853414,52.740282],[-1.856664,52.742874],[-1.859579,52.745207],[-1.865018,52.746983],[-1.869496,52.748459],[-1.875235,52.750341],[-1.879889,52.751868],[-1.885263,52.753635],[-1.890233,52.754371],[-1.894125,52.75495],[-1.898695,52.755626],[-1.903896,52.756399],[-1.908952,52.757148],[-1.913588,52.757835]]}},{"type":"Feature","properties":{"id":"ohl-339","kind":"ohl","name":"BISHOPS WOOD - KITWELL 1","voltage":"275","towers":"YK ROUTE","status":"C","gid":10004886,"risk":"SAFE","floodCodes":[],"floodNames":[]},"geometry":{"type":"LineString","coordinates":[[-2.012831,52.430343],[-2.014403,52.427372],[-2.018748,52.424357],[-2.020157,52.421939],[-2.022218,52.418415],[-2.024065,52.415274],[-2.026101,52.411775],[-2.028455,52.409902],[-2.03171,52.407315],[-2.035582,52.404237],[-2.038844,52.401643],[-2.043976,52.399603],[-2.048523,52.397793],[-2.052714,52.396128],[-2.058258,52.393924],[-2.062753,52.391865],[-2.066464,52.390623],[-2.070828,52.388822],[-2.074794,52.387183],[-2.079057,52.385422],[-2.082779,52.383891],[-2.087503,52.38194],[-2.090687,52.380626],[-2.093402,52.379505],[-2.095656,52.378573],[-2.100305,52.375655],[-2.10384,52.37343],[-2.108762,52.372004],[-2.113524,52.370622],[-2.118586,52.369154],[-2.122524,52.368013],[-2.127849,52.366467],[-2.131972,52.365269],[-2.136361,52.363997],[-2.141264,52.362572],[-2.142706,52.362676]]}},{"type":"Feature","properties":{"id":"ohl-340","kind":"ohl","name":"KITWELL - OCKER HILL","voltage":"400","towers":"VT ROUTE TWR (019 - 036)","status":"C","gid":10004887,"risk":"MEDIUM","floodCodes":["033FWF3TAME002","033FWF3TAME001"],"floodNames":["River Tame at Golds Hill","River Tame at Horseley Heath and Great Bridge"]},"geometry":{"type":"LineString","coordinates":[[-2.023447,52.499629],[-2.019886,52.501138],[-2.021155,52.502925],[-2.022501,52.504842],[-2.021725,52.507059],[-2.023469,52.509926],[-2.024522,52.511959],[-2.027043,52.513791],[-2.029714,52.515746],[-2.032671,52.517896],[-2.03462,52.519325],[-2.03731,52.521229],[-2.040802,52.523929],[-2.036553,52.526802],[-2.034807,52.529021],[-2.032652,52.531746],[-2.03427,52.534957],[-2.031915,52.537655]]}},{"type":"Feature","properties":{"id":"ohl-341","kind":"ohl","name":"BERKSWELL - OCKER HILL","voltage":"400","towers":"VT ROUTE TWR (001A - 016)","status":"C","gid":10004888,"risk":"MEDIUM","floodCodes":["033FWF3TAME006","033FWF3TAME004"],"floodNames":["River Tame at Ray Hall Water Works","River Tame at Wednesbury"]},"geometry":{"type":"LineString","coordinates":[[-2.026924,52.542698],[-2.023951,52.543226],[-2.020258,52.543857],[-2.015658,52.544056],[-2.009701,52.545119],[-2.005842,52.545737],[-2.002432,52.546896],[-1.996909,52.547818],[-1.990981,52.548361],[-1.986401,52.549154],[-1.98124,52.550046],[-1.976154,52.550917],[-1.973385,52.55199],[-1.970805,52.552175],[-1.968045,52.552368],[-1.965851,52.552532],[-1.960008,52.552156]]}},{"type":"Feature","properties":{"id":"ohl-342","kind":"ohl","name":"BUSHBURY - WILLENHALL","voltage":"275","towers":"YYD ROUTE","status":"C","gid":10004889,"risk":"LOW","floodCodes":["033FWF3WATERHEAD"],"floodNames":["Waterhead Brook at Bushbury, Wolverhampton"]},"geometry":{"type":"LineString","coordinates":[[-2.113081,52.636106],[-2.107994,52.636079],[-2.103052,52.636057],[-2.09981,52.63604],[-2.095887,52.636012],[-2.093282,52.632798],[-2.090304,52.630968],[-2.089345,52.628304],[-2.088538,52.62606],[-2.087377,52.622848],[-2.084566,52.620913],[-2.081353,52.618705],[-2.0784,52.616673],[-2.074866,52.614238],[-2.07204,52.611162],[-2.069117,52.607992],[-2.066634,52.605293]]}},{"type":"Feature","properties":{"id":"ohl-343","kind":"ohl","name":"BERKSWELL - FECKENHAM","voltage":"400","towers":"ZFC ROUTE TWR (001 - 009 - ZF208)","status":"C","gid":10004890,"risk":"SAFE","floodCodes":[],"floodNames":[]},"geometry":{"type":"LineString","coordinates":[[-1.971352,52.25045],[-1.970809,52.250617],[-1.967024,52.250375],[-1.961941,52.250058],[-1.95632,52.249699],[-1.951477,52.249396],[-1.94743,52.24858],[-1.943022,52.247619],[-1.939027,52.246749],[-1.934499,52.24576],[-1.931625,52.245139]]}},{"type":"Feature","properties":{"id":"ohl-344","kind":"ohl","name":"BERKSWELL - OCKER HILL","voltage":"400","towers":"ZF ROUTE (TWR 090 - 134)","status":"C","gid":10004891,"risk":"MEDIUM","floodCodes":["033FWF3TAME014"],"floodNames":["River Tame at Hams Hall"]},"geometry":{"type":"LineString","coordinates":[[-1.715943,52.531352],[-1.71738,52.527524],[-1.719245,52.524393],[-1.719261,52.522114],[-1.719411,52.520231],[-1.719599,52.517857],[-1.719891,52.51424],[-1.719517,52.51194],[-1.71909,52.509283],[-1.718582,52.505842],[-1.716013,52.503178],[-1.717073,52.500021],[-1.719304,52.498482],[-1.717331,52.49471],[-1.717387,52.492474],[-1.71664,52.489485],[-1.715935,52.486772],[-1.715058,52.48338],[-1.714187,52.480109],[-1.715111,52.477465],[-1.714379,52.475196],[-1.713641,52.472897],[-1.712441,52.471288],[-1.711334,52.469755],[-1.709853,52.467744],[-1.708219,52.465499],[-1.707334,52.464002],[-1.708305,52.461384],[-1.709437,52.458276],[-1.709711,52.456482],[-1.710161,52.4538],[-1.710772,52.450124],[-1.711114,52.448184],[-1.711327,52.446753],[-1.712327,52.444288],[-1.71268,52.441554],[-1.712951,52.439432],[-1.713777,52.435731],[-1.71446,52.432649],[-1.715197,52.429327],[-1.715536,52.427559],[-1.716224,52.423991],[-1.716522,52.422444],[-1.717209,52.418877],[-1.717814,52.415734],[-1.718429,52.412545],[-1.718998,52.40959],[-1.718272,52.405833],[-1.717722,52.402982],[-1.717065,52.399576],[-1.716505,52.39666]]}},{"type":"Feature","properties":{"id":"ohl-345","kind":"ohl","name":"BERKSWELL - FECKENHAM","voltage":"275","towers":"YYE ROUTE","status":"C","gid":10004892,"risk":"SAFE","floodCodes":[],"floodNames":[]},"geometry":{"type":"LineString","coordinates":[[-1.716226,52.395064],[-1.711854,52.394467],[-1.706954,52.393808],[-1.701286,52.393047],[-1.697456,52.391625],[-1.692712,52.389866],[-1.68801,52.388123],[-1.683763,52.386548],[-1.679478,52.384956],[-1.674968,52.383721],[-1.668973,52.382072],[-1.664232,52.380767],[-1.659218,52.379388],[-1.653975,52.377946],[-1.649598,52.376755],[-1.645581,52.37599],[-1.6387,52.374668],[-1.63473,52.3739],[-1.631639,52.375331],[-1.626648,52.377622],[-1.623238,52.379188],[-1.619633,52.380844],[-1.616113,52.382463],[-1.614081,52.385052]]}},{"type":"Feature","properties":{"id":"ohl-346","kind":"ohl","name":"AXMINSTER - CHICKERELL - MANNINGTON","voltage":"400","towers":"4YA ROUTE TWR (112 - 230)","status":"C","gid":10004893,"risk":"MEDIUM","floodCodes":["111FWGSWV1","111FWFMAN100"],"floodNames":["Groundwater flooding for the South Winterbourne Valley","Mangerton River from Powerstock to Bradpole"]},"geometry":{"type":"LineString","coordinates":[[-2.487695,50.625314],[-2.491045,50.625455],[-2.493779,50.627114],[-2.497136,50.629124],[-2.501349,50.631659],[-2.505716,50.63427],[-2.509498,50.63654],[-2.513196,50.638758],[-2.512285,50.642678],[-2.511624,50.64554],[-2.511026,50.648126],[-2.510253,50.651459],[-2.509562,50.654442],[-2.509077,50.65652],[-2.510226,50.659003],[-2.511682,50.66217],[-2.513202,50.665476],[-2.514455,50.668195],[-2.515336,50.671671],[-2.516218,50.675113],[-2.516722,50.677089],[-2.517307,50.679375],[-2.518542,50.684201],[-2.519133,50.686541],[-2.51976,50.688295],[-2.521438,50.693079],[-2.523386,50.694583],[-2.526485,50.69699],[-2.530534,50.700136],[-2.533684,50.702581],[-2.536502,50.704768],[-2.539665,50.707226],[-2.544988,50.710724],[-2.547053,50.712084],[-2.551911,50.715282],[-2.554848,50.717219],[-2.557432,50.718926],[-2.55984,50.720518],[-2.563694,50.721977],[-2.569469,50.722767],[-2.573126,50.723258],[-2.577567,50.723859],[-2.580731,50.724288],[-2.586462,50.725061],[-2.589947,50.725533],[-2.59368,50.726036],[-2.599426,50.726814],[-2.603366,50.72725],[-2.609237,50.727905],[-2.613501,50.728378],[-2.618469,50.728932],[-2.621966,50.729319],[-2.626176,50.729787],[-2.629454,50.730151],[-2.632982,50.730543],[-2.640552,50.731384],[-2.642956,50.732032],[-2.648518,50.733528],[-2.653411,50.734842],[-2.656313,50.735624],[-2.662911,50.737398],[-2.665474,50.738085],[-2.669051,50.739045],[-2.675758,50.740846],[-2.679428,50.74183],[-2.684041,50.74307],[-2.687462,50.743988],[-2.69235,50.745299],[-2.696461,50.746402],[-2.700029,50.747358],[-2.703299,50.748236],[-2.707778,50.749436],[-2.713546,50.750985],[-2.718247,50.752076],[-2.722553,50.753077],[-2.728342,50.754419],[-2.733806,50.75569],[-2.737962,50.756654],[-2.741151,50.757393],[-2.748294,50.759051],[-2.75158,50.759263],[-2.757065,50.759616],[-2.762899,50.759991],[-2.767549,50.760288],[-2.774144,50.760717],[-2.777112,50.760905],[-2.783922,50.761345],[-2.788174,50.76162],[-2.791749,50.76185],[-2.795387,50.762083],[-2.799084,50.762876],[-2.804191,50.763962],[-2.809864,50.765169],[-2.81356,50.765956],[-2.817533,50.766803],[-2.823065,50.767979],[-2.828206,50.769071],[-2.83305,50.7701],[-2.837688,50.771086],[-2.841692,50.771936],[-2.847828,50.772919],[-2.852773,50.773712],[-2.857265,50.774432],[-2.862327,50.775242],[-2.867153,50.776018],[-2.872459,50.776865],[-2.876468,50.777508],[-2.879388,50.777974],[-2.886839,50.778798],[-2.890489,50.779202],[-2.89378,50.779567],[-2.900006,50.780685],[-2.90515,50.781522],[-2.907378,50.782707],[-2.910647,50.784441],[-2.913689,50.786053],[-2.918345,50.786077],[-2.922933,50.786099],[-2.926337,50.786182]]}},{"type":"Feature","properties":{"id":"ohl-347","kind":"ohl","name":"AXMINSTER - EXETER","voltage":"400","towers":"4YA ROUTE TWR (002 - 112)","status":"C","gid":10004894,"risk":"MEDIUM","floodCodes":["113FWF2J2A","113FWF2J3A","113FWF2I0A"],"floodNames":["River Axe (Upper) from Winsham to Axminster, including Chard Junction and Weycroft","River Yarty from Yarcombe to Axminster","River Otter (Upper) from Upottery to Cadhay Bridge"]},"geometry":{"type":"LineString","coordinates":[[-2.926337,50.786182],[-2.929385,50.788004],[-2.932861,50.788157],[-2.936403,50.788312],[-2.941225,50.788517],[-2.94551,50.790353],[-2.94995,50.792248],[-2.952988,50.794123],[-2.955541,50.7957],[-2.960329,50.798659],[-2.963853,50.800838],[-2.968114,50.801045],[-2.973693,50.799336],[-2.977201,50.798267],[-2.982338,50.796702],[-2.987392,50.797316],[-2.992444,50.797928],[-2.994755,50.799191],[-2.997034,50.800437],[-3.000497,50.802327],[-3.004148,50.802373],[-3.010483,50.802452],[-3.014754,50.802505],[-3.017646,50.801745],[-3.020046,50.801116],[-3.028192,50.798982],[-3.030894,50.799272],[-3.033615,50.79957],[-3.041231,50.800413],[-3.045531,50.800883],[-3.04798,50.801154],[-3.050453,50.802353],[-3.054224,50.804165],[-3.059716,50.804523],[-3.061847,50.804659],[-3.06567,50.804901],[-3.070498,50.805215],[-3.07475,50.804267],[-3.079682,50.803179],[-3.083699,50.802292],[-3.088246,50.80202],[-3.094999,50.801613],[-3.099272,50.801358],[-3.103686,50.801093],[-3.106161,50.800947],[-3.109387,50.800758],[-3.115422,50.800401],[-3.12027,50.799648],[-3.12537,50.798858],[-3.129576,50.798194],[-3.133721,50.79886],[-3.138614,50.799634],[-3.144066,50.800487],[-3.149187,50.80128],[-3.154549,50.80211],[-3.158075,50.802653],[-3.162002,50.803258],[-3.16844,50.804252],[-3.172513,50.804877],[-3.176985,50.805567],[-3.180951,50.805431],[-3.184927,50.805296],[-3.189371,50.805146],[-3.194647,50.804969],[-3.199817,50.804795],[-3.204292,50.80286],[-3.207802,50.802104],[-3.212632,50.801064],[-3.216261,50.800282],[-3.221134,50.799226],[-3.226536,50.799551],[-3.231512,50.799846],[-3.236314,50.800129],[-3.241569,50.800439],[-3.24672,50.800746],[-3.251644,50.800585],[-3.254325,50.800499],[-3.259676,50.800326],[-3.265274,50.800147],[-3.268665,50.80004],[-3.274898,50.800025],[-3.279299,50.800021],[-3.283848,50.800018],[-3.289022,50.800014],[-3.294158,50.800011],[-3.299133,50.800007],[-3.304753,50.800002],[-3.310552,50.799999],[-3.314675,50.799997],[-3.318179,50.799989],[-3.323537,50.798051],[-3.328078,50.796411],[-3.332377,50.794863],[-3.337479,50.793013],[-3.341796,50.791447],[-3.344963,50.789811],[-3.349087,50.787676],[-3.352024,50.786161],[-3.356062,50.78408],[-3.360134,50.781983],[-3.364342,50.779812],[-3.367537,50.778164],[-3.36984,50.777164],[-3.374988,50.774929],[-3.378856,50.773246],[-3.383341,50.771295],[-3.387913,50.769311],[-3.392152,50.769275],[-3.397303,50.769236],[-3.402037,50.769212],[-3.403441,50.768341]]}},{"type":"Feature","properties":{"id":"ohl-348","kind":"ohl","name":"SPENNYMOOR - STELLA WEST 1","voltage":"400","towers":"4TQ ROUTE TWR (001 - 111)","status":"C","gid":10004895,"risk":"SAFE","floodCodes":[],"floodNames":[]},"geometry":{"type":"LineString","coordinates":[[-1.744594,54.977549],[-1.744232,54.974508],[-1.743942,54.971619],[-1.744919,54.968469],[-1.745711,54.965865],[-1.746766,54.962349],[-1.75111,54.959923],[-1.753891,54.955981],[-1.756419,54.953182],[-1.758161,54.951253],[-1.761595,54.947461],[-1.763685,54.94417],[-1.765403,54.940952],[-1.767002,54.937935],[-1.77021,54.934974],[-1.772991,54.932395],[-1.776081,54.929542],[-1.777668,54.926124],[-1.779046,54.923198],[-1.7819,54.922483],[-1.785844,54.921511],[-1.788395,54.919611],[-1.790862,54.917792],[-1.790166,54.914575],[-1.789332,54.91075],[-1.788841,54.908577],[-1.790407,54.905648],[-1.792142,54.902345],[-1.789793,54.899164],[-1.787645,54.896275],[-1.785759,54.893749],[-1.785211,54.891087],[-1.784547,54.887929],[-1.783991,54.885257],[-1.783352,54.882253],[-1.782778,54.879491],[-1.782071,54.876132],[-1.781387,54.872867],[-1.780808,54.870058],[-1.779236,54.868044],[-1.777161,54.865363],[-1.774947,54.862503],[-1.772585,54.859449],[-1.769974,54.856069],[-1.767501,54.852877],[-1.765179,54.849833],[-1.7599,54.847468],[-1.755651,54.84555],[-1.751113,54.843501],[-1.746932,54.841613],[-1.74218,54.839468],[-1.737802,54.83749],[-1.734916,54.836186],[-1.731093,54.834459],[-1.72853,54.833323],[-1.728115,54.830303],[-1.727745,54.827822],[-1.727173,54.824024],[-1.726686,54.820731],[-1.726224,54.817643],[-1.725753,54.814494],[-1.725223,54.810953],[-1.724744,54.80774],[-1.724157,54.803805],[-1.723817,54.801656],[-1.72123,54.79987],[-1.718471,54.797984],[-1.71503,54.795631],[-1.711604,54.793288],[-1.707963,54.790798],[-1.704428,54.788381],[-1.701678,54.786195],[-1.697988,54.783265],[-1.695445,54.781245],[-1.691876,54.778412],[-1.688393,54.775642],[-1.684832,54.773053],[-1.68264,54.771462],[-1.680015,54.769556],[-1.67655,54.767038],[-1.672279,54.763936],[-1.669714,54.762072],[-1.665961,54.759346],[-1.663157,54.757306],[-1.659437,54.754617],[-1.658066,54.752124],[-1.656124,54.748608],[-1.653038,54.746999],[-1.648614,54.744667],[-1.644189,54.742332],[-1.640252,54.740256],[-1.636387,54.738217],[-1.632148,54.735657],[-1.628131,54.73323],[-1.624354,54.731174],[-1.620705,54.729186],[-1.61756,54.727474],[-1.612733,54.724829],[-1.607499,54.723961],[-1.601206,54.722902],[-1.595914,54.722015],[-1.590975,54.721184],[-1.586095,54.720363],[-1.580906,54.719488],[-1.575436,54.718218],[-1.569576,54.716856],[-1.567371,54.714442],[-1.56468,54.711494],[-1.56178,54.708312],[-1.559017,54.705179],[-1.556204,54.705426]]}},{"type":"Feature","properties":{"id":"ohl-349","kind":"ohl","name":"MONK FRYSTON - POPPLETON 1","voltage":"275","towers":"XCP ROUTE","status":"C","gid":10004896,"risk":"LOW","floodCodes":["122FWF020"],"floodNames":["River Ouse at Poppleton"]},"geometry":{"type":"LineString","coordinates":[[-1.217399,54.003702],[-1.211723,54.002526],[-1.206451,54.001436],[-1.200883,54.000283],[-1.195225,53.999111],[-1.189891,53.998954],[-1.183246,53.998748],[-1.177948,53.998589],[-1.170856,53.998368],[-1.166679,53.998242],[-1.162824,53.998125],[-1.157632,53.997966],[-1.151949,53.99779],[-1.145886,53.997605],[-1.141656,53.997476],[-1.140209,53.994582],[-1.13867,53.99153],[-1.13687,53.989638],[-1.134185,53.986803],[-1.131214,53.983665],[-1.129509,53.981859],[-1.126739,53.978929],[-1.123897,53.975941],[-1.12563,53.974907],[-1.12794,53.97485],[-1.130771,53.975666],[-1.132432,53.975441]]}},{"type":"Feature","properties":{"id":"ohl-350","kind":"ohl","name":"BRADFORD WEST - KIRKSTALL A","voltage":"275","towers":"VR ROUTE","status":"C","gid":10004897,"risk":"MEDIUM","floodCodes":["123FWF788","123FWF161"],"floodNames":["River Aire at Apperley Bridge","River Aire at St Anns Mill and the Goit"]},"geometry":{"type":"LineString","coordinates":[[-1.599352,53.806783],[-1.603106,53.809517],[-1.605755,53.812486],[-1.606207,53.815082],[-1.607954,53.816925],[-1.611804,53.818752],[-1.615742,53.820625],[-1.620052,53.822682],[-1.62458,53.823384],[-1.630856,53.824364],[-1.63578,53.823962],[-1.639458,53.823662],[-1.645377,53.825469],[-1.649777,53.826812],[-1.656412,53.827729],[-1.661471,53.828428],[-1.665641,53.829363],[-1.670397,53.831653],[-1.674625,53.833697],[-1.677857,53.835255],[-1.681495,53.837013],[-1.686209,53.837745],[-1.690281,53.838384],[-1.693816,53.837864],[-1.697774,53.837285],[-1.702152,53.838346],[-1.707027,53.837967],[-1.712713,53.838344],[-1.71561,53.840936],[-1.718403,53.843442],[-1.722451,53.845563],[-1.723706,53.847848],[-1.725501,53.851122],[-1.729629,53.85218],[-1.732516,53.85291],[-1.735848,53.851169],[-1.738458,53.849793],[-1.742209,53.847816],[-1.745312,53.846183],[-1.749473,53.843988],[-1.750033,53.842518],[-1.754704,53.840798],[-1.759577,53.838998]]}},{"type":"Feature","properties":{"id":"ohl-351","kind":"ohl","name":"BLYTH - ECCLES - STELLA WEST 1","voltage":"400","towers":"4ZY ROUTE TWR (212 - 475)","status":"C","gid":10004899,"risk":"MEDIUM","floodCodes":["121FWF120"],"floodNames":["Wooler Water at Wooler"]},"geometry":{"type":"LineString","coordinates":[[-2.21807,55.662998],[-2.214533,55.661602],[-2.211025,55.660197],[-2.211499,55.65664],[-2.211907,55.653633],[-2.20975,55.650875],[-2.207169,55.647564],[-2.205311,55.645182],[-2.205371,55.641763],[-2.205416,55.638253],[-2.202804,55.636089],[-2.199658,55.633503],[-2.196131,55.630616],[-2.191888,55.627651],[-2.188071,55.62499],[-2.18461,55.622583],[-2.180291,55.619581],[-2.178267,55.617511],[-2.175093,55.61429],[-2.17307,55.612231],[-2.169981,55.609104],[-2.165277,55.608945],[-2.16159,55.608821],[-2.154641,55.60859],[-2.149764,55.608434],[-2.143129,55.607909],[-2.137104,55.607438],[-2.130501,55.606922],[-2.124737,55.606753],[-2.117767,55.60655],[-2.112109,55.606384],[-2.106016,55.606204],[-2.099356,55.606008],[-2.094235,55.605856],[-2.088942,55.605699],[-2.084576,55.603526],[-2.079654,55.60108],[-2.075067,55.598797],[-2.070501,55.596525],[-2.065677,55.594124],[-2.060717,55.591655],[-2.05664,55.589625],[-2.05258,55.587603],[-2.048294,55.585469],[-2.043855,55.583257],[-2.039877,55.581274],[-2.03765,55.577811],[-2.035647,55.574697],[-2.033679,55.571638],[-2.029206,55.568946],[-2.024946,55.566381],[-2.020483,55.563698],[-2.016215,55.561126],[-2.01175,55.55844],[-2.007499,55.555873],[-2.003011,55.553177],[-2.002879,55.549529],[-2.00276,55.546263],[-2.002651,55.543245],[-2.002534,55.540081],[-2.002436,55.537135],[-2.006178,55.534375],[-2.010121,55.531468],[-2.00839,55.528199],[-2.00707,55.525709],[-2.005196,55.522184],[-2.004108,55.520133],[-2.002278,55.516687],[-2.003682,55.514339],[-2.005649,55.51105],[-2.003651,55.508622],[-2.000884,55.505268],[-1.998299,55.502131],[-1.995532,55.498783],[-1.993289,55.496065],[-1.990162,55.492271],[-1.988085,55.489754],[-1.985823,55.487011],[-1.982963,55.483539],[-1.980658,55.480742],[-1.978296,55.477878],[-1.975355,55.474305],[-1.97289,55.47132],[-1.970787,55.468753],[-1.966905,55.466676],[-1.963517,55.464858],[-1.959991,55.462966],[-1.955328,55.460465],[-1.950753,55.458009],[-1.946919,55.455949],[-1.942774,55.453734],[-1.940864,55.451271],[-1.938349,55.44804],[-1.936302,55.445408],[-1.933876,55.442293],[-1.931331,55.439029],[-1.928565,55.436258],[-1.925393,55.433081],[-1.922616,55.430298],[-1.919886,55.427563],[-1.916317,55.423983],[-1.914072,55.421735],[-1.91152,55.419174],[-1.907054,55.41735],[-1.902367,55.41543],[-1.898149,55.413705],[-1.893743,55.411913],[-1.89031,55.409521],[-1.887059,55.407264],[-1.884384,55.405412],[-1.881854,55.40366],[-1.876707,55.400105],[-1.8744,55.397217],[-1.871674,55.393821],[-1.869294,55.390854],[-1.866414,55.38729],[-1.865709,55.384207],[-1.864966,55.381014],[-1.864135,55.37748],[-1.863502,55.374772],[-1.862902,55.372241],[-1.864247,55.369018],[-1.865642,55.365655],[-1.866952,55.362487],[-1.868374,55.35906],[-1.869577,55.356164],[-1.87066,55.353544],[-1.872467,55.349183],[-1.873545,55.346591],[-1.875056,55.342938],[-1.876126,55.340356],[-1.877535,55.33696],[-1.878546,55.334511],[-1.875329,55.331569],[-1.87252,55.329004],[-1.868633,55.325449],[-1.866028,55.323062],[-1.862448,55.319788],[-1.859318,55.31692],[-1.856123,55.313995],[-1.853948,55.312],[-1.847739,55.309836],[-1.843681,55.308421],[-1.8387,55.306678],[-1.833762,55.304956],[-1.828216,55.303016],[-1.822981,55.301187],[-1.818881,55.299757],[-1.816322,55.296538],[-1.813767,55.293338],[-1.811059,55.289949],[-1.808528,55.286778],[-1.805851,55.283421],[-1.803876,55.28095],[-1.801406,55.277866],[-1.803871,55.275583],[-1.807219,55.272463],[-1.810454,55.269448],[-1.813537,55.26658],[-1.816651,55.263677],[-1.819303,55.261221],[-1.820263,55.257982],[-1.82135,55.254327],[-1.822387,55.250854],[-1.823414,55.24742],[-1.824367,55.244233],[-1.825531,55.240331],[-1.826482,55.237151],[-1.823196,55.234631],[-1.820121,55.232281],[-1.816986,55.229882],[-1.813686,55.227357],[-1.810054,55.22459],[-1.810669,55.22107],[-1.811282,55.217529],[-1.811892,55.213981],[-1.812479,55.210597],[-1.813098,55.207026],[-1.813698,55.203545],[-1.814299,55.200063],[-1.814931,55.196444],[-1.814441,55.193224],[-1.813876,55.189434],[-1.81341,55.186326],[-1.813008,55.183643],[-1.812557,55.180626],[-1.812074,55.177394],[-1.811651,55.174563],[-1.810137,55.171544],[-1.808639,55.168545],[-1.807142,55.165545],[-1.805547,55.162354],[-1.803902,55.159065],[-1.802082,55.155418],[-1.800468,55.152179],[-1.798717,55.148678],[-1.802609,55.146287],[-1.806867,55.143672],[-1.810654,55.141336],[-1.81531,55.138477],[-1.819288,55.136031],[-1.823633,55.133356],[-1.827869,55.130756],[-1.829402,55.127778],[-1.831016,55.12468],[-1.830826,55.121651],[-1.830646,55.118447],[-1.830462,55.115136],[-1.830273,55.111802],[-1.830055,55.107938],[-1.829906,55.105262],[-1.829716,55.101888],[-1.829541,55.098825],[-1.831264,55.094854],[-1.832587,55.091802],[-1.834095,55.088328],[-1.835626,55.084788],[-1.836984,55.081652],[-1.838126,55.079012],[-1.839659,55.075503],[-1.839417,55.072819],[-1.839124,55.069312],[-1.838837,55.065904],[-1.838634,55.063501],[-1.838392,55.060652],[-1.838224,55.058648],[-1.838028,55.056342],[-1.837814,55.053787],[-1.837641,55.051738],[-1.837464,55.049635],[-1.837256,55.047174],[-1.837062,55.044882],[-1.836818,55.042174],[-1.833483,55.039376],[-1.830663,55.037024],[-1.827209,55.034141],[-1.824247,55.031668],[-1.820852,55.028834],[-1.817149,55.025741],[-1.814115,55.023207],[-1.810413,55.020115],[-1.807057,55.017312],[-1.803887,55.014665],[-1.80187,55.012977],[-1.803854,55.009349],[-1.805636,55.006076],[-1.807589,55.002493],[-1.809416,54.999127],[-1.811335,54.995594],[-1.807291,54.993563],[-1.80332,54.992601],[-1.799885,54.991769],[-1.795199,54.989294],[-1.789335,54.988528],[-1.783581,54.987763],[-1.777787,54.987173],[-1.771351,54.986515],[-1.765434,54.985908],[-1.760239,54.98603],[-1.756278,54.986127],[-1.753348,54.984039],[-1.748359,54.982815],[-1.745056,54.98021],[-1.743613,54.979068]]}},{"type":"Feature","properties":{"id":"ohl-352","kind":"ohl","name":"HARTLEPOOL - WEST BOLDON","voltage":"400","towers":"ZZA ROUTE TWR (087 - 114A)","status":"C","gid":10004900,"risk":"SAFE","floodCodes":[],"floodNames":[]},"geometry":{"type":"LineString","coordinates":[[-1.458684,54.880442],[-1.459926,54.881287],[-1.462836,54.883283],[-1.466453,54.885762],[-1.469529,54.88788],[-1.473462,54.888858],[-1.479534,54.890359],[-1.482252,54.892357],[-1.485384,54.894656],[-1.487596,54.896275],[-1.488979,54.899045],[-1.491571,54.901315],[-1.493996,54.903444],[-1.495891,54.905107],[-1.497316,54.906365],[-1.49942,54.908205],[-1.497632,54.910376],[-1.495239,54.913298],[-1.492961,54.916084],[-1.489216,54.918034],[-1.488701,54.918998],[-1.490812,54.921418],[-1.492155,54.923461],[-1.493581,54.925516],[-1.491183,54.926341],[-1.48559,54.926821],[-1.480058,54.927425],[-1.476929,54.929666],[-1.472897,54.932557],[-1.470703,54.934118],[-1.471183,54.936788],[-1.470381,54.939354]]}},{"type":"Feature","properties":{"id":"ohl-353","kind":"ohl","name":"HARTLEPOOL - TOD POINT","voltage":"275","towers":"YYQ ROUTE","status":"C","gid":10004901,"risk":"SAFE","floodCodes":[],"floodNames":[]},"geometry":{"type":"LineString","coordinates":[[-1.117594,54.606495],[-1.120848,54.606094],[-1.122873,54.604138],[-1.124868,54.602211],[-1.126678,54.600461],[-1.129043,54.599488],[-1.131565,54.598451],[-1.134454,54.596892],[-1.13725,54.594825],[-1.13888,54.593622],[-1.141705,54.591553],[-1.143987,54.591864],[-1.146124,54.592174]]}},{"type":"Feature","properties":{"id":"ohl-354","kind":"ohl","name":"LACKENBY - NORTON 400KV 1","voltage":"400","towers":"ZZA ROUTE TWR (245 - 251)","status":"C","gid":10004902,"risk":"SAFE","floodCodes":[],"floodNames":[]},"geometry":{"type":"LineString","coordinates":[[-1.131256,54.568124],[-1.129963,54.569857],[-1.131742,54.57268],[-1.133711,54.575807],[-1.135899,54.5793],[-1.141689,54.580541],[-1.147047,54.581683]]}},{"type":"Feature","properties":{"id":"ohl-355","kind":"ohl","name":"ELSTREE - MILL HILL 1","voltage":"275","towers":"XP ROUTE","status":"C","gid":10004903,"risk":"MEDIUM","floodCodes":["062FWF28Watford"],"floodNames":["River Colne at Watford"]},"geometry":{"type":"LineString","coordinates":[[-0.26952,51.634162],[-0.273563,51.634933],[-0.278705,51.63591],[-0.283573,51.635589],[-0.287996,51.635292],[-0.292532,51.634987],[-0.297477,51.637055],[-0.301463,51.638724],[-0.305748,51.640517],[-0.311058,51.642034],[-0.314264,51.641732],[-0.317609,51.641974],[-0.320865,51.643852],[-0.323377,51.645295],[-0.326206,51.646927],[-0.331377,51.647316],[-0.334496,51.64892],[-0.337013,51.650214],[-0.338369,51.651874],[-0.339713,51.653518],[-0.340951,51.655032],[-0.341173,51.657186],[-0.340975,51.659481]]}},{"type":"Feature","properties":{"id":"ohl-356","kind":"ohl","name":"ELSTREE - WATFORD SOUTH 1","voltage":"275","towers":"ZC ROUTE (TWR 116A - 142)","status":"C","gid":10004904,"risk":"MEDIUM","floodCodes":["062FWF28Watford"],"floodNames":["River Colne at Watford"]},"geometry":{"type":"LineString","coordinates":[[-0.403227,51.643584],[-0.40097,51.644547],[-0.396864,51.645538],[-0.392335,51.647186],[-0.388595,51.64855],[-0.385969,51.650821],[-0.383711,51.652794],[-0.385521,51.656066],[-0.385364,51.659092],[-0.383476,51.661082],[-0.379983,51.661022],[-0.375885,51.661368],[-0.371758,51.663661],[-0.368924,51.663163],[-0.366042,51.662425],[-0.359899,51.661343],[-0.354838,51.661317],[-0.349909,51.661292],[-0.346751,51.661277]]}},{"type":"Feature","properties":{"id":"ohl-357","kind":"ohl","name":"EAST CLAYDON - ENDERBY - PATFORD BRIDGE 1","voltage":"400","towers":"4WP ROUTE TWR (056 - 071)","status":"C","gid":10004905,"risk":"SAFE","floodCodes":[],"floodNames":[]},"geometry":{"type":"LineString","coordinates":[[-1.218911,52.597356],[-1.222446,52.596068],[-1.226421,52.593247],[-1.23009,52.590689],[-1.232251,52.588626],[-1.234894,52.586063],[-1.237566,52.583491],[-1.240238,52.58091],[-1.242985,52.578267],[-1.24549,52.575864],[-1.250033,52.573439],[-1.253011,52.571822],[-1.256601,52.56988],[-1.260427,52.568977],[-1.265669,52.567734],[-1.270087,52.566693],[-1.273571,52.565459]]}},{"type":"Feature","properties":{"id":"ohl-358","kind":"ohl","name":"DRAKELOW - RATCLIFFE ON SOAR","voltage":"400","towers":"ZL ROUTE (TWR 343 - 509)","status":"C","gid":10004906,"risk":"MEDIUM","floodCodes":["034FWFTRSWARKST"],"floodNames":["River Trent at Swarkestone"]},"geometry":{"type":"LineString","coordinates":[[-1.447743,52.837205],[-1.442662,52.838156],[-1.438355,52.83896],[-1.434348,52.839711],[-1.430005,52.839778],[-1.424677,52.839866],[-1.419665,52.839947],[-1.414512,52.840031],[-1.411009,52.839369],[-1.406724,52.838561],[-1.404504,52.838137]]}},{"type":"Feature","properties":{"id":"ohl-359","kind":"ohl","name":"AMERSHAM - EAST CLAYDON - IVER 1","voltage":"400","towers":"ZL ROUTE (TWR 343 - 509)","status":"C","gid":10004907,"risk":"LOW","floodCodes":["062FWF28Willow","062FWF28Iver"],"floodNames":["River Colne at Willowbank","Colne Brook at Iver"]},"geometry":{"type":"LineString","coordinates":[[-0.499059,51.544604],[-0.500102,51.546345],[-0.500822,51.549273],[-0.501593,51.552463],[-0.504817,51.553263],[-0.507373,51.553693],[-0.511758,51.554426],[-0.516674,51.555249],[-0.521379,51.556038],[-0.52398,51.558874],[-0.525685,51.560744],[-0.527253,51.562451],[-0.530603,51.563496],[-0.535213,51.564927],[-0.537645,51.565688],[-0.54115,51.566231],[-0.545979,51.56698],[-0.551316,51.567037],[-0.557594,51.567108],[-0.562204,51.567155],[-0.567199,51.567215],[-0.571949,51.567265],[-0.578001,51.567329],[-0.581164,51.569596],[-0.581633,51.571375],[-0.582515,51.574739],[-0.583175,51.577256],[-0.58377,51.579538],[-0.585965,51.580779],[-0.585865,51.58291],[-0.588117,51.586076],[-0.590569,51.589522],[-0.589508,51.592863],[-0.588604,51.595729],[-0.587351,51.599701],[-0.586351,51.602871],[-0.58526,51.606327],[-0.584159,51.609819],[-0.583097,51.613179],[-0.584072,51.616103],[-0.586202,51.61939],[-0.591414,51.620363],[-0.596796,51.62138],[-0.60181,51.622327],[-0.606661,51.62426],[-0.610214,51.625683],[-0.614942,51.627172],[-0.619376,51.628566],[-0.622337,51.631255],[-0.625076,51.633746],[-0.627593,51.636038],[-0.629795,51.638041],[-0.63277,51.640751],[-0.635752,51.642342],[-0.640356,51.644804],[-0.64329,51.646372],[-0.645975,51.649053],[-0.649428,51.6525],[-0.651806,51.654871],[-0.654417,51.657476],[-0.657412,51.660472],[-0.656407,51.664033]]}},{"type":"Feature","properties":{"id":"ohl-360","kind":"ohl","name":"IVER - WATFORD SOUTH 1","voltage":"275","towers":"ZC ROUTE (TWR 116A - 142)","status":"C","gid":10004908,"risk":"MEDIUM","floodCodes":["062FWF28Watford","062FWF28Willow","062FWF28Chalfont"],"floodNames":["River Colne at Watford","River Colne at Willowbank","River Misbourne at The Chalfonts"]},"geometry":{"type":"LineString","coordinates":[[-0.49661,51.544198],[-0.499019,51.546007],[-0.498233,51.549171],[-0.497338,51.552775],[-0.496534,51.555992],[-0.495735,51.559245],[-0.492146,51.560344],[-0.491376,51.561889],[-0.48884,51.563427],[-0.485212,51.56563],[-0.481728,51.567743],[-0.481902,51.570691],[-0.48282,51.572647],[-0.478473,51.573766],[-0.474062,51.576662],[-0.474906,51.57892],[-0.475877,51.581779],[-0.475078,51.584138],[-0.471906,51.586348],[-0.468815,51.588492],[-0.466432,51.591091],[-0.463652,51.594123],[-0.460789,51.597243],[-0.458718,51.599503],[-0.455638,51.602865],[-0.453381,51.605323],[-0.452207,51.608292],[-0.451305,51.61058],[-0.45001,51.613844],[-0.448915,51.616629],[-0.446725,51.618901],[-0.442286,51.619212],[-0.436166,51.619644],[-0.432342,51.62161],[-0.428537,51.623562],[-0.424464,51.625662],[-0.419111,51.6273],[-0.415161,51.628506],[-0.414478,51.630897],[-0.41722,51.633717],[-0.415195,51.637314],[-0.413799,51.63982],[-0.41099,51.640763],[-0.408118,51.641738]]}},{"type":"Feature","properties":{"id":"ohl-361","kind":"ohl","name":"BEDDINGTON - CHESSINGTON 1","voltage":"275","towers":"ZZU ROUTE","status":"C","gid":10004909,"risk":"MEDIUM","floodCodes":["064FWF41BeddPark","064FWF33Ruxley","064FWF40NCheam","064FWF40MordnPrk","064FWF41Morden","064FWF40WorcsPrk"],"floodNames":["River Wandle at Beddington Park","River Hogsmill at Ewell Court, Ruxley and Old Malden","Pyl Brook at North Cheam","East Pyl Brook at Morden Park","River Wandle at Morden","Beverley Brook at Worcester Park"]},"geometry":{"type":"LineString","coordinates":[[-0.128155,51.374547],[-0.129758,51.377949],[-0.133671,51.380364],[-0.136037,51.381111],[-0.138862,51.382008],[-0.143704,51.383548],[-0.148866,51.385182],[-0.153414,51.386625],[-0.157952,51.387692],[-0.163685,51.387795],[-0.168557,51.389856],[-0.172761,51.38959],[-0.176625,51.38816],[-0.180882,51.386612],[-0.183492,51.384736],[-0.186707,51.382207],[-0.188246,51.380993],[-0.191664,51.380961],[-0.19612,51.380917],[-0.199197,51.379882],[-0.202872,51.378415],[-0.205571,51.377262],[-0.209019,51.378009],[-0.211864,51.37864],[-0.215974,51.379552],[-0.218509,51.381362],[-0.221945,51.383225],[-0.22658,51.384322],[-0.230095,51.385168],[-0.234021,51.387324],[-0.239037,51.388614],[-0.241567,51.389062],[-0.24381,51.387536],[-0.246989,51.386285],[-0.252441,51.386074],[-0.256322,51.385923],[-0.259017,51.385534],[-0.261805,51.384974],[-0.263711,51.384135],[-0.264236,51.383202],[-0.267412,51.381864],[-0.270019,51.380771],[-0.270157,51.378251],[-0.270305,51.37579],[-0.270742,51.373574],[-0.273519,51.371919],[-0.277038,51.369818],[-0.281233,51.367314],[-0.284459,51.365389],[-0.286732,51.36336],[-0.289154,51.361755],[-0.291939,51.359552],[-0.293752,51.357152],[-0.295673,51.354599],[-0.297434,51.352264],[-0.299761,51.349179],[-0.302336,51.346039],[-0.30801,51.343729],[-0.312677,51.343186],[-0.316015,51.342799],[-0.321953,51.344309]]}},{"type":"Feature","properties":{"id":"ohl-362","kind":"ohl","name":"BEDDINGTON - WIMBLEDON 1","voltage":"275","towers":"YYU ROUTE","status":"C","gid":10004910,"risk":"MEDIUM","floodCodes":["064FWF41Wimbledn","064FWF41BeddPark","064FWF41Morden"],"floodNames":["River Wandle at Wimbledon","River Wandle at Beddington Park","River Wandle at Morden"]},"geometry":{"type":"LineString","coordinates":[[-0.189285,51.429411],[-0.18621,51.428204],[-0.184396,51.426569],[-0.183408,51.425117],[-0.181774,51.422701],[-0.179753,51.420228],[-0.179397,51.418075],[-0.179467,51.415301],[-0.181869,51.413897],[-0.184444,51.412782],[-0.184689,51.409415],[-0.185795,51.406108],[-0.182485,51.403784],[-0.17814,51.401096],[-0.174738,51.398986],[-0.172456,51.397446],[-0.16859,51.39532],[-0.165972,51.39388],[-0.162691,51.391981],[-0.160674,51.389419],[-0.157389,51.388376],[-0.153208,51.387042],[-0.1486,51.385571],[-0.143576,51.383968],[-0.139394,51.382635],[-0.135747,51.381473],[-0.13086,51.379905],[-0.12884,51.377878],[-0.127537,51.374971]]}},{"type":"Feature","properties":{"id":"ohl-363","kind":"ohl","name":"GRAIN - KEMSLEY 1","voltage":"400","towers":"4TL ROUTE TWR (007 - 027)","status":"C","gid":10004911,"risk":"MEDIUM","floodCodes":["064FWC1Kemsley"],"floodNames":["Coast from Kemsley to Seasalter"]},"geometry":{"type":"LineString","coordinates":[[0.742155,51.3694],[0.740787,51.372173],[0.741803,51.375013],[0.742752,51.377746],[0.740131,51.380431],[0.737892,51.382718],[0.735305,51.385362],[0.732506,51.388211],[0.730093,51.390666],[0.728261,51.393105],[0.726417,51.395548],[0.724293,51.398367],[0.722197,51.401152],[0.720164,51.403853],[0.718221,51.406427],[0.716337,51.408935],[0.713064,51.411262],[0.709622,51.413713],[0.70659,51.415874],[0.703284,51.418228],[0.699895,51.420641]]}},{"type":"Feature","properties":{"id":"ohl-364","kind":"ohl","name":"GRAIN - KEMSLEY 1","voltage":"400","towers":"4TL ROUTE TWR (001 - 006)","status":"C","gid":10004912,"risk":"MEDIUM","floodCodes":["064FWT1Grain"],"floodNames":["Isle of Grain and Stoke"]},"geometry":{"type":"LineString","coordinates":[[0.70566,51.436025],[0.71019,51.437004],[0.713181,51.440072],[0.715972,51.442892],[0.71591,51.443557],[0.717689,51.445016]]}},{"type":"Feature","properties":{"id":"ohl-365","kind":"ohl","name":"GRAIN - TILBURY","voltage":"400","towers":"4TK ROUTE TWR (001 - 033)","status":"C","gid":10004913,"risk":"MEDIUM","floodCodes":["064FWT1KentMarsh","064FWT1Grain","064FWT1Medway"],"floodNames":["North Kent Marshes between Shorne Marsh and Allhallows","Isle of Grain and Stoke","Tidal River Medway and Medway estuary"]},"geometry":{"type":"MultiLineString","coordinates":[[[0.594095,51.419687],[0.59521,51.419478],[0.596494,51.419261]],[[0.591753,51.419731],[0.594094,51.419688],[0.593251,51.42217],[0.592221,51.425249],[0.594199,51.427296],[0.597026,51.430222],[0.599899,51.43215],[0.602829,51.434141],[0.607941,51.435477],[0.613132,51.436841],[0.618411,51.438217],[0.622708,51.440609],[0.627057,51.443014],[0.631345,51.445395],[0.635873,51.447016],[0.640677,51.44874],[0.645621,51.450517],[0.650661,51.452329],[0.655222,51.453964],[0.659867,51.45563],[0.664883,51.457429],[0.669756,51.459194],[0.673727,51.459278],[0.678985,51.459406],[0.683668,51.459523],[0.689267,51.458785],[0.693962,51.458171],[0.697999,51.457643],[0.703029,51.456996],[0.707717,51.454718],[0.712053,51.452624],[0.715978,51.450744],[0.717691,51.448296],[0.717886,51.446148]]]}},{"type":"Feature","properties":{"id":"ohl-366","kind":"ohl","name":"KINGSNORTH - NORTHFLEET EAST","voltage":"400","towers":"YN ROUTE TWR (055 - 069)","status":"C","gid":10004914,"risk":"SAFE","floodCodes":[],"floodNames":[]},"geometry":{"type":"LineString","coordinates":[[0.331394,51.428477],[0.333092,51.425894],[0.334521,51.423713],[0.3362,51.422604],[0.336491,51.420247],[0.336888,51.416927],[0.33995,51.415411],[0.343776,51.413503],[0.346613,51.413023],[0.350038,51.41244],[0.353766,51.411803],[0.358212,51.409136],[0.362394,51.406617],[0.366527,51.404117],[0.368938,51.40266],[0.371307,51.40121],[0.374864,51.401363]]}},{"type":"Feature","properties":{"id":"ohl-367","kind":"ohl","name":"GRAIN - KINGSNORTH","voltage":"400","towers":"4VG ROUTE TWR (043 - 044 - 045A & B)","status":"C","gid":10004915,"risk":"MEDIUM","floodCodes":["051FWCDV5B3EAST"],"floodNames":["The Thames estuary from Shellhaven, to and including Tilbury"]},"geometry":{"type":"LineString","coordinates":[[0.39344,51.459535],[0.39344,51.459535],[0.393145,51.458514],[0.392877,51.45655],[0.392545,51.454122]]}},{"type":"Feature","properties":{"id":"ohl-368","kind":"ohl","name":"BARKING - WEST HAM 1","voltage":"400","towers":"ZR ROUTE TWR (063A - 93)","status":"C","gid":10004916,"risk":"MEDIUM","floodCodes":["063FWT23Barking","063FWT23Roding","062FWF54Barking","063FWT23RDockB","063FWT23RDockC","063FWT23RDockA","062FWB53TidalLee"],"floodNames":["Tidal Thames from The Mardyke to Barking Creek","Tidal Thames at Beckton Sewage Works","River Roding in Barking","Tidal Thames at Beckton","Tidal Thames at Mill Meads and East Plaistow","Tidal Thames from Beckton Sewage Works to the River Lee","Lower River Lee from West Ham and Canning Town"]},"geometry":{"type":"LineString","coordinates":[[0.116011,51.521744],[0.115213,51.519696],[0.109073,51.518804],[0.103904,51.518784],[0.098484,51.516804],[0.094655,51.515409],[0.09,51.516358],[0.085904,51.516887],[0.082724,51.517299],[0.07899,51.517787],[0.074905,51.518257],[0.071906,51.5162],[0.069379,51.514466],[0.064267,51.514634],[0.059293,51.513145],[0.05375,51.513249],[0.048299,51.513357],[0.044434,51.512772],[0.04156,51.509846],[0.03775,51.509531],[0.033594,51.509188],[0.029102,51.509586],[0.02421,51.509508],[0.020148,51.509223],[0.015255,51.508879],[0.011403,51.508602],[0.009834,51.510363],[0.008644,51.513033],[0.007052,51.515673],[0.003463,51.518618],[0.000253,51.518886]]}},{"type":"Feature","properties":{"id":"ohl-369","kind":"ohl","name":"BARKING - NORTHFLEET EAST - WEST THURROCK 1","voltage":"400","towers":"ZR ROUTE TWR (016 - 063)","status":"C","gid":10004917,"risk":"MEDIUM","floodCodes":["063FWT23Barking","051FWFEF7C","062FWB55Dagenham","051FWCDV5B3WEST"],"floodNames":["Tidal Thames from The Mardyke to Barking Creek","The Mardyke from North Stifford to Purfleet-on-Thames","River Beam at Dagenham","The Thames estuary from Grays to Purfleet-on-Thames, including West Thurrock"]},"geometry":{"type":"LineString","coordinates":[[0.288232,51.472255],[0.288493,51.474621],[0.28865,51.47705],[0.287871,51.479061],[0.286332,51.483055],[0.287097,51.485939],[0.288017,51.489394],[0.283941,51.491618],[0.278282,51.490872],[0.27275,51.489783],[0.268435,51.488936],[0.265534,51.487831],[0.261424,51.488108],[0.256596,51.4877],[0.252823,51.487708],[0.249199,51.487715],[0.243951,51.487729],[0.240053,51.488644],[0.235953,51.489204],[0.232366,51.491316],[0.228663,51.49349],[0.224599,51.495879],[0.220693,51.498172],[0.217717,51.49993],[0.213977,51.501366],[0.210147,51.502846],[0.210194,51.504294],[0.207196,51.506102],[0.203089,51.507744],[0.199092,51.510208],[0.195842,51.512216],[0.193515,51.513659],[0.188997,51.514648],[0.185521,51.515417],[0.18063,51.515611],[0.176519,51.517299],[0.172009,51.516707],[0.169457,51.516753],[0.167471,51.519091],[0.162591,51.520188],[0.159766,51.521786],[0.155751,51.522907],[0.150008,51.524155],[0.146694,51.524425],[0.141033,51.524887],[0.137481,51.525075],[0.133879,51.525273],[0.128186,51.525581],[0.121998,51.526315],[0.118882,51.524788],[0.115979,51.523371]]}},{"type":"Feature","properties":{"id":"ohl-370","kind":"ohl","name":"LITTLEBROOK - WEST THURROCK 1","voltage":"400","towers":"ZBG ROUTE TWR (010 - 013)","status":"C","gid":10004918,"risk":"MEDIUM","floodCodes":["064FWT1Dartford"],"floodNames":["Dartford, Crayford and Greenhithe"]},"geometry":{"type":"LineString","coordinates":[[0.239246,51.463868],[0.243669,51.462131],[0.246508,51.46201],[0.248763,51.460851]]}},{"type":"Feature","properties":{"id":"ohl-371","kind":"ohl","name":"LITTLEBROOK - WEST THURROCK 1","voltage":"400","towers":"ZBG ROUTE TWR (001 - 006)","status":"C","gid":10004919,"risk":"MEDIUM","floodCodes":["051FWCDV5B3WEST"],"floodNames":["The Thames estuary from Grays to Purfleet-on-Thames, including West Thurrock"]},"geometry":{"type":"LineString","coordinates":[[0.272214,51.474063],[0.274892,51.473798],[0.278451,51.472281],[0.281629,51.472253],[0.28484,51.472223],[0.286792,51.471621]]}},{"type":"Feature","properties":{"id":"ohl-372","kind":"ohl","name":"HACKNEY - TOTTENHAM 1","voltage":"275","towers":"VC ROUTE TWR (001 - 018)","status":"C","gid":10004921,"risk":"MEDIUM","floodCodes":["062FWF53PymmesC","062FWF53Enfield","062FWF53Hackney"],"floodNames":["Pymmes Brook at Upper Edmonton and Tottenham","Lower River Lee at Enfield","Lower River Lee at Hackney and Walthamstow"]},"geometry":{"type":"LineString","coordinates":[[-0.047568,51.603204],[-0.049925,51.600382],[-0.050111,51.598289],[-0.051546,51.595096],[-0.05313,51.591999],[-0.052536,51.58934],[-0.051782,51.585744],[-0.051025,51.582457],[-0.052884,51.579285],[-0.052216,51.575796],[-0.048811,51.573308],[-0.045898,51.570458],[-0.041776,51.568068],[-0.039983,51.56533],[-0.035513,51.564],[-0.035287,51.56222],[-0.038532,51.560809],[-0.042928,51.559584]]}},{"type":"Feature","properties":{"id":"ohl-373","kind":"ohl","name":"BRIMSDOWN - TOTTENHAM - WALTHAM CROSS 3","voltage":"275","towers":"ZBC ROUTE","status":"C","gid":10004922,"risk":"MEDIUM","floodCodes":["062FWF53PymmesC","062FWF53Enfield","062FWF53Ching"],"floodNames":["Pymmes Brook at Upper Edmonton and Tottenham","Lower River Lee at Enfield","Ching Brook in the London Borough of Waltham Forest"]},"geometry":{"type":"LineString","coordinates":[[-0.021707,51.663591],[-0.019936,51.661514],[-0.019869,51.658656],[-0.019783,51.655381],[-0.020147,51.652063],[-0.022936,51.648833],[-0.025521,51.645833],[-0.027916,51.643053],[-0.02942,51.640183],[-0.030412,51.637196],[-0.030218,51.633551],[-0.030432,51.630876],[-0.031111,51.628551],[-0.032171,51.625961],[-0.033437,51.6234],[-0.03458,51.621387],[-0.035769,51.619328],[-0.037371,51.61657],[-0.037887,51.613738],[-0.034151,51.61078],[-0.03426,51.608024],[-0.038718,51.60659],[-0.041411,51.605065],[-0.04602,51.605254]]}},{"type":"Feature","properties":{"id":"ohl-374","kind":"ohl","name":"BRIMSDOWN - TOTTENHAM - WALTHAM CROSS 1","voltage":"275","towers":"ZBD ROUTE","status":"C","gid":10004923,"risk":"MEDIUM","floodCodes":["062FWF53PymmesC","062FWF53Enfield"],"floodNames":["Pymmes Brook at Upper Edmonton and Tottenham","Lower River Lee at Enfield"]},"geometry":{"type":"LineString","coordinates":[[-0.0225,51.663859],[-0.020399,51.661413],[-0.020218,51.658582],[-0.020111,51.655324],[-0.020774,51.652069],[-0.02316,51.649302],[-0.02621,51.645761],[-0.028631,51.642955],[-0.030224,51.639744],[-0.031115,51.636659],[-0.030979,51.63381],[-0.03087,51.631517],[-0.032755,51.628645],[-0.034003,51.625445],[-0.035079,51.622703],[-0.036371,51.61944],[-0.038082,51.616673],[-0.038411,51.613662],[-0.035533,51.610879],[-0.035439,51.608416],[-0.038502,51.607204],[-0.041582,51.605906],[-0.045803,51.60577]]}},{"type":"Feature","properties":{"id":"ohl-375","kind":"ohl","name":"BRIMSDOWN - TOTTENHAM - WALTHAM CROSS 3","voltage":"275","towers":"ZBC ROUTE","status":"C","gid":10004924,"risk":"MEDIUM","floodCodes":["062FWF53Enfield","062FWF53Hoddesdn","062FWF53Cobbins"],"floodNames":["Lower River Lee at Enfield","Lower River Lee at Hoddesdon and Cheshunt","Cobbins Brook at Waltham Abbey"]},"geometry":{"type":"LineString","coordinates":[[-0.011372,51.713116],[-0.013287,51.710617],[-0.013559,51.707584],[-0.013831,51.704574],[-0.014097,51.701609],[-0.014367,51.698612],[-0.014633,51.695652],[-0.01387,51.692781],[-0.01312,51.689957],[-0.010483,51.687454],[-0.010651,51.684172],[-0.010844,51.680327],[-0.011,51.677121],[-0.011767,51.67446],[-0.012521,51.671828],[-0.011875,51.669796],[-0.014475,51.665979],[-0.017852,51.664874],[-0.021027,51.664291],[-0.021707,51.663591]]}},{"type":"Feature","properties":{"id":"ohl-376","kind":"ohl","name":"BRIMSDOWN - TOTTENHAM - WALTHAM CROSS 1","voltage":"275","towers":"ZBD ROUTE","status":"C","gid":10004925,"risk":"MEDIUM","floodCodes":["062FWF53Enfield","062FWF53Hoddesdn"],"floodNames":["Lower River Lee at Enfield","Lower River Lee at Hoddesdon and Cheshunt"]},"geometry":{"type":"LineString","coordinates":[[-0.012437,51.713308],[-0.01386,51.710667],[-0.014118,51.707752],[-0.014392,51.70469],[-0.014663,51.701682],[-0.014937,51.698647],[-0.015207,51.695631],[-0.014425,51.692688],[-0.013657,51.689791],[-0.011071,51.687224],[-0.011295,51.684026],[-0.011512,51.680855],[-0.011741,51.677539],[-0.012416,51.67432],[-0.01298,51.671657],[-0.01255,51.669869],[-0.015007,51.666241],[-0.017815,51.665227],[-0.021979,51.665012],[-0.0225,51.663859]]}},{"type":"Feature","properties":{"id":"ohl-377","kind":"ohl","name":"DISC BRADWELL - RAYLEIGH MAIN 1","voltage":"400","towers":"ZT ROUTE TWR (100 - 108)","status":"C","gid":10004926,"risk":"SAFE","floodCodes":[],"floodNames":[]},"geometry":{"type":"LineString","coordinates":[[0.567041,51.59673],[0.570051,51.593992],[0.571015,51.590643],[0.574819,51.589153],[0.57852,51.588697],[0.582395,51.588215],[0.586387,51.587717],[0.590147,51.58725],[0.594192,51.587308]]}},{"type":"Feature","properties":{"id":"ohl-378","kind":"ohl","name":"REDBRIDGE - TOTTENHAM 1","voltage":"275","towers":"ZBH ROUTE","status":"C","gid":10004929,"risk":"MEDIUM","floodCodes":["062FWF54Redbridg"],"floodNames":["River Roding in Redbridge"]},"geometry":{"type":"LineString","coordinates":[[0.041845,51.588319],[0.039267,51.591276],[0.037025,51.592557],[0.038953,51.595071],[0.04043,51.596816]]}},{"type":"Feature","properties":{"id":"ohl-379","kind":"ohl","name":"REDBRIDGE - TOTTENHAM 1","voltage":"275","towers":"ZBH ROUTE","status":"C","gid":10004930,"risk":"MEDIUM","floodCodes":["062FWF53PymmesC","062FWF53Enfield","062FWF53Ching"],"floodNames":["Pymmes Brook at Upper Edmonton and Tottenham","Lower River Lee at Enfield","Ching Brook in the London Borough of Waltham Forest"]},"geometry":{"type":"LineString","coordinates":[[-0.017617,51.603892],[-0.019815,51.603619],[-0.022905,51.602664],[-0.026232,51.602945],[-0.029029,51.603175],[-0.033724,51.601883],[-0.038537,51.602253],[-0.041445,51.604778],[-0.04635,51.60483]]}},{"type":"Feature","properties":{"id":"ohl-380","kind":"ohl","name":"ELTHAM - HURST","voltage":"132","towers":"PM ROUTE TWR (001 - 027)","status":"C","gid":10004931,"risk":"MEDIUM","floodCodes":["064FWF7Cray","064FWF7Shuttle"],"floodNames":["River Cray in St Marys Cray, Sidcup, Bexley and Crayford","River Shuttle at Blackfen, Sidcup, Old Bexley and Crayford"]},"geometry":{"type":"LineString","coordinates":[[0.154588,51.433489],[0.155309,51.433821],[0.15426,51.434503],[0.149594,51.435268],[0.146901,51.437006],[0.142583,51.43635],[0.138797,51.435777],[0.135299,51.435247],[0.132331,51.436722],[0.129831,51.437967],[0.127145,51.439274],[0.124193,51.44073],[0.120831,51.442389],[0.117983,51.443797],[0.115837,51.444856],[0.112912,51.446299],[0.108768,51.448344],[0.10588,51.449771],[0.10256,51.451412],[0.10286,51.453683],[0.101283,51.455016],[0.099223,51.456756],[0.097216,51.45845],[0.095271,51.460092],[0.091662,51.459972],[0.08803,51.459851],[0.084524,51.459733],[0.081847,51.460217],[0.080402,51.460027]]}},{"type":"Feature","properties":{"id":"ohl-381","kind":"ohl","name":"BODELWYDDAN - DEESIDE - PENTIR 1","voltage":"400","towers":"4ZB ROUTE TWR (167 - 254)","status":"C","gid":10004932,"risk":"SAFE","floodCodes":[],"floodNames":[]},"geometry":{"type":"LineString","coordinates":[[-3.07907,53.229948],[-3.079472,53.230085],[-3.084094,53.231385],[-3.089127,53.233095],[-3.09332,53.234986],[-3.098936,53.23651],[-3.104345,53.237998],[-3.106915,53.237614],[-3.108836,53.235572],[-3.11089,53.233389],[-3.116898,53.232483],[-3.122437,53.232633],[-3.128056,53.232784],[-3.133693,53.232932],[-3.140534,53.233781],[-3.141891,53.235367],[-3.146751,53.237509],[-3.151594,53.239222],[-3.155536,53.240618],[-3.160158,53.242237],[-3.164095,53.243625],[-3.168874,53.245315],[-3.17338,53.246914],[-3.177928,53.247444],[-3.18493,53.248272],[-3.189413,53.248801],[-3.194018,53.249351],[-3.198491,53.2478],[-3.201954,53.246604],[-3.205502,53.245376],[-3.209652,53.243943],[-3.213353,53.244031],[-3.218813,53.244154],[-3.223558,53.246355],[-3.227336,53.248109],[-3.230764,53.249694],[-3.233844,53.251109],[-3.237015,53.252092],[-3.241349,53.253436],[-3.245601,53.254752],[-3.249342,53.25591],[-3.252767,53.25697],[-3.25752,53.258441],[-3.262585,53.260012],[-3.267458,53.261526],[-3.272561,53.261655],[-3.279573,53.261841],[-3.283566,53.261944],[-3.28811,53.262057],[-3.294052,53.261107],[-3.299566,53.260221],[-3.303798,53.259541],[-3.308809,53.258737],[-3.313287,53.258017],[-3.318648,53.257162],[-3.323907,53.255623],[-3.329092,53.254107],[-3.334356,53.252567],[-3.338711,53.251293],[-3.342679,53.250133],[-3.346906,53.249772],[-3.351899,53.249337],[-3.357961,53.248813],[-3.362325,53.248435],[-3.367828,53.247959],[-3.37095,53.248493],[-3.377129,53.249565],[-3.380269,53.248367],[-3.384845,53.24763],[-3.389487,53.246884],[-3.393989,53.246161],[-3.398187,53.245478],[-3.403823,53.24491],[-3.409485,53.244328],[-3.414242,53.244789],[-3.419619,53.245304],[-3.423328,53.245656],[-3.426975,53.245062],[-3.432307,53.244561],[-3.43694,53.244129],[-3.442357,53.242466],[-3.447199,53.240982],[-3.452393,53.239378],[-3.458016,53.240965],[-3.46235,53.242188],[-3.466675,53.243404],[-3.471739,53.244831],[-3.476339,53.246122],[-3.480231,53.247025],[-3.481085,53.247234],[-3.481123,53.247242]]}},{"type":"Feature","properties":{"id":"ohl-382","kind":"ohl","name":"STELLA SOUTH - STELLA WEST 2/SGT9","voltage":"132","towers":"PE ROUTE","status":"C","gid":10004933,"risk":"SAFE","floodCodes":[],"floodNames":[]},"geometry":{"type":"LineString","coordinates":[[-1.740559,54.977171],[-1.736889,54.976473],[-1.733054,54.975735]]}},{"type":"Feature","properties":{"id":"ohl-383","kind":"ohl","name":"STELLA NORTH - STELLA WEST SGT3","voltage":"132","towers":"PE ROUTE","status":"C","gid":10004934,"risk":"SAFE","floodCodes":[],"floodNames":[]},"geometry":{"type":"LineString","coordinates":[[-1.733054,54.975735],[-1.733035,54.975736],[-1.731881,54.975765]]}},{"type":"Feature","properties":{"id":"ohl-384","kind":"ohl","name":"STELLA NORTH - STELLA WEST SGT1","voltage":"132","towers":"PE ROUTE","status":"C","gid":10004935,"risk":"SAFE","floodCodes":[],"floodNames":[]},"geometry":{"type":"LineString","coordinates":[[-1.731881,54.975765],[-1.7272,54.977235],[-1.7259,54.977928]]}},{"type":"Feature","properties":{"id":"ohl-385","kind":"ohl","name":"GRETNA - HARKER - HAWICK","voltage":"132","towers":"V ROUTE","status":"C","gid":10004936,"risk":"MEDIUM","floodCodes":["011FWCN1B"],"floodNames":["Cumbrian coastline from Gretna to Silloth, between Longtown and Skinburness"]},"geometry":{"type":"LineString","coordinates":[[-2.962831,54.944185],[-2.96265,54.946188],[-2.962423,54.948679],[-2.962209,54.951079],[-2.962044,54.952893],[-2.961798,54.955602],[-2.961588,54.957943],[-2.959449,54.959789],[-2.957138,54.961783],[-2.955278,54.96339],[-2.952823,54.965509],[-2.950544,54.967479],[-2.948229,54.969475],[-2.946028,54.971371],[-2.944665,54.972549],[-2.943041,54.973951],[-2.944059,54.976287],[-2.945044,54.978549],[-2.945844,54.980385],[-2.946839,54.982671],[-2.947545,54.984292],[-2.94849,54.986461],[-2.949404,54.988554],[-2.950399,54.990839],[-2.951476,54.993314],[-2.952466,54.995583],[-2.953446,54.997833],[-2.956804,54.999224],[-2.959466,55.000327],[-2.96277,55.001697],[-2.966487,55.003237],[-2.970284,55.004811],[-2.974003,55.006351],[-2.976057,55.007202],[-2.978129,55.009587],[-2.978137,55.011615],[-2.978148,55.013819],[-2.978157,55.016121],[-2.978167,55.018375],[-2.978175,55.020549],[-2.978185,55.022683],[-2.978192,55.024554],[-2.9782,55.026277],[-2.978209,55.028512],[-2.978223,55.030829],[-2.977557,55.033806],[-2.977051,55.036075],[-2.976505,55.038522],[-2.975987,55.040838],[-2.977453,55.042139]]}},{"type":"Feature","properties":{"id":"ohl-386","kind":"ohl","name":"GRETNA - HARKER - HAWICK","voltage":"132","towers":"V ROUTE","status":"C","gid":10004937,"risk":"SAFE","floodCodes":[],"floodNames":[]},"geometry":{"type":"LineString","coordinates":[[-2.977453,55.042139],[-2.97532,55.043829],[-2.974971,55.045402],[-2.974584,55.047139],[-2.97271,55.04909]]}},{"type":"Feature","properties":{"id":"ohl-387","kind":"ohl","name":"BAGLAN BAY - SWANSEA NORTH","voltage":"275","towers":"VE ROUTE","status":"C","gid":10004938,"risk":"SAFE","floodCodes":[],"floodNames":[]},"geometry":{"type":"LineString","coordinates":[[-3.957941,51.681598],[-3.953234,51.683082],[-3.952577,51.683287]]}},{"type":"Feature","properties":{"id":"ohl-388","kind":"ohl","name":"BAGLAN BAY - SWANSEA NORTH","voltage":"275","towers":"VE ROUTE","status":"C","gid":10004939,"risk":"SAFE","floodCodes":[],"floodNames":[]},"geometry":{"type":"LineString","coordinates":[[-3.955104,51.687998],[-3.954892,51.686751],[-3.952577,51.683287],[-3.94804,51.684711],[-3.945757,51.685425],[-3.941428,51.686778],[-3.936291,51.687023],[-3.93132,51.68726],[-3.927176,51.687456],[-3.922613,51.687683],[-3.920129,51.686222],[-3.916727,51.684231],[-3.913983,51.682629],[-3.909135,51.680679],[-3.905142,51.679073],[-3.901982,51.677803],[-3.897178,51.67587],[-3.89318,51.674258],[-3.89094,51.672084],[-3.891039,51.66972],[-3.887856,51.666159],[-3.882855,51.664387],[-3.87892,51.662989],[-3.876817,51.660814],[-3.874004,51.658887],[-3.875217,51.656404],[-3.876682,51.653478],[-3.879729,51.65247],[-3.884124,51.651017],[-3.886493,51.650237],[-3.889393,51.646689],[-3.891816,51.643714],[-3.893332,51.641841],[-3.897077,51.638897],[-3.900208,51.636423],[-3.901379,51.633359],[-3.898017,51.630607],[-3.89456,51.627783],[-3.891986,51.625681],[-3.889399,51.623554],[-3.884475,51.624964],[-3.879877,51.625576],[-3.875431,51.626176],[-3.87054,51.626111],[-3.867132,51.626796],[-3.862256,51.6276],[-3.858163,51.628273],[-3.853438,51.629669],[-3.850903,51.630973],[-3.844555,51.630705],[-3.841465,51.63057],[-3.83531,51.631008],[-3.829978,51.631382],[-3.827057,51.63158],[-3.824185,51.629055]]}},{"type":"Feature","properties":{"id":"ohl-389","kind":"ohl","name":"BAGLAN BAY - MARGAM","voltage":"275","towers":"VE ROUTE","status":"C","gid":10004940,"risk":"SAFE","floodCodes":[],"floodNames":[]},"geometry":{"type":"LineString","coordinates":[[-3.824182,51.629054],[-3.822525,51.627362]]}},{"type":"Feature","properties":{"id":"ohl-390","kind":"ohl","name":"BAGLAN BAY - MARGAM","voltage":"275","towers":"VE ROUTE","status":"C","gid":10004941,"risk":"SAFE","floodCodes":[],"floodNames":[]},"geometry":{"type":"LineString","coordinates":[[-3.822525,51.627362],[-3.819142,51.628538],[-3.815252,51.627767],[-3.811542,51.627338],[-3.807834,51.626903],[-3.803976,51.628975],[-3.797755,51.629391]]}},{"type":"Feature","properties":{"id":"ohl-391","kind":"ohl","name":"WPD OWNED BRITON FERRY CIRCUIT","voltage":"275","towers":"VE ROUTE","status":"C","gid":10004942,"risk":"SAFE","floodCodes":[],"floodNames":[]},"geometry":{"type":"LineString","coordinates":[[-3.822525,51.627362],[-3.822468,51.625942],[-3.822409,51.624837]]}},{"type":"Feature","properties":{"id":"ohl-392","kind":"ohl","name":"BAGLAN BAY - MARGAM","voltage":"275","towers":"VE ROUTE","status":"C","gid":10004943,"risk":"SAFE","floodCodes":[],"floodNames":[]},"geometry":{"type":"LineString","coordinates":[[-3.797755,51.629391],[-3.794541,51.626967],[-3.79194,51.624995],[-3.788192,51.622151],[-3.785146,51.619843],[-3.782376,51.617742],[-3.779524,51.615576],[-3.774233,51.612181],[-3.772275,51.610918],[-3.765526,51.608728],[-3.762122,51.607611],[-3.758546,51.606447],[-3.753449,51.604779],[-3.748621,51.603208],[-3.748343,51.601851],[-3.747757,51.599137],[-3.747468,51.597794],[-3.746438,51.593004],[-3.745877,51.590401],[-3.745251,51.587517],[-3.744618,51.58457],[-3.743964,51.58153],[-3.74345,51.579145],[-3.742417,51.57436],[-3.741981,51.572329],[-3.741313,51.569279],[-3.745155,51.566056],[-3.748844,51.56505],[-3.752167,51.564256],[-3.753962,51.563743]]}},{"type":"Feature","properties":{"id":"ohl-393","kind":"ohl","name":"MARGAM - PYLE","voltage":"275","towers":"VE ROUTE","status":"C","gid":10004944,"risk":"SAFE","floodCodes":[],"floodNames":[]},"geometry":{"type":"LineString","coordinates":[[-3.752737,51.560157],[-3.750907,51.557017]]}},{"type":"Feature","properties":{"id":"ohl-394","kind":"ohl","name":"MARGAM - PYLE","voltage":"275","towers":"VE ROUTE","status":"C","gid":10004945,"risk":"SAFE","floodCodes":[],"floodNames":[]},"geometry":{"type":"LineString","coordinates":[[-3.750907,51.557017],[-3.750899,51.557004],[-3.749643,51.554893],[-3.748153,51.552367],[-3.746823,51.550116],[-3.745464,51.547815],[-3.743402,51.545064],[-3.741554,51.542688],[-3.739547,51.541864],[-3.734681,51.53986],[-3.728402,51.538946],[-3.723849,51.538267],[-3.718478,51.536781],[-3.713689,51.535422],[-3.70784,51.535084],[-3.703869,51.536868],[-3.700268,51.536561],[-3.694756,51.536083],[-3.688515,51.536137]]}},{"type":"Feature","properties":{"id":"ohl-395","kind":"ohl","name":"DUNGENESS - SELLINDGE 2","voltage":"400","towers":"VO ROUTE TWR (001B - 002)","status":"C","gid":10004946,"risk":"MEDIUM","floodCodes":["064FWC9"],"floodNames":["Coast from Dungeness to Rye"]},"geometry":{"type":"LineString","coordinates":[[0.941462,50.916782],[0.945626,50.915356]]}},{"type":"Feature","properties":{"id":"ohl-396","kind":"ohl","name":"DUNGENESS - SELLINDGE 1","voltage":"400","towers":"VO ROUTE TWR (001A - 002)","status":"C","gid":10004947,"risk":"MEDIUM","floodCodes":["064FWC9"],"floodNames":["Coast from Dungeness to Rye"]},"geometry":{"type":"LineString","coordinates":[[0.941462,50.916782],[0.94562,50.915736]]}},{"type":"Feature","properties":{"id":"ohl-397","kind":"ohl","name":"DUNGENESS - SELLINDGE 1","voltage":"400","towers":"VO ROUTE TWR (002 - 022)","status":"C","gid":10004948,"risk":"MEDIUM","floodCodes":["064FWC9"],"floodNames":["Coast from Dungeness to Rye"]},"geometry":{"type":"LineString","coordinates":[[0.891775,50.943766],[0.896809,50.943548],[0.900961,50.9435],[0.900812,50.939935],[0.900697,50.936658],[0.900601,50.933934],[0.900523,50.931757],[0.90259,50.930862],[0.904915,50.930134],[0.906889,50.929446],[0.909187,50.928645],[0.911206,50.927937],[0.913539,50.927126],[0.915698,50.926374],[0.918001,50.925571],[0.920264,50.924782],[0.924077,50.923344],[0.928958,50.921501],[0.932525,50.920158],[0.937369,50.918332],[0.941462,50.916782]]}},{"type":"Feature","properties":{"id":"ohl-398","kind":"ohl","name":"CARDIFF EAST - USKMOUTH - WHITSON","voltage":"275","towers":"VP ROUTE","status":"C","gid":10004949,"risk":"SAFE","floodCodes":[],"floodNames":[]},"geometry":{"type":"LineString","coordinates":[[-3.142451,51.547172],[-3.142146,51.547383],[-3.142407,51.547455]]}},{"type":"Feature","properties":{"id":"ohl-399","kind":"ohl","name":"ABERTHAW - CARDIFF EAST - PYLE","voltage":"275","towers":"VP ROUTE","status":"C","gid":10004950,"risk":"SAFE","floodCodes":[],"floodNames":[]},"geometry":{"type":"LineString","coordinates":[[-3.142451,51.547172],[-3.143098,51.54451],[-3.143949,51.541971],[-3.140055,51.539467],[-3.138358,51.536725],[-3.136287,51.533383],[-3.134252,51.530093],[-3.13313,51.526785],[-3.135416,51.524451],[-3.137876,51.521925],[-3.140198,51.519541],[-3.141013,51.517025],[-3.141937,51.514183],[-3.142863,51.51132],[-3.143893,51.508135],[-3.143996,51.505652],[-3.144088,51.50317],[-3.144089,51.499387],[-3.146288,51.496699],[-3.14644,51.495128]]}},{"type":"Feature","properties":{"id":"ohl-400","kind":"ohl","name":"ABERTHAW - CARDIFF EAST - PYLE","voltage":"275","towers":"VP ROUTE","status":"C","gid":10004951,"risk":"SAFE","floodCodes":[],"floodNames":[]},"geometry":{"type":"LineString","coordinates":[[-3.143857,51.547855],[-3.142958,51.547771],[-3.142451,51.547172]]}},{"type":"Feature","properties":{"id":"ohl-401","kind":"ohl","name":"BRADFORD WEST - KIRKSTALL A","voltage":"275","towers":"VR ROUTE","status":"C","gid":10004952,"risk":"SAFE","floodCodes":[],"floodNames":[]},"geometry":{"type":"LineString","coordinates":[[-1.863151,53.811519],[-1.864351,53.811301]]}},{"type":"Feature","properties":{"id":"ohl-402","kind":"ohl","name":"BRADFORD WEST - KIRKSTALL A","voltage":"275","towers":"VR ROUTE","status":"C","gid":10004953,"risk":"SAFE","floodCodes":[],"floodNames":[]},"geometry":{"type":"LineString","coordinates":[[-1.813624,53.824978],[-1.817025,53.823703],[-1.821477,53.822671],[-1.825527,53.821729],[-1.829994,53.820691],[-1.833841,53.819792],[-1.839986,53.820355],[-1.84441,53.818936],[-1.847798,53.817853],[-1.851435,53.816689],[-1.855475,53.815403],[-1.859226,53.813502],[-1.863151,53.811519]]}},{"type":"Feature","properties":{"id":"ohl-403","kind":"ohl","name":"IVER - LALEHAM","voltage":"275","towers":"VW ROUTE","status":"C","gid":10004954,"risk":"MEDIUM","floodCodes":["062FWF28Willow","062FWF31Ashford","061FWF23Horton","062FWF28Iver","061FWF23Staines","062FWF28WDrayton","062FWF28Colnbrk"],"floodNames":["River Colne at Willowbank","River Ash at Ashford and Staines","River Thames at Horton","Colne Brook at Iver","River Thames at Staines and Egham","River Colne and Frays River at West Drayton and Stanwell Moor","Colne Brook at Colnbrook"]},"geometry":{"type":"LineString","coordinates":[[-0.471871,51.424497],[-0.47466,51.426736],[-0.477395,51.428581],[-0.480854,51.430928],[-0.48433,51.431136],[-0.487494,51.431327],[-0.49077,51.432902],[-0.49465,51.434765],[-0.497883,51.436321],[-0.502705,51.437349],[-0.507626,51.439235],[-0.512523,51.441111],[-0.516529,51.442646],[-0.520164,51.444038],[-0.523129,51.445168],[-0.525874,51.447046],[-0.527049,51.447847],[-0.529803,51.449715],[-0.531961,51.45169],[-0.535813,51.454178],[-0.53965,51.456663],[-0.53927,51.458392],[-0.538781,51.461291],[-0.53688,51.464166],[-0.535371,51.466448],[-0.533426,51.469379],[-0.530879,51.471752],[-0.530963,51.474234],[-0.531035,51.476585],[-0.531101,51.478626],[-0.531624,51.481287],[-0.532195,51.484218],[-0.52836,51.486013],[-0.524834,51.487668],[-0.521286,51.489335],[-0.516965,51.491364],[-0.512047,51.493674],[-0.508568,51.495306],[-0.504792,51.497076],[-0.502125,51.498324],[-0.500809,51.500471],[-0.498879,51.503616],[-0.497269,51.506244],[-0.49546,51.509188],[-0.494076,51.511442],[-0.493461,51.51514],[-0.492908,51.51843],[-0.494598,51.522121],[-0.496039,51.525308],[-0.492899,51.52798],[-0.490261,51.530266],[-0.489499,51.532963],[-0.491311,51.535727],[-0.493187,51.538624],[-0.495226,51.540991],[-0.496027,51.542816]]}},{"type":"Feature","properties":{"id":"ohl-404","kind":"ohl","name":"ABERTHAW - TREMORFA","voltage":"275","towers":"WG ROUTE","status":"C","gid":10004955,"risk":"SAFE","floodCodes":[],"floodNames":[]},"geometry":{"type":"LineString","coordinates":[[-3.0755,51.524299],[-3.078598,51.524115]]}},{"type":"Feature","properties":{"id":"ohl-405","kind":"ohl","name":"TREMORFA - USKMOUTH - WHITSON","voltage":"275","towers":"WG ROUTE","status":"C","gid":10004956,"risk":"SAFE","floodCodes":[],"floodNames":[]},"geometry":{"type":"LineString","coordinates":[[-3.072659,51.525192],[-3.0755,51.524299]]}},{"type":"Feature","properties":{"id":"ohl-406","kind":"ohl","name":"TREMORFA - USKMOUTH - WHITSON","voltage":"275","towers":"WG ROUTE","status":"C","gid":10004957,"risk":"SAFE","floodCodes":[],"floodNames":[]},"geometry":{"type":"LineString","coordinates":[[-3.0755,51.524299],[-3.075713,51.521435],[-3.076009,51.517794],[-3.076205,51.515283],[-3.079415,51.512146],[-3.081939,51.509671],[-3.085587,51.50759],[-3.08939,51.505421],[-3.092998,51.503364],[-3.096917,51.501129],[-3.101146,51.498719],[-3.105665,51.496986],[-3.109987,51.49533],[-3.114611,51.493781],[-3.118992,51.492314],[-3.123366,51.491879],[-3.124203,51.490546],[-3.126014,51.487668],[-3.12811,51.484328],[-3.12988,51.482174]]}},{"type":"Feature","properties":{"id":"ohl-407","kind":"ohl","name":"FOURSTONES - HARKER","voltage":"275","towers":"XB ROUTE","status":"C","gid":10004958,"risk":"SAFE","floodCodes":[],"floodNames":[]},"geometry":{"type":"LineString","coordinates":[[-2.95751,54.941396],[-2.959608,54.942093],[-2.961291,54.941981]]}},{"type":"Feature","properties":{"id":"ohl-408","kind":"ohl","name":"HARKER - STELLA WEST","voltage":"275","towers":"XB ROUTE","status":"C","gid":10004959,"risk":"SAFE","floodCodes":[],"floodNames":[]},"geometry":{"type":"LineString","coordinates":[[-2.961291,54.941981],[-2.959651,54.941315],[-2.95751,54.941396]]}},{"type":"Feature","properties":{"id":"ohl-409","kind":"ohl","name":"HARKER - STELLA WEST","voltage":"275","towers":"XB ROUTE","status":"C","gid":10004960,"risk":"MEDIUM","floodCodes":["011FWFNC11B","011FWFNC11C","011FWFNC11A"],"floodNames":["River Eden at Warwick Holmes","River Eden at Low Crosby Village and Holme Gate","River Eden between Newby East and Low Crosby"]},"geometry":{"type":"LineString","coordinates":[[-2.95751,54.941396],[-2.952755,54.941298],[-2.94753,54.941193],[-2.942775,54.941098],[-2.938268,54.941009],[-2.933714,54.940918],[-2.928973,54.940822],[-2.924682,54.940736],[-2.920079,54.940644],[-2.914866,54.940538],[-2.911045,54.94046],[-2.906911,54.940375],[-2.902873,54.93892],[-2.898845,54.937467],[-2.894815,54.936016],[-2.890782,54.934559],[-2.886542,54.93303],[-2.883011,54.931759],[-2.878762,54.930225],[-2.875767,54.92846],[-2.87286,54.926747],[-2.869872,54.924986],[-2.86698,54.923282],[-2.863487,54.921223],[-2.859998,54.919161],[-2.856416,54.917048],[-2.853072,54.915064],[-2.84902,54.915158],[-2.844516,54.91525],[-2.840228,54.915337],[-2.835109,54.915441],[-2.829798,54.915547],[-2.824779,54.915648],[-2.820226,54.915741],[-2.815898,54.917148],[-2.811583,54.918552],[-2.808077,54.919691],[-2.803826,54.921073],[-2.799817,54.922377],[-2.795555,54.923759],[-2.791732,54.925001],[-2.787586,54.926347],[-2.78356,54.927658],[-2.778808,54.927636],[-2.773573,54.927618],[-2.768351,54.927601],[-2.764192,54.927587],[-2.759201,54.927569],[-2.753748,54.927552],[-2.748968,54.927535],[-2.74387,54.927517],[-2.738483,54.927493],[-2.733912,54.928026],[-2.728884,54.928609],[-2.724047,54.929169],[-2.718832,54.929772],[-2.714169,54.930314],[-2.709513,54.93085],[-2.704778,54.931398],[-2.699254,54.932039],[-2.696466,54.933284],[-2.693084,54.934793],[-2.688827,54.936691],[-2.684877,54.938455],[-2.680838,54.940256],[-2.677021,54.941962],[-2.673382,54.943585],[-2.669001,54.945537],[-2.665426,54.947128],[-2.661857,54.948719],[-2.657539,54.950643],[-2.653596,54.952397],[-2.649761,54.954105],[-2.645615,54.954874],[-2.641405,54.955656],[-2.637327,54.956414],[-2.633563,54.957112],[-2.628264,54.958096],[-2.623602,54.958961],[-2.619046,54.959806],[-2.614314,54.960684],[-2.609306,54.961612],[-2.60434,54.962531],[-2.599781,54.963377],[-2.594501,54.964354],[-2.58929,54.965692],[-2.585306,54.966711],[-2.581087,54.967793],[-2.577266,54.968774],[-2.572033,54.970112],[-2.567611,54.970949],[-2.56346,54.971739],[-2.558557,54.972671],[-2.554053,54.973524],[-2.548936,54.974496],[-2.545106,54.975228],[-2.54006,54.975429],[-2.534783,54.975648],[-2.529541,54.976364],[-2.524942,54.976944],[-2.520301,54.97753],[-2.515595,54.978128],[-2.510136,54.978193],[-2.505462,54.978251],[-2.499767,54.978322],[-2.495199,54.978379],[-2.491101,54.978427],[-2.486234,54.978489],[-2.481952,54.978542],[-2.476902,54.978603],[-2.472518,54.978657],[-2.46806,54.97871],[-2.464214,54.978758],[-2.458697,54.978824],[-2.454624,54.978873],[-2.450237,54.978926],[-2.446334,54.978973],[-2.441654,54.979029],[-2.43674,54.979087],[-2.431722,54.979146],[-2.426818,54.979204],[-2.421878,54.979265],[-2.416623,54.979324],[-2.411848,54.979377],[-2.406698,54.979536],[-2.401359,54.979701],[-2.397044,54.979833],[-2.391624,54.979999],[-2.386755,54.980149],[-2.381139,54.980321],[-2.376725,54.980456],[-2.37204,54.980598],[-2.366474,54.980769],[-2.361662,54.980913],[-2.35731,54.981702],[-2.352599,54.982554],[-2.348223,54.983346],[-2.343253,54.984246],[-2.33844,54.98512],[-2.333699,54.985343],[-2.328231,54.985604],[-2.323237,54.985841],[-2.318506,54.986067],[-2.313083,54.986328],[-2.308518,54.986544],[-2.302833,54.986814],[-2.298131,54.987037],[-2.294672,54.9872],[-2.290039,54.987421],[-2.285167,54.987641],[-2.281712,54.990045],[-2.278731,54.992097],[-2.275054,54.994627],[-2.272004,54.996728],[-2.268355,54.999243],[-2.265359,55.001304],[-2.262014,55.003606],[-2.258956,55.005712],[-2.255297,55.008231],[-2.252364,55.010249],[-2.249504,55.012217],[-2.246007,55.014642],[-2.241278,55.015109],[-2.23566,55.01568],[-2.231886,55.01606],[-2.22626,55.016628],[-2.221556,55.017104],[-2.216434,55.017621],[-2.211209,55.018149],[-2.205774,55.018697],[-2.201738,55.019105],[-2.195431,55.019742],[-2.191468,55.020142],[-2.18633,55.020659],[-2.181678,55.021142],[-2.179191,55.019643],[-2.174632,55.016936],[-2.172052,55.015404],[-2.168672,55.013395],[-2.165376,55.011504]]}},{"type":"Feature","properties":{"id":"ohl-410","kind":"ohl","name":"HARKER - STELLA WEST","voltage":"275","towers":"XB ROUTE","status":"C","gid":10004961,"risk":"SAFE","floodCodes":[],"floodNames":[]},"geometry":{"type":"LineString","coordinates":[[-2.165376,55.011504],[-2.161761,55.011352]]}},{"type":"Feature","properties":{"id":"ohl-411","kind":"ohl","name":"HARKER - STELLA WEST","voltage":"275","towers":"XB ROUTE","status":"C","gid":10004962,"risk":"LOW","floodCodes":["121FWF207"],"floodNames":["River North Tyne at Barrasford, Haughton and Chollerford"]},"geometry":{"type":"LineString","coordinates":[[-2.161761,55.011352],[-2.155745,55.010944],[-2.150533,55.010589],[-2.145456,55.010241],[-2.141066,55.009943],[-2.135907,55.009594],[-2.130705,55.009238],[-2.126707,55.008966],[-2.121658,55.008621],[-2.117791,55.008356],[-2.113294,55.00805],[-2.108149,55.007698],[-2.10334,55.007371],[-2.09797,55.007002],[-2.092984,55.006661],[-2.087434,55.006277],[-2.082989,55.006407],[-2.077319,55.006565],[-2.072642,55.006698],[-2.067287,55.006849],[-2.062707,55.006979],[-2.057944,55.007113],[-2.053428,55.00724],[-2.049275,55.007356],[-2.043009,55.007532],[-2.039019,55.007642],[-2.03486,55.007759],[-2.029699,55.007903],[-2.02532,55.008026],[-2.020568,55.00816],[-2.015812,55.008177],[-2.010471,55.008197],[-2.005342,55.008217],[-1.999992,55.008239],[-1.99486,55.008256],[-1.989543,55.008277],[-1.98449,55.008296],[-1.980153,55.008312],[-1.974086,55.008333],[-1.969652,55.008348],[-1.964746,55.008367],[-1.959522,55.008388],[-1.955154,55.007428],[-1.949806,55.006253],[-1.946431,55.005512],[-1.941612,55.004453],[-1.936793,55.003395],[-1.93208,55.002359],[-1.926969,55.001237],[-1.92247,55.000248],[-1.917695,54.999199],[-1.91282,54.998127],[-1.907931,54.997053],[-1.903549,54.996089],[-1.898222,54.994915],[-1.893819,54.993946],[-1.889481,54.993868],[-1.884806,54.993789],[-1.879208,54.993692],[-1.874457,54.993609],[-1.868813,54.993509],[-1.864038,54.993612],[-1.859974,54.993699],[-1.855222,54.993798],[-1.85,54.993909],[-1.845414,54.994003],[-1.839868,54.994119],[-1.835483,54.994212],[-1.83004,54.994323],[-1.82614,54.994404],[-1.822147,54.99497],[-1.817882,54.995574],[-1.813563,54.996215],[-1.810437,54.994622],[-1.806882,54.992856],[-1.803495,54.99117],[-1.799166,54.989014],[-1.794211,54.988475],[-1.789103,54.987912],[-1.784053,54.987358],[-1.77883,54.986785],[-1.77421,54.986277],[-1.769039,54.985708],[-1.76402,54.985155],[-1.759788,54.984689],[-1.75473,54.984146],[-1.752097,54.981529],[-1.748608,54.980487],[-1.745303,54.979488],[-1.744166,54.978125]]}},{"type":"Feature","properties":{"id":"ohl-412","kind":"ohl","name":"HIGH MARNHAM - THURCROFT - WEST MELTON","voltage":"275","towers":"XEA ROUTE","status":"C","gid":10004963,"risk":"SAFE","floodCodes":[],"floodNames":[]},"geometry":{"type":"LineString","coordinates":[[-1.265489,53.407195],[-1.263706,53.409134],[-1.260719,53.412379],[-1.258092,53.415237],[-1.2569,53.417613],[-1.255383,53.420628],[-1.253836,53.423708],[-1.252629,53.426106],[-1.2514,53.428544],[-1.250318,53.430694],[-1.249031,53.43325],[-1.248892,53.436442],[-1.247889,53.44018],[-1.247151,53.442938],[-1.246706,53.444621]]}},{"type":"Feature","properties":{"id":"ohl-413","kind":"ohl","name":"HIGH MARNHAM - THURCROFT - WEST MELTON","voltage":"275","towers":"XEA ROUTE","status":"C","gid":10004964,"risk":"SAFE","floodCodes":[],"floodNames":[]},"geometry":{"type":"LineString","coordinates":[[-1.267961,53.405379],[-1.265489,53.407195]]}},{"type":"Feature","properties":{"id":"ohl-414","kind":"ohl","name":"ALDWARKE - BRINSWORTH","voltage":"275","towers":"XEA ROUTE","status":"C","gid":10004965,"risk":"SAFE","floodCodes":[],"floodNames":[]},"geometry":{"type":"LineString","coordinates":[[-1.274171,53.402486],[-1.270071,53.404711],[-1.265489,53.407195]]}},{"type":"Feature","properties":{"id":"ohl-415","kind":"ohl","name":"BRINSWORTH - THURCROFT","voltage":"275","towers":"XEA ROUTE","status":"C","gid":10004966,"risk":"SAFE","floodCodes":[],"floodNames":[]},"geometry":{"type":"LineString","coordinates":[[-1.274171,53.402486],[-1.269419,53.404702]]}},{"type":"Feature","properties":{"id":"ohl-416","kind":"ohl","name":"BRINSWORTH - THURCROFT","voltage":"275","towers":"XEA ROUTE","status":"C","gid":10004967,"risk":"LOW","floodCodes":["123FWF720"],"floodNames":["Whiston Brook at Whiston"]},"geometry":{"type":"LineString","coordinates":[[-1.349077,53.403292],[-1.344225,53.403235],[-1.338882,53.403173],[-1.332571,53.4031],[-1.326282,53.401496],[-1.322056,53.400425],[-1.316246,53.398946],[-1.311663,53.399332],[-1.306411,53.399779],[-1.300529,53.400273],[-1.295255,53.400714],[-1.290115,53.401147],[-1.284041,53.401661],[-1.279342,53.402051],[-1.274171,53.402486]]}},{"type":"Feature","properties":{"id":"ohl-417","kind":"ohl","name":"ALDWARKE - BRINSWORTH","voltage":"275","towers":"XEA ROUTE","status":"C","gid":10004968,"risk":"SAFE","floodCodes":[],"floodNames":[]},"geometry":{"type":"LineString","coordinates":[[-1.349077,53.403292],[-1.351885,53.402235]]}},{"type":"Feature","properties":{"id":"ohl-418","kind":"ohl","name":"BRINSWORTH - THURCROFT","voltage":"275","towers":"XEA ROUTE","status":"C","gid":10004969,"risk":"SAFE","floodCodes":[],"floodNames":[]},"geometry":{"type":"LineString","coordinates":[[-1.351502,53.402177],[-1.349077,53.403292]]}},{"type":"Feature","properties":{"id":"ohl-419","kind":"ohl","name":"BLYTH - STELLA WEST 1","voltage":"275","towers":"XF ROUTE","status":"C","gid":10004970,"risk":"SAFE","floodCodes":[],"floodNames":[]},"geometry":{"type":"LineString","coordinates":[[-1.74045,54.977743],[-1.735485,54.977006]]}},{"type":"Feature","properties":{"id":"ohl-420","kind":"ohl","name":"BLYTH - STELLA WEST 3","voltage":"275","towers":"XF ROUTE","status":"C","gid":10004971,"risk":"SAFE","floodCodes":[],"floodNames":[]},"geometry":{"type":"LineString","coordinates":[[-1.735485,54.977006],[-1.740724,54.977485]]}},{"type":"Feature","properties":{"id":"ohl-421","kind":"ohl","name":"BLYTH - STELLA WEST 1","voltage":"275","towers":"XF ROUTE","status":"C","gid":10004972,"risk":"LOW","floodCodes":["121FWF318","121FWF326"],"floodNames":["Ouseburn at Great Parkway and Killingworth Road","Ouseburn at Woolsington and Brunton Mill"]},"geometry":{"type":"LineString","coordinates":[[-1.735485,54.977006],[-1.729792,54.976934],[-1.727135,54.979333],[-1.724889,54.981338],[-1.725488,54.983893],[-1.72625,54.987199],[-1.727116,54.990935],[-1.726364,54.993312],[-1.725112,54.997279],[-1.72296,54.999816],[-1.719659,55.003715],[-1.715864,55.005383],[-1.711467,55.00732],[-1.706814,55.00937],[-1.702673,55.011194],[-1.699171,55.012736],[-1.695264,55.014456],[-1.69018,55.016692],[-1.68593,55.018565],[-1.681805,55.021574],[-1.678727,55.02383],[-1.672885,55.024433],[-1.668713,55.024867],[-1.66272,55.025489],[-1.6562,55.026165],[-1.650594,55.026749],[-1.643809,55.027446],[-1.639687,55.029726],[-1.636502,55.031484],[-1.632577,55.033651],[-1.628843,55.035705],[-1.629915,55.039032],[-1.631007,55.042446],[-1.631907,55.045271],[-1.633047,55.048837],[-1.634171,55.05235],[-1.634771,55.054223],[-1.635501,55.056507],[-1.636295,55.058981],[-1.637057,55.06136],[-1.634888,55.064256],[-1.633744,55.065784],[-1.632497,55.067453],[-1.630312,55.070361],[-1.628072,55.073346],[-1.625784,55.076398],[-1.623647,55.079244],[-1.621199,55.082507],[-1.619667,55.084547],[-1.619357,55.088143],[-1.619056,55.091608],[-1.61829,55.093442],[-1.617336,55.095725],[-1.61713,55.099357],[-1.616995,55.101684],[-1.616848,55.104326],[-1.612232,55.106793],[-1.607686,55.10923],[-1.601849,55.109346],[-1.596361,55.109453],[-1.590972,55.110793],[-1.585818,55.112072],[-1.582228,55.112588],[-1.577339,55.113289],[-1.57389,55.113781],[-1.573621,55.116287],[-1.573295,55.119293],[-1.572903,55.122953],[-1.572633,55.125417],[-1.572352,55.12808],[-1.567329,55.129821],[-1.562134,55.131625],[-1.557614,55.133191],[-1.555027,55.135795],[-1.552381,55.138447],[-1.550379,55.140463],[-1.544652,55.140457],[-1.540924,55.140451],[-1.535552,55.140772]]}},{"type":"Feature","properties":{"id":"ohl-422","kind":"ohl","name":"BLYTH - STELLA WEST 1","voltage":"275","towers":"XF ROUTE","status":"C","gid":10004973,"risk":"SAFE","floodCodes":[],"floodNames":[]},"geometry":{"type":"LineString","coordinates":[[-1.535552,55.140772],[-1.531341,55.140493]]}},{"type":"Feature","properties":{"id":"ohl-423","kind":"ohl","name":"BLYTH - STELLA WEST 3","voltage":"275","towers":"XF ROUTE","status":"C","gid":10004974,"risk":"SAFE","floodCodes":[],"floodNames":[]},"geometry":{"type":"LineString","coordinates":[[-1.535552,55.140772],[-1.530404,55.140319]]}},{"type":"Feature","properties":{"id":"ohl-424","kind":"ohl","name":"IRON ACTON - WHITSON 1","voltage":"275","towers":"XL ROUTE","status":"C","gid":10004975,"risk":"SAFE","floodCodes":[],"floodNames":[]},"geometry":{"type":"LineString","coordinates":[[-2.908439,51.563938],[-2.906373,51.563133]]}},{"type":"Feature","properties":{"id":"ohl-425","kind":"ohl","name":"IRON ACTON - WHITSON 2","voltage":"275","towers":"XL ROUTE","status":"C","gid":10004976,"risk":"SAFE","floodCodes":[],"floodNames":[]},"geometry":{"type":"LineString","coordinates":[[-2.906373,51.563133],[-2.907208,51.563949]]}},{"type":"Feature","properties":{"id":"ohl-426","kind":"ohl","name":"IRON ACTON - WHITSON 1","voltage":"275","towers":"XL ROUTE","status":"C","gid":10004977,"risk":"SAFE","floodCodes":[],"floodNames":[]},"geometry":{"type":"LineString","coordinates":[[-2.906373,51.563133],[-2.901284,51.561985],[-2.896722,51.560953],[-2.891783,51.559835],[-2.887694,51.558907],[-2.882651,51.559433],[-2.877209,51.559871],[-2.87188,51.560302],[-2.866241,51.560757],[-2.860632,51.561211],[-2.855335,51.561636],[-2.850185,51.562052],[-2.84489,51.562479],[-2.838982,51.562957],[-2.833837,51.563371],[-2.828266,51.563821],[-2.823794,51.564181],[-2.817889,51.564657],[-2.812422,51.565096],[-2.80753,51.56549],[-2.80256,51.567308],[-2.79774,51.569072],[-2.793056,51.570785],[-2.788371,51.572497],[-2.783953,51.574113],[-2.779187,51.575856],[-2.774254,51.577658],[-2.76957,51.57937],[-2.768076,51.579915],[-2.764648,51.581165],[-2.759727,51.582965],[-2.754637,51.583036],[-2.749961,51.583102],[-2.744908,51.583173],[-2.739547,51.583249],[-2.734234,51.583325],[-2.729206,51.58423],[-2.724484,51.585081],[-2.720378,51.585821],[-2.717642,51.586308],[-2.713756,51.588843],[-2.709984,51.591214],[-2.708209,51.593433],[-2.704422,51.595839],[-2.700841,51.597991]]}},{"type":"Feature","properties":{"id":"ohl-427","kind":"ohl","name":"IRON ACTON - WHITSON 2","voltage":"275","towers":"XL ROUTE","status":"C","gid":10004978,"risk":"SAFE","floodCodes":[],"floodNames":[]},"geometry":{"type":"MultiLineString","coordinates":[[[-2.701815,51.599235],[-2.701574,51.600707]],[[-2.701815,51.599235],[-2.701815,51.599235]],[[-2.701815,51.599235],[-2.700841,51.597991]]]}},{"type":"Feature","properties":{"id":"ohl-428","kind":"ohl","name":"IRON ACTON - WHITSON 1","voltage":"275","towers":"XL ROUTE","status":"C","gid":10004979,"risk":"SAFE","floodCodes":[],"floodNames":[]},"geometry":{"type":"LineString","coordinates":[[-2.700841,51.597991],[-2.700328,51.599217],[-2.701574,51.600707]]}},{"type":"Feature","properties":{"id":"ohl-429","kind":"ohl","name":"IRON ACTON - WHITSON 1","voltage":"275","towers":"XL ROUTE","status":"C","gid":10004980,"risk":"MEDIUM","floodCodes":["112FWTOLD02","112FWTNOR03","112FWTNOR01"],"floodNames":["Severn Estuary at Oldbury-on-Severn, Chapel Road and Olveston Common areas","Severn Estuary at Northwick and Aust","Severn Estuary at Northwick, Old Passage and Northwick Warth areas"]},"geometry":{"type":"LineString","coordinates":[[-2.701574,51.600707],[-2.698724,51.602477],[-2.694916,51.604851],[-2.691706,51.606855],[-2.688075,51.609116],[-2.683512,51.611962],[-2.679896,51.614217],[-2.673449,51.615854],[-2.669943,51.616867],[-2.667423,51.61587],[-2.653003,51.610286],[-2.633166,51.602599],[-2.6226,51.598502],[-2.619218,51.597267],[-2.615002,51.595733],[-2.611716,51.594536],[-2.606709,51.592772],[-2.602812,51.593861],[-2.598114,51.595169]]}},{"type":"Feature","properties":{"id":"ohl-430","kind":"ohl","name":"IRON ACTON - WHITSON 2","voltage":"275","towers":"XL ROUTE","status":"C","gid":10004981,"risk":"MEDIUM","floodCodes":["112FWTOLD01","112FWTOLD02"],"floodNames":["Severn Estuary at Oldbury-on-Severn, Oldbury Naite and Littleton Warth areas","Severn Estuary at Oldbury-on-Severn, Chapel Road and Olveston Common areas"]},"geometry":{"type":"MultiLineString","coordinates":[[[-2.59521,51.596047],[-2.592048,51.596036]],[[-2.598114,51.595169],[-2.59521,51.596047]]]}},{"type":"Feature","properties":{"id":"ohl-431","kind":"ohl","name":"IRON ACTON - WHITSON 1","voltage":"275","towers":"XL ROUTE","status":"C","gid":10004982,"risk":"MEDIUM","floodCodes":["112FWTOLD01","112FWTOLD02"],"floodNames":["Severn Estuary at Oldbury-on-Severn, Oldbury Naite and Littleton Warth areas","Severn Estuary at Oldbury-on-Severn, Chapel Road and Olveston Common areas"]},"geometry":{"type":"MultiLineString","coordinates":[[[-2.594913,51.595401],[-2.592048,51.596036]],[[-2.598114,51.595169],[-2.594913,51.595401]]]}},{"type":"Feature","properties":{"id":"ohl-432","kind":"ohl","name":"IRON ACTON - WHITSON 1","voltage":"275","towers":"XL ROUTE","status":"C","gid":10004983,"risk":"MEDIUM","floodCodes":["112FWTOLD03","112FWTOLD02"],"floodNames":["Severn Estuary at Oldbury-on-Severn, Westend, Cowhill and Olveston areas","Severn Estuary at Oldbury-on-Severn, Chapel Road and Olveston Common areas"]},"geometry":{"type":"LineString","coordinates":[[-2.592048,51.596036],[-2.587516,51.597042],[-2.582804,51.598089],[-2.578879,51.598685],[-2.574886,51.599291],[-2.570388,51.599974],[-2.565413,51.600727],[-2.560609,51.601455],[-2.556032,51.602151],[-2.550411,51.603005],[-2.546112,51.603197],[-2.542003,51.603383],[-2.537621,51.603579],[-2.533856,51.603754],[-2.530173,51.602267],[-2.526479,51.600781],[-2.522078,51.599011],[-2.518394,51.59753],[-2.51425,51.595864],[-2.510704,51.594442],[-2.506917,51.592324],[-2.503089,51.59019],[-2.501116,51.589095],[-2.497932,51.587315],[-2.493499,51.586314],[-2.490693,51.582948],[-2.488234,51.580012],[-2.485667,51.576948],[-2.48303,51.573796],[-2.480503,51.570816]]}},{"type":"Feature","properties":{"id":"ohl-433","kind":"ohl","name":"IRON ACTON - MELKSHAM 1","voltage":"275","towers":"XL ROUTE","status":"C","gid":10004984,"risk":"SAFE","floodCodes":[],"floodNames":[]},"geometry":{"type":"LineString","coordinates":[[-2.479422,51.570494],[-2.47554,51.572251],[-2.470947,51.574341],[-2.466101,51.575852],[-2.462163,51.577084],[-2.458026,51.578381],[-2.454192,51.578255],[-2.449698,51.577197],[-2.44598,51.575335],[-2.442023,51.573356],[-2.439162,51.571925],[-2.435605,51.570147],[-2.432269,51.568479],[-2.427197,51.568035],[-2.422282,51.567604],[-2.417059,51.567146],[-2.411458,51.566654],[-2.405561,51.566138],[-2.401756,51.565804],[-2.396691,51.56536],[-2.390956,51.564853],[-2.385756,51.564398],[-2.381921,51.56236],[-2.377714,51.560123],[-2.373173,51.557713],[-2.369289,51.555652],[-2.365582,51.553683],[-2.361383,51.552878],[-2.356353,51.551916],[-2.351858,51.551054],[-2.346747,51.550074],[-2.340622,51.548921],[-2.339529,51.546228],[-2.338439,51.543604],[-2.337221,51.540668],[-2.335692,51.536988],[-2.334438,51.533962],[-2.33328,51.531176],[-2.332212,51.528602],[-2.330694,51.524953],[-2.328101,51.522917],[-2.324722,51.520266],[-2.322198,51.518286],[-2.319396,51.516086],[-2.315904,51.513346],[-2.312538,51.510706],[-2.309148,51.508045],[-2.30606,51.505619],[-2.302041,51.502464],[-2.299233,51.500259]]}},{"type":"Feature","properties":{"id":"ohl-434","kind":"ohl","name":"IRON ACTON - MELKSHAM 2","voltage":"275","towers":"XL ROUTE","status":"C","gid":10004985,"risk":"SAFE","floodCodes":[],"floodNames":[]},"geometry":{"type":"LineString","coordinates":[[-2.299233,51.500259],[-2.297657,51.498466],[-2.296015,51.498095]]}},{"type":"Feature","properties":{"id":"ohl-435","kind":"ohl","name":"IRON ACTON - MELKSHAM 1","voltage":"275","towers":"XL ROUTE","status":"C","gid":10004986,"risk":"SAFE","floodCodes":[],"floodNames":[]},"geometry":{"type":"LineString","coordinates":[[-2.299233,51.500259],[-2.296669,51.498845],[-2.296015,51.498095]]}},{"type":"Feature","properties":{"id":"ohl-436","kind":"ohl","name":"IRON ACTON - MELKSHAM 1","voltage":"275","towers":"XL ROUTE","status":"C","gid":10004987,"risk":"LOW","floodCodes":["112FWFBRO10A"],"floodNames":["Broadmead Brook at West Kington"]},"geometry":{"type":"LineString","coordinates":[[-2.296015,51.498095],[-2.293044,51.496096],[-2.290013,51.494057],[-2.287115,51.492108],[-2.283065,51.489383],[-2.2795,51.487557],[-2.275285,51.4854],[-2.271082,51.483248],[-2.266885,51.481097],[-2.26343,51.479326],[-2.260271,51.477708],[-2.257244,51.476158],[-2.252084,51.474151],[-2.24865,51.472816],[-2.242531,51.470437],[-2.24099,51.469238],[-2.237998,51.466914],[-2.235339,51.464845],[-2.23137,51.461756],[-2.230555,51.458857],[-2.230953,51.45614],[-2.231363,51.453327],[-2.231759,51.450596],[-2.23033,51.447916],[-2.22915,51.445707],[-2.227208,51.442073],[-2.225687,51.439223],[-2.223123,51.436767],[-2.220543,51.434299],[-2.218601,51.431449],[-2.216469,51.428327],[-2.214897,51.426027],[-2.211334,51.424198],[-2.206974,51.421548],[-2.203392,51.419921],[-2.200426,51.418574],[-2.195286,51.416236],[-2.192717,51.415074],[-2.191007,51.412897],[-2.18922,51.410623],[-2.186868,51.407628],[-2.182767,51.406394],[-2.178273,51.40504],[-2.173039,51.403459],[-2.168545,51.402103],[-2.164198,51.400033],[-2.159847,51.397961],[-2.156846,51.396532],[-2.153963,51.39516]]}},{"type":"Feature","properties":{"id":"ohl-437","kind":"ohl","name":"TREMORFA - USKMOUTH - WHITSON","voltage":"275","towers":"XM ROUTE","status":"C","gid":10004988,"risk":"SAFE","floodCodes":[],"floodNames":[]},"geometry":{"type":"LineString","coordinates":[[-2.971416,51.54281],[-2.9713,51.543164]]}},{"type":"Feature","properties":{"id":"ohl-438","kind":"ohl","name":"CARDIFF EAST - USKMOUTH - WHITSON","voltage":"275","towers":"XM ROUTE","status":"C","gid":10004989,"risk":"SAFE","floodCodes":[],"floodNames":[]},"geometry":{"type":"LineString","coordinates":[[-3.072659,51.525192],[-3.068594,51.527177],[-3.064025,51.529409],[-3.060233,51.53126],[-3.056069,51.533295],[-3.051855,51.535351],[-3.048074,51.537196],[-3.043967,51.5392],[-3.039742,51.541262],[-3.035917,51.543122],[-3.031521,51.545263],[-3.026941,51.547488],[-3.023146,51.549336],[-3.019453,51.551134],[-3.014385,51.553603],[-3.0095,51.553567],[-3.006702,51.552805],[-3.001323,51.55134],[-2.998033,51.550446],[-2.992091,51.548829],[-2.98088,51.545775],[-2.975095,51.5442],[-2.9713,51.543164]]}},{"type":"Feature","properties":{"id":"ohl-439","kind":"ohl","name":"CARDIFF EAST - USKMOUTH - WHITSON","voltage":"275","towers":"XM ROUTE","status":"C","gid":10004990,"risk":"SAFE","floodCodes":[],"floodNames":[]},"geometry":{"type":"LineString","coordinates":[[-3.078598,51.524115],[-3.072659,51.525192]]}},{"type":"Feature","properties":{"id":"ohl-440","kind":"ohl","name":"CARDIFF EAST - USKMOUTH - WHITSON","voltage":"275","towers":"XM ROUTE","status":"C","gid":10004991,"risk":"SAFE","floodCodes":[],"floodNames":[]},"geometry":{"type":"LineString","coordinates":[[-3.142407,51.547455],[-3.138844,51.546486],[-3.134754,51.545373],[-3.128928,51.543788],[-3.125113,51.542748],[-3.121212,51.541684],[-3.119497,51.540834],[-3.116925,51.539556],[-3.112314,51.537271],[-3.108644,51.53545],[-3.105034,51.534189],[-3.100571,51.532635],[-3.096258,51.530961],[-3.09257,51.52953],[-3.08739,51.527521],[-3.082989,51.525818],[-3.078598,51.524115]]}},{"type":"Feature","properties":{"id":"ohl-441","kind":"ohl","name":"ABERTHAW - TREMORFA","voltage":"275","towers":"XM ROUTE","status":"C","gid":10004992,"risk":"SAFE","floodCodes":[],"floodNames":[]},"geometry":{"type":"LineString","coordinates":[[-3.143857,51.547855],[-3.142407,51.547455]]}},{"type":"Feature","properties":{"id":"ohl-442","kind":"ohl","name":"ABERTHAW - CARDIFF EAST - PYLE","voltage":"275","towers":"XM ROUTE","status":"C","gid":10004993,"risk":"SAFE","floodCodes":[],"floodNames":[]},"geometry":{"type":"LineString","coordinates":[[-3.333934,51.499214],[-3.329678,51.500439],[-3.325227,51.501719],[-3.320606,51.503045],[-3.315567,51.504497],[-3.310536,51.505018],[-3.308651,51.505772],[-3.305114,51.507185],[-3.30234,51.508292],[-3.297066,51.510098],[-3.292182,51.51177],[-3.287296,51.513441],[-3.283305,51.514804],[-3.277529,51.516781],[-3.273865,51.518031],[-3.27046,51.520194],[-3.267313,51.52219],[-3.262727,51.523592],[-3.2583,51.524943],[-3.25218,51.525281],[-3.245363,51.525097],[-3.243221,51.526975],[-3.24029,51.529541],[-3.237925,51.531745],[-3.234991,51.534485],[-3.232498,51.536807],[-3.232161,51.540636],[-3.231869,51.54394],[-3.231534,51.547774],[-3.227424,51.549211],[-3.223939,51.550434],[-3.221376,51.551332],[-3.21839,51.551796],[-3.213984,51.552482],[-3.210214,51.553069],[-3.205539,51.553796],[-3.201229,51.554712],[-3.197273,51.55555],[-3.194303,51.556179],[-3.190336,51.556438],[-3.18303,51.556913],[-3.177814,51.555777],[-3.174395,51.554238],[-3.170527,51.552504],[-3.166881,51.550867],[-3.163308,51.550138],[-3.159316,51.549325],[-3.154625,51.548877],[-3.149391,51.548379],[-3.143857,51.547855]]}},{"type":"Feature","properties":{"id":"ohl-443","kind":"ohl","name":"ABERTHAW - CARDIFF EAST - PYLE","voltage":"275","towers":"XM ROUTE","status":"C","gid":10004994,"risk":"SAFE","floodCodes":[],"floodNames":[]},"geometry":{"type":"LineString","coordinates":[[-3.407261,51.487558],[-3.402833,51.488772],[-3.397779,51.489945],[-3.39462,51.489919],[-3.389448,51.489878],[-3.38477,51.489841],[-3.380138,51.489805],[-3.375518,51.489764],[-3.370573,51.490893],[-3.364984,51.492163],[-3.35963,51.493381],[-3.355148,51.494398],[-3.348957,51.495804],[-3.344405,51.496838],[-3.339625,51.497923],[-3.333934,51.499214]]}},{"type":"Feature","properties":{"id":"ohl-444","kind":"ohl","name":"TREMORFA - USKMOUTH - WHITSON","voltage":"275","towers":"XM ROUTE","status":"C","gid":10004995,"risk":"SAFE","floodCodes":[],"floodNames":[]},"geometry":{"type":"LineString","coordinates":[[-2.974699,51.544296],[-2.978275,51.546485]]}},{"type":"Feature","properties":{"id":"ohl-445","kind":"ohl","name":"CARDIFF EAST - USKMOUTH - WHITSON","voltage":"275","towers":"XM ROUTE","status":"C","gid":10004996,"risk":"SAFE","floodCodes":[],"floodNames":[]},"geometry":{"type":"LineString","coordinates":[[-2.974699,51.544296],[-2.97864,51.546387]]}},{"type":"Feature","properties":{"id":"ohl-446","kind":"ohl","name":"TREMORFA - USKMOUTH - WHITSON","voltage":"275","towers":"XM ROUTE","status":"C","gid":10004997,"risk":"SAFE","floodCodes":[],"floodNames":[]},"geometry":{"type":"LineString","coordinates":[[-2.971416,51.54281],[-2.974699,51.544296]]}},{"type":"Feature","properties":{"id":"ohl-447","kind":"ohl","name":"ABERTHAW - CARDIFF EAST - PYLE","voltage":"275","towers":"XM ROUTE","status":"C","gid":10004999,"risk":"SAFE","floodCodes":[],"floodNames":[]},"geometry":{"type":"LineString","coordinates":[[-3.685025,51.536536],[-3.68213,51.537697],[-3.677931,51.538266],[-3.673657,51.538671],[-3.670315,51.537194],[-3.67029,51.534474],[-3.670245,51.532048],[-3.670232,51.530124],[-3.667744,51.528069],[-3.664341,51.525231],[-3.661076,51.522505],[-3.65813,51.520047],[-3.655507,51.518425],[-3.653482,51.517165],[-3.649958,51.514981],[-3.645942,51.512491],[-3.641888,51.509973],[-3.638407,51.507418],[-3.634992,51.504914],[-3.630146,51.50393],[-3.625262,51.502944],[-3.620387,51.501958],[-3.615583,51.501853],[-3.609277,51.501716],[-3.604583,51.501618],[-3.601755,51.499504],[-3.598266,51.4969],[-3.594866,51.494359],[-3.59154,51.491875],[-3.587915,51.491118],[-3.584003,51.490301],[-3.578612,51.489177],[-3.573234,51.490401],[-3.567768,51.491649],[-3.562551,51.492845],[-3.55693,51.494136],[-3.551642,51.493201],[-3.547204,51.492416],[-3.543976,51.490457],[-3.539489,51.491051],[-3.537366,51.49068],[-3.531932,51.489722],[-3.526823,51.488819],[-3.522228,51.488006],[-3.517667,51.487471],[-3.512314,51.486838],[-3.506691,51.486172],[-3.5022,51.485639],[-3.496864,51.485006],[-3.492407,51.484477],[-3.487769,51.483926],[-3.484094,51.483491],[-3.479849,51.483237],[-3.475145,51.482957],[-3.470951,51.482706],[-3.465583,51.482385],[-3.460022,51.482053],[-3.454981,51.481751],[-3.44887,51.481978],[-3.4439,51.482163],[-3.441481,51.482252],[-3.434452,51.482514],[-3.429686,51.482691],[-3.424154,51.482893],[-3.41965,51.48414],[-3.415786,51.485207],[-3.411875,51.486287],[-3.407826,51.487403]]}},{"type":"Feature","properties":{"id":"ohl-448","kind":"ohl","name":"ABERTHAW - CARDIFF EAST - PYLE","voltage":"275","towers":"XM ROUTE","status":"C","gid":10005000,"risk":"SAFE","floodCodes":[],"floodNames":[]},"geometry":{"type":"LineString","coordinates":[[-3.685025,51.536536],[-3.686649,51.535637]]}},{"type":"Feature","properties":{"id":"ohl-449","kind":"ohl","name":"ABERTHAW - PYLE","voltage":"275","towers":"XM ROUTE","status":"C","gid":10005001,"risk":"SAFE","floodCodes":[],"floodNames":[]},"geometry":{"type":"LineString","coordinates":[[-3.68713,51.5352],[-3.685025,51.536536]]}},{"type":"Feature","properties":{"id":"ohl-450","kind":"ohl","name":"FFESTINIOG - TRAWSFYNYDD 1","voltage":"275","towers":"XO ROUTE","status":"C","gid":10005002,"risk":"SAFE","floodCodes":[],"floodNames":[]},"geometry":{"type":"LineString","coordinates":[[-3.946499,52.928294],[-3.944738,52.930732]]}},{"type":"Feature","properties":{"id":"ohl-451","kind":"ohl","name":"FFESTINIOG - TRAWSFYNYDD 2","voltage":"275","towers":"XO ROUTE","status":"C","gid":10005003,"risk":"SAFE","floodCodes":[],"floodNames":[]},"geometry":{"type":"LineString","coordinates":[[-3.944738,52.930732],[-3.947086,52.928181]]}},{"type":"Feature","properties":{"id":"ohl-452","kind":"ohl","name":"FFESTINIOG - TRAWSFYNYDD 1","voltage":"275","towers":"XO ROUTE","status":"C","gid":10005004,"risk":"SAFE","floodCodes":[],"floodNames":[]},"geometry":{"type":"LineString","coordinates":[[-3.944738,52.930732],[-3.946288,52.932127],[-3.94835,52.933979],[-3.950543,52.935958],[-3.952541,52.93775],[-3.952459,52.939387],[-3.952345,52.941632],[-3.952193,52.944694],[-3.952069,52.947183],[-3.951945,52.949754],[-3.950601,52.95145],[-3.949009,52.953467],[-3.946278,52.956912],[-3.943839,52.959977],[-3.94755,52.964311],[-3.949292,52.96635],[-3.949278,52.967577],[-3.949228,52.971109],[-3.949173,52.974604],[-3.950568,52.975981],[-3.951947,52.97736],[-3.954347,52.977366],[-3.959837,52.977391],[-3.962255,52.977403],[-3.965588,52.977412],[-3.969336,52.979214]]}},{"type":"Feature","properties":{"id":"ohl-453","kind":"ohl","name":"FFESTINIOG - TRAWSFYNYDD 2","voltage":"275","towers":"XO ROUTE","status":"C","gid":10005005,"risk":"SAFE","floodCodes":[],"floodNames":[]},"geometry":{"type":"LineString","coordinates":[[-3.969336,52.979214],[-3.969509,52.980926]]}},{"type":"Feature","properties":{"id":"ohl-454","kind":"ohl","name":"FFESTINIOG - TRAWSFYNYDD 1","voltage":"275","towers":"XO ROUTE","status":"C","gid":10005006,"risk":"SAFE","floodCodes":[],"floodNames":[]},"geometry":{"type":"LineString","coordinates":[[-3.969336,52.979214],[-3.96931,52.980598]]}},{"type":"Feature","properties":{"id":"ohl-455","kind":"ohl","name":"USKMOUTH - WHITSON 1","voltage":"275","towers":"XR ROUTE","status":"C","gid":10005007,"risk":"SAFE","floodCodes":[],"floodNames":[]},"geometry":{"type":"LineString","coordinates":[[-2.977531,51.546675],[-2.975569,51.545125]]}},{"type":"Feature","properties":{"id":"ohl-456","kind":"ohl","name":"USKMOUTH - WHITSON 2","voltage":"275","towers":"XR ROUTE","status":"C","gid":10005008,"risk":"SAFE","floodCodes":[],"floodNames":[]},"geometry":{"type":"LineString","coordinates":[[-2.975569,51.545125],[-2.977904,51.54658]]}},{"type":"Feature","properties":{"id":"ohl-457","kind":"ohl","name":"USKMOUTH - WHITSON 1","voltage":"275","towers":"XR ROUTE","status":"C","gid":10005009,"risk":"SAFE","floodCodes":[],"floodNames":[]},"geometry":{"type":"LineString","coordinates":[[-2.975569,51.545125],[-2.971455,51.544157],[-2.966393,51.542958],[-2.961393,51.541776],[-2.956709,51.540663],[-2.952197,51.542921],[-2.947693,51.545169],[-2.943719,51.547153],[-2.939379,51.549319],[-2.93488,51.550558],[-2.931049,51.55206],[-2.927439,51.553478],[-2.923806,51.554903],[-2.919979,51.556404],[-2.916966,51.558628],[-2.914276,51.560612],[-2.911647,51.562553],[-2.909515,51.564122]]}},{"type":"Feature","properties":{"id":"ohl-458","kind":"ohl","name":"WEST WEYBRIDGE INTERCON 1","voltage":"275","towers":"XT ROUTE","status":"C","gid":10005010,"risk":"MEDIUM","floodCodes":["061FWF30RiveDtch"],"floodNames":["The Rive Ditch at Woodham"]},"geometry":{"type":"LineString","coordinates":[[-0.482812,51.352632],[-0.485329,51.35189],[-0.485689,51.351021],[-0.487607,51.349238],[-0.487544,51.348462]]}},{"type":"Feature","properties":{"id":"ohl-459","kind":"ohl","name":"WEST WEYBRIDGE INTERCON 1","voltage":"275","towers":"XT ROUTE","status":"C","gid":10005011,"risk":"MEDIUM","floodCodes":["061FWF30RiveDtch"],"floodNames":["The Rive Ditch at Woodham"]},"geometry":{"type":"LineString","coordinates":[[-0.482812,51.352632],[-0.481268,51.352259]]}},{"type":"Feature","properties":{"id":"ohl-460","kind":"ohl","name":"WEST WEYBRIDGE INTERCON 3","voltage":"275","towers":"XT ROUTE","status":"C","gid":10005012,"risk":"MEDIUM","floodCodes":["061FWF30RiveDtch"],"floodNames":["The Rive Ditch at Woodham"]},"geometry":{"type":"LineString","coordinates":[[-0.481703,51.35261],[-0.482812,51.352632]]}},{"type":"Feature","properties":{"id":"ohl-461","kind":"ohl","name":"INDIAN QUEENS - LANDULPH 1","voltage":"400","towers":"YE ROUTE TWR (001 - 002)","status":"C","gid":10005013,"risk":"SAFE","floodCodes":[],"floodNames":[]},"geometry":{"type":"LineString","coordinates":[[-4.247411,50.444894],[-4.244032,50.444761]]}},{"type":"Feature","properties":{"id":"ohl-462","kind":"ohl","name":"INDIAN QUEENS - LANDULPH 2","voltage":"400","towers":"YE ROUTE TWR (002 - YF001)","status":"C","gid":10005014,"risk":"SAFE","floodCodes":[],"floodNames":[]},"geometry":{"type":"LineString","coordinates":[[-4.243688,50.446284],[-4.247411,50.444894]]}},{"type":"Feature","properties":{"id":"ohl-463","kind":"ohl","name":"INDIAN QUEENS - LANDULPH 1","voltage":"400","towers":"YE ROUTE TWR (002 - 142)","status":"C","gid":10005015,"risk":"MEDIUM","floodCodes":["114FWF1I0AA00","114FWF1F0BA00"],"floodNames":["River Lynher from Berriowbridge to Notter Bridge","River Fowey from Trekeivesteps to Restormel"]},"geometry":{"type":"LineString","coordinates":[[-4.898094,50.393906],[-4.896255,50.394799],[-4.893264,50.396227],[-4.888984,50.397573],[-4.884254,50.399058],[-4.879586,50.400526],[-4.875109,50.401934],[-4.871097,50.403201],[-4.866485,50.402494],[-4.861159,50.401683],[-4.85579,50.400867],[-4.850154,50.400007],[-4.845972,50.39937],[-4.83959,50.398599],[-4.834836,50.398022],[-4.831092,50.397564],[-4.827371,50.398276],[-4.823179,50.400722],[-4.819989,50.402579],[-4.816461,50.404648],[-4.811598,50.405943],[-4.807736,50.406976],[-4.803695,50.408057],[-4.800202,50.40899],[-4.795333,50.410286],[-4.791746,50.412495],[-4.787431,50.415143],[-4.784264,50.417086],[-4.781453,50.418809],[-4.777298,50.41968],[-4.772174,50.420752],[-4.76832,50.421559],[-4.763792,50.422503],[-4.759714,50.423358],[-4.756088,50.423727],[-4.750054,50.424339],[-4.745004,50.424852],[-4.74001,50.425359],[-4.737377,50.425624],[-4.732884,50.426724],[-4.727623,50.428005],[-4.722512,50.429249],[-4.718166,50.430308],[-4.713542,50.431433],[-4.70991,50.432319],[-4.706259,50.433213],[-4.702709,50.432734],[-4.698945,50.432232],[-4.691697,50.431266],[-4.689338,50.430951],[-4.685863,50.430488],[-4.681126,50.429856],[-4.674796,50.429012],[-4.670174,50.429686],[-4.667576,50.430063],[-4.662589,50.430789],[-4.658403,50.431401],[-4.653104,50.430468],[-4.647811,50.429536],[-4.64409,50.42888],[-4.640473,50.428242],[-4.6355,50.427366],[-4.63138,50.426641],[-4.625905,50.425675],[-4.622474,50.425066],[-4.617741,50.425744],[-4.611123,50.427965],[-4.607792,50.429078],[-4.601255,50.431266],[-4.597125,50.432653],[-4.593864,50.433745],[-4.590301,50.432805],[-4.58673,50.43187],[-4.582001,50.430628],[-4.577835,50.429534],[-4.57427,50.428598],[-4.571444,50.427855],[-4.566578,50.426576],[-4.562537,50.425513],[-4.558374,50.425668],[-4.552398,50.425885],[-4.548265,50.426455],[-4.544072,50.427022],[-4.537232,50.427946],[-4.533721,50.428423],[-4.529512,50.428996],[-4.521617,50.429485],[-4.517501,50.429848],[-4.510444,50.430467],[-4.506375,50.430823],[-4.502427,50.431168],[-4.497376,50.431817],[-4.492552,50.432435],[-4.486946,50.433157],[-4.481478,50.43386],[-4.477384,50.434388],[-4.470143,50.433851],[-4.467162,50.433961],[-4.460574,50.434203],[-4.456591,50.43435],[-4.450491,50.434575],[-4.445403,50.43476],[-4.44017,50.437],[-4.436657,50.438505],[-4.43412,50.439591],[-4.427293,50.442513],[-4.424463,50.443725],[-4.420795,50.445296],[-4.41564,50.447503],[-4.41088,50.4478],[-4.405875,50.448109],[-4.40269,50.448306],[-4.39753,50.448625],[-4.391541,50.448997],[-4.386275,50.449326],[-4.383876,50.448161],[-4.379929,50.446249],[-4.375526,50.444119],[-4.371949,50.442388],[-4.366716,50.439851],[-4.363508,50.439456],[-4.357296,50.438691],[-4.354725,50.438373],[-4.347342,50.437463],[-4.342559,50.436978],[-4.33773,50.436481],[-4.332867,50.43599],[-4.328234,50.435517],[-4.322186,50.434904],[-4.31628,50.435423],[-4.312772,50.435733],[-4.305336,50.436385],[-4.301084,50.436759],[-4.297432,50.43708],[-4.290487,50.437688],[-4.286257,50.438059],[-4.282253,50.439246],[-4.276496,50.440953],[-4.272047,50.442275],[-4.267053,50.443758],[-4.262222,50.445195],[-4.256741,50.445085],[-4.252287,50.444995],[-4.247411,50.444894]]}},{"type":"Feature","properties":{"id":"ohl-464","kind":"ohl","name":"LANDULPH - LANGAGE 2","voltage":"400","towers":"YF ROUTE TWR (001 -003 - 004)","status":"C","gid":10005016,"risk":"SAFE","floodCodes":[],"floodNames":[]},"geometry":{"type":"LineString","coordinates":[[-4.235394,50.447453],[-4.240584,50.446905],[-4.243688,50.446284]]}},{"type":"Feature","properties":{"id":"ohl-465","kind":"ohl","name":"LANDULPH - LANGAGE 1","voltage":"400","towers":"YF ROUTE TWR (002 - 003B - 004)","status":"C","gid":10005017,"risk":"SAFE","floodCodes":[],"floodNames":[]},"geometry":{"type":"LineString","coordinates":[[-4.241326,50.445662],[-4.239159,50.446316],[-4.235394,50.447453]]}},{"type":"Feature","properties":{"id":"ohl-466","kind":"ohl","name":"LANDULPH - LANGAGE 1","voltage":"400","towers":"YF ROUTE TWR (004 - 068A)","status":"C","gid":10005018,"risk":"MEDIUM","floodCodes":["114FWT1T1FA00"],"floodNames":["Plymouth Sound, Wembury Bay and tidal estuaries"]},"geometry":{"type":"LineString","coordinates":[[-4.235394,50.447453],[-4.23164,50.448621],[-4.229541,50.449278],[-4.224894,50.450724],[-4.22174,50.451705],[-4.218234,50.45448],[-4.215462,50.456691],[-4.213266,50.457351],[-4.206049,50.45954],[-4.203739,50.460251],[-4.202234,50.459584],[-4.198365,50.457903],[-4.196036,50.456891],[-4.191986,50.455136],[-4.190597,50.453672],[-4.188769,50.451765],[-4.185801,50.448681],[-4.183826,50.446625],[-4.180304,50.442962],[-4.176787,50.442443],[-4.168555,50.441231],[-4.16505,50.44071],[-4.160004,50.440452],[-4.155969,50.440246],[-4.152435,50.440065],[-4.148153,50.440186],[-4.142849,50.440337],[-4.136873,50.440502],[-4.132421,50.440623],[-4.127789,50.441761],[-4.124501,50.442566],[-4.120638,50.443404],[-4.116023,50.44441],[-4.112089,50.445268],[-4.109411,50.445022],[-4.105823,50.444695],[-4.101692,50.444318],[-4.098605,50.444033],[-4.093615,50.444145],[-4.090313,50.442182],[-4.086972,50.440211],[-4.081156,50.437158],[-4.075399,50.434249],[-4.07068,50.433723],[-4.066554,50.433259],[-4.063406,50.432905],[-4.057012,50.430422],[-4.05416,50.429312],[-4.050972,50.428071],[-4.046885,50.426481],[-4.042845,50.424911],[-4.039242,50.423506],[-4.036165,50.422322],[-4.033387,50.417196],[-4.031505,50.414104],[-4.029383,50.410626],[-4.027777,50.408754],[-4.026289,50.407023],[-4.023327,50.403577],[-4.021491,50.401442],[-4.019202,50.398775],[-4.017008,50.39622],[-4.013854,50.391849],[-4.011887,50.389513]]}},{"type":"Feature","properties":{"id":"ohl-467","kind":"ohl","name":"ABHAM - EXETER - LANGAGE 1","voltage":"400","towers":"YF ROUTE TWR (068B - 074 - 4YF075)","status":"C","gid":10005019,"risk":"SAFE","floodCodes":[],"floodNames":[]},"geometry":{"type":"LineString","coordinates":[[-4.011563,50.389164],[-4.007154,50.386975],[-4.006581,50.385253],[-4.005866,50.383097],[-4.005083,50.380697],[-4.003844,50.377883],[-4.000322,50.376762],[-3.996158,50.37543]]}},{"type":"Feature","properties":{"id":"ohl-468","kind":"ohl","name":"BLYTH - ECCLES - STELLA WEST 1","voltage":"400","towers":"YG ROUTE TWR (001 - 074)","status":"C","gid":10005020,"risk":"SAFE","floodCodes":[],"floodNames":[]},"geometry":{"type":"LineString","coordinates":[[-1.802908,55.015843],[-1.803626,55.01915],[-1.804334,55.02244],[-1.805056,55.02579],[-1.805864,55.02957],[-1.806563,55.032753],[-1.80447,55.035119],[-1.802023,55.037877],[-1.798798,55.041511],[-1.79647,55.044138],[-1.793211,55.047808],[-1.790876,55.050435],[-1.784749,55.05281],[-1.781117,55.054217],[-1.776242,55.056102],[-1.771327,55.058001],[-1.76805,55.060197],[-1.764106,55.062836],[-1.761212,55.064773],[-1.757237,55.067434],[-1.753296,55.070069],[-1.749377,55.072693],[-1.745352,55.074777],[-1.741524,55.076763],[-1.737347,55.078926],[-1.733416,55.080962],[-1.72924,55.083126],[-1.725407,55.085112],[-1.720903,55.087446],[-1.716646,55.08965],[-1.71244,55.091832],[-1.712398,55.095019],[-1.71235,55.098647],[-1.712301,55.102238],[-1.712259,55.105406],[-1.712211,55.109037],[-1.712174,55.111828],[-1.710256,55.114245],[-1.707863,55.117261],[-1.70533,55.120452],[-1.703061,55.12331],[-1.700786,55.126183],[-1.695184,55.126657],[-1.688925,55.127189],[-1.682737,55.127712],[-1.676487,55.128242],[-1.672182,55.130513],[-1.66723,55.133126],[-1.661438,55.134459],[-1.655706,55.13578],[-1.652157,55.136597],[-1.646826,55.13783],[-1.642872,55.140215],[-1.638121,55.141825],[-1.632636,55.143677],[-1.627278,55.14549],[-1.621811,55.147339],[-1.618282,55.148538],[-1.614129,55.147952],[-1.607559,55.147042],[-1.60211,55.146281],[-1.597353,55.14775],[-1.592059,55.149383],[-1.586686,55.15104],[-1.579708,55.150287],[-1.574861,55.149755],[-1.57001,55.149691],[-1.563047,55.149588],[-1.557403,55.149504],[-1.552347,55.147951],[-1.546287,55.146091],[-1.542048,55.144786],[-1.537817,55.143485],[-1.533733,55.142231]]}},{"type":"Feature","properties":{"id":"ohl-469","kind":"ohl","name":"BLYTH - ECCLES - STELLA WEST 2","voltage":"400","towers":"YG ROUTE TWR (074 - 075 - 076)","status":"C","gid":10005021,"risk":"SAFE","floodCodes":[],"floodNames":[]},"geometry":{"type":"LineString","coordinates":[[-1.802908,55.015843],[-1.802893,55.014467],[-1.804431,55.013762]]}},{"type":"Feature","properties":{"id":"ohl-470","kind":"ohl","name":"BLYTH - ECCLES - STELLA WEST 1","voltage":"400","towers":"YG ROUTE TWR (074 - 4ZY454)","status":"C","gid":10005022,"risk":"SAFE","floodCodes":[],"floodNames":[]},"geometry":{"type":"LineString","coordinates":[[-1.803893,55.014675],[-1.802908,55.015843]]}},{"type":"Feature","properties":{"id":"ohl-471","kind":"ohl","name":"BLYTH - ECCLES - STELLA WEST 2","voltage":"400","towers":"YG ROUTE TWR (076 - 4ZY454)","status":"C","gid":10005023,"risk":"SAFE","floodCodes":[],"floodNames":[]},"geometry":{"type":"LineString","coordinates":[[-1.804431,55.013762],[-1.803893,55.014675]]}},{"type":"Feature","properties":{"id":"ohl-472","kind":"ohl","name":"KITWELL - OCKER HILL","voltage":"275","towers":"YJ ROUTE","status":"C","gid":10005024,"risk":"SAFE","floodCodes":[],"floodNames":[]},"geometry":{"type":"LineString","coordinates":[[-2.028385,52.496716],[-2.028415,52.49869],[-2.023447,52.499629]]}},{"type":"Feature","properties":{"id":"ohl-473","kind":"ohl","name":"KITWELL - OCKER HILL","voltage":"275","towers":"YJ ROUTE","status":"C","gid":10005025,"risk":"SAFE","floodCodes":[],"floodNames":[]},"geometry":{"type":"LineString","coordinates":[[-2.014929,52.432231],[-2.015176,52.433839],[-2.015709,52.437346],[-2.016191,52.440494],[-2.016645,52.443422],[-2.013349,52.446396],[-2.013262,52.449585],[-2.011888,52.452453],[-2.011309,52.455512],[-2.011774,52.457507],[-2.012816,52.460373],[-2.01568,52.46289],[-2.014281,52.465333],[-2.013229,52.467171],[-2.014343,52.470397],[-2.017147,52.473615],[-2.019031,52.475587],[-2.021002,52.477638],[-2.021877,52.479657],[-2.022946,52.482117],[-2.025421,52.484936],[-2.023831,52.487823],[-2.022559,52.489658],[-2.024514,52.491246],[-2.027788,52.493903],[-2.028385,52.496716]]}},{"type":"Feature","properties":{"id":"ohl-474","kind":"ohl","name":"KEMSLEY - LITTLEBROOK - ROWDOWN 1","voltage":"400","towers":"YL ROUTE TWR (022 - 001 - 4TP001)","status":"C","gid":10005026,"risk":"MEDIUM","floodCodes":["064FWT1Dartford"],"floodNames":["Dartford, Crayford and Greenhithe"]},"geometry":{"type":"LineString","coordinates":[[0.250143,51.45688],[0.249452,51.452717],[0.248112,51.451222],[0.250689,51.448429],[0.253965,51.444879],[0.25848,51.442143],[0.260582,51.439299],[0.262492,51.437142],[0.266278,51.436455],[0.27195,51.435421],[0.27682,51.434693],[0.281384,51.434017],[0.287201,51.432922],[0.293098,51.431551],[0.296551,51.431285],[0.300122,51.431158],[0.303641,51.431046],[0.309761,51.430857],[0.310632,51.430859],[0.311639,51.430835],[0.311765,51.429462],[0.312077,51.426189],[0.312395,51.42348]]}},{"type":"Feature","properties":{"id":"ohl-475","kind":"ohl","name":"KEMSLEY - LITTLEBROOK - ROWDOWN 2","voltage":"400","towers":"YL ROUTE TWR (022 - 023A - 024)","status":"C","gid":10005027,"risk":"MEDIUM","floodCodes":["064FWT1Dartford"],"floodNames":["Dartford, Crayford and Greenhithe"]},"geometry":{"type":"LineString","coordinates":[[0.250143,51.45688],[0.249586,51.459778],[0.245652,51.460964]]}},{"type":"Feature","properties":{"id":"ohl-476","kind":"ohl","name":"KEMSLEY - LITTLEBROOK - ROWDOWN 1","voltage":"400","towers":"YL ROUTE TWR (022 - 023B - 024)","status":"C","gid":10005028,"risk":"MEDIUM","floodCodes":["064FWT1Dartford"],"floodNames":["Dartford, Crayford and Greenhithe"]},"geometry":{"type":"LineString","coordinates":[[0.245652,51.460964],[0.249136,51.459616],[0.250143,51.45688]]}},{"type":"Feature","properties":{"id":"ohl-477","kind":"ohl","name":"KEMSLEY - LITTLEBROOK - ROWDOWN 1","voltage":"400","towers":"YL ROUTE TWR (024 - 027)","status":"C","gid":10005029,"risk":"MEDIUM","floodCodes":["064FWT1Dartford"],"floodNames":["Dartford, Crayford and Greenhithe"]},"geometry":{"type":"LineString","coordinates":[[0.238624,51.464169],[0.238904,51.462782],[0.242235,51.462115],[0.245652,51.460964]]}},{"type":"Feature","properties":{"id":"ohl-478","kind":"ohl","name":"BARKING - NORTHFLEET EAST - WEST THURROCK 1","voltage":"400","towers":"YN ROUTE TWR (070 - 074)","status":"C","gid":10005030,"risk":"MEDIUM","floodCodes":["064FWT1Gravesend"],"floodNames":["Gravesend and Northfleet"]},"geometry":{"type":"LineString","coordinates":[[0.314314,51.433309],[0.31847,51.432804],[0.323827,51.432133],[0.327637,51.430897],[0.329849,51.429378]]}},{"type":"Feature","properties":{"id":"ohl-479","kind":"ohl","name":"BARKING - NORTHFLEET EAST - WEST THURROCK 1","voltage":"400","towers":"YN ROUTE TWR (074 - 075)","status":"C","gid":10005031,"risk":"SAFE","floodCodes":[],"floodNames":[]},"geometry":{"type":"LineString","coordinates":[[0.314003,51.434876],[0.314314,51.433309]]}},{"type":"Feature","properties":{"id":"ohl-480","kind":"ohl","name":"BREDBURY - SOUTH MANCHESTER","voltage":"275","towers":"YO ROUTE","status":"C","gid":10005032,"risk":"MEDIUM","floodCodes":["013FWFGM31"],"floodNames":["Rivers Goyt and Mersey at Stockport"]},"geometry":{"type":"LineString","coordinates":[[-2.155687,53.418443],[-2.150324,53.41915],[-2.145487,53.421143],[-2.142717,53.420322],[-2.138194,53.41898],[-2.135623,53.417877],[-2.134362,53.415865]]}},{"type":"Feature","properties":{"id":"ohl-481","kind":"ohl","name":"BREDBURY - SOUTH MANCHESTER","voltage":"275","towers":"YO ROUTE","status":"C","gid":10005033,"risk":"MEDIUM","floodCodes":["013FWFGM30"],"floodNames":["River Tame at Meadow Industrial Estate"]},"geometry":{"type":"LineString","coordinates":[[-2.157277,53.415208],[-2.155687,53.418443]]}},{"type":"Feature","properties":{"id":"ohl-482","kind":"ohl","name":"BREDBURY - SOUTH MANCHESTER","voltage":"275","towers":"YO ROUTE","status":"C","gid":10005034,"risk":"LOW","floodCodes":["013FWFGM31"],"floodNames":["Rivers Goyt and Mersey at Stockport"]},"geometry":{"type":"LineString","coordinates":[[-2.189338,53.407458],[-2.184387,53.408491]]}},{"type":"Feature","properties":{"id":"ohl-483","kind":"ohl","name":"BREDBURY - SOUTH MANCHESTER","voltage":"275","towers":"YO ROUTE","status":"C","gid":10005035,"risk":"MEDIUM","floodCodes":["013FWFGM35A","013FWFGM37","013FWFGM33A","013FWFGM32","013FWFGM34","013FWFGM33B","013FWFGM31"],"floodNames":["River Mersey at West Didsbury, Northenden Golf Club and Palatine Road","River Mersey at Chorlton & Sale Golf Clubs, Chorlton Water Parks and Stretford","River Mersey at East Didsbury, Millgate Lane and Stenner Lane areas","River Mersey at Cheadle Wood and Ford lane","River Mersey at Fletcher Moss and Withington Golf Course","River Mersey at East Didsbury, from Tuscan Road to Wilmslow Road","Rivers Goyt and Mersey at Stockport"]},"geometry":{"type":"LineString","coordinates":[[-2.2763,53.419387],[-2.272095,53.418057],[-2.267668,53.416657],[-2.263582,53.415364],[-2.259219,53.413985],[-2.253164,53.412075],[-2.250907,53.409605],[-2.248554,53.407036],[-2.245544,53.403736],[-2.241084,53.402571],[-2.236533,53.401371],[-2.232266,53.400246],[-2.227647,53.400568],[-2.223478,53.400854],[-2.217922,53.40257],[-2.214527,53.403623],[-2.209772,53.404512],[-2.205344,53.40534],[-2.199874,53.406362],[-2.194145,53.407433],[-2.189338,53.407458]]}},{"type":"Feature","properties":{"id":"ohl-484","kind":"ohl","name":"PELHAM - RYEHOUSE 1","voltage":"400","towers":"YP ROUTE TWR (4ZM017 - 001)","status":"C","gid":10005036,"risk":"MEDIUM","floodCodes":["062FWF53Hoddesdn"],"floodNames":["Lower River Lee at Hoddesdon and Cheshunt"]},"geometry":{"type":"LineString","coordinates":[[0.011872,51.759954],[0.011918,51.759971],[0.009099,51.758958]]}},{"type":"Feature","properties":{"id":"ohl-485","kind":"ohl","name":"PELHAM - RYEHOUSE - WALTHAM CROSS 2","voltage":"400","towers":"YP ROUTE TWR (4ZM017 - 003 - 002 - 001)","status":"C","gid":10005037,"risk":"MEDIUM","floodCodes":["062FWF53Hoddesdn"],"floodNames":["Lower River Lee at Hoddesdon and Cheshunt"]},"geometry":{"type":"LineString","coordinates":[[0.009099,51.758958],[0.011098,51.759422],[0.012541,51.759758],[0.011918,51.759971]]}},{"type":"Feature","properties":{"id":"ohl-486","kind":"ohl","name":"BRADFORD WEST - ELLAND","voltage":"275","towers":"YW ROUTE","status":"C","gid":10005038,"risk":"SAFE","floodCodes":[],"floodNames":[]},"geometry":{"type":"LineString","coordinates":[[-1.834407,53.723926],[-1.838245,53.725843],[-1.843183,53.728293],[-1.847802,53.730588],[-1.851233,53.732293],[-1.853483,53.733408],[-1.857676,53.735492],[-1.861072,53.737166],[-1.864829,53.739505],[-1.867189,53.74017],[-1.871373,53.741343],[-1.873246,53.744182],[-1.87467,53.746314],[-1.873586,53.748236],[-1.871609,53.75054],[-1.86844,53.754245],[-1.867293,53.755583],[-1.868358,53.758655],[-1.869477,53.761889],[-1.870432,53.764644],[-1.870868,53.766293],[-1.871391,53.768229],[-1.870063,53.77155],[-1.869079,53.77403],[-1.871184,53.777237],[-1.872332,53.779951],[-1.8731,53.781749],[-1.875609,53.78473],[-1.877572,53.787066],[-1.880707,53.790787],[-1.882164,53.792503],[-1.879029,53.79552],[-1.876458,53.79801],[-1.87377,53.799729],[-1.870968,53.801526],[-1.86775,53.803588],[-1.863617,53.806244],[-1.862807,53.808055],[-1.863474,53.810012]]}},{"type":"Feature","properties":{"id":"ohl-487","kind":"ohl","name":"ELLAND - KIRKSTALL A","voltage":"275","towers":"YW ROUTE","status":"C","gid":10005039,"risk":"SAFE","floodCodes":[],"floodNames":[]},"geometry":{"type":"LineString","coordinates":[[-1.834407,53.723926],[-1.832032,53.723037],[-1.828223,53.722647]]}},{"type":"Feature","properties":{"id":"ohl-488","kind":"ohl","name":"BRADFORD WEST - ELLAND","voltage":"275","towers":"YW ROUTE","status":"C","gid":10005040,"risk":"SAFE","floodCodes":[],"floodNames":[]},"geometry":{"type":"LineString","coordinates":[[-1.828223,53.722647],[-1.830231,53.723316],[-1.831718,53.723823],[-1.834407,53.723926]]}},{"type":"Feature","properties":{"id":"ohl-489","kind":"ohl","name":"BRADFORD WEST - ELLAND","voltage":"275","towers":"YW ROUTE","status":"C","gid":10005041,"risk":"MEDIUM","floodCodes":["123FWF323"],"floodNames":["River Calder at Elland - Saddleworth Road to Lowfields Business Park"]},"geometry":{"type":"LineString","coordinates":[[-1.825005,53.693745],[-1.825567,53.694865],[-1.822237,53.695579],[-1.81927,53.69817],[-1.818047,53.699232],[-1.81337,53.700619],[-1.807798,53.702287],[-1.804299,53.70333],[-1.802675,53.706133],[-1.804985,53.707696],[-1.808076,53.709798],[-1.812753,53.712296],[-1.815595,53.713806],[-1.81644,53.716154],[-1.817018,53.717756],[-1.822362,53.720155],[-1.825456,53.721549],[-1.828223,53.722647]]}},{"type":"Feature","properties":{"id":"ohl-490","kind":"ohl","name":"BISHOPS WOOD - KITWELL 1","voltage":"275","towers":"YYB ROUTE","status":"C","gid":10005042,"risk":"SAFE","floodCodes":[],"floodNames":[]},"geometry":{"type":"LineString","coordinates":[[-2.241904,52.31101],[-2.242211,52.310408]]}},{"type":"Feature","properties":{"id":"ohl-491","kind":"ohl","name":"BISHOPS WOOD - FECKENHAM","voltage":"275","towers":"YYB ROUTE","status":"C","gid":10005043,"risk":"SAFE","floodCodes":[],"floodNames":[]},"geometry":{"type":"LineString","coordinates":[[-2.242211,52.310408],[-2.242232,52.311053]]}},{"type":"Feature","properties":{"id":"ohl-492","kind":"ohl","name":"BISHOPS WOOD - KITWELL 1","voltage":"275","towers":"YYB ROUTE","status":"C","gid":10005044,"risk":"SAFE","floodCodes":[],"floodNames":[]},"geometry":{"type":"LineString","coordinates":[[-2.242211,52.310408],[-2.236921,52.311062],[-2.232208,52.311633],[-2.226627,52.312309],[-2.221277,52.312351],[-2.215767,52.312393],[-2.209487,52.31244],[-2.205624,52.312467],[-2.201442,52.314055],[-2.19669,52.315855],[-2.191619,52.317779],[-2.188551,52.318942],[-2.184591,52.320442],[-2.179199,52.322485],[-2.174606,52.324225],[-2.171116,52.32476],[-2.166331,52.325494],[-2.162181,52.326688],[-2.157002,52.328179],[-2.152528,52.329463],[-2.147507,52.330911],[-2.143297,52.331986],[-2.138967,52.333099],[-2.134691,52.334195],[-2.128795,52.335709],[-2.125475,52.336934],[-2.124967,52.337124]]}},{"type":"Feature","properties":{"id":"ohl-493","kind":"ohl","name":"BISHOPS WOOD - FECKENHAM","voltage":"275","towers":"YYB ROUTE","status":"C","gid":10005045,"risk":"SAFE","floodCodes":[],"floodNames":[]},"geometry":{"type":"LineString","coordinates":[[-2.124967,52.337124],[-2.123863,52.335734]]}},{"type":"Feature","properties":{"id":"ohl-494","kind":"ohl","name":"BISHOPS WOOD - KITWELL 1","voltage":"275","towers":"YYB ROUTE","status":"C","gid":10005046,"risk":"SAFE","floodCodes":[],"floodNames":[]},"geometry":{"type":"LineString","coordinates":[[-2.124967,52.337124],[-2.127082,52.338805]]}},{"type":"Feature","properties":{"id":"ohl-495","kind":"ohl","name":"BISHOPS WOOD - PENN","voltage":"275","towers":"YYC ROUTE","status":"C","gid":10005047,"risk":"SAFE","floodCodes":[],"floodNames":[]},"geometry":{"type":"LineString","coordinates":[[-2.183437,52.391375],[-2.188143,52.388583],[-2.192475,52.386785],[-2.197485,52.384701],[-2.202061,52.382799],[-2.205893,52.381206],[-2.209804,52.379586],[-2.212197,52.376635],[-2.214927,52.373271],[-2.217128,52.370563],[-2.219165,52.367441],[-2.220839,52.364863],[-2.223893,52.363088],[-2.227232,52.361141],[-2.230488,52.359244],[-2.234307,52.357018],[-2.238119,52.354794],[-2.242062,52.352499],[-2.243348,52.349547],[-2.244874,52.346058],[-2.246791,52.343504],[-2.248759,52.340876],[-2.250803,52.338155],[-2.249517,52.33566],[-2.247286,52.331314],[-2.246052,52.328905],[-2.244794,52.326443],[-2.242712,52.322394],[-2.243106,52.319311],[-2.24349,52.31623],[-2.240568,52.314406],[-2.241192,52.312956]]}},{"type":"Feature","properties":{"id":"ohl-496","kind":"ohl","name":"BISHOPS WOOD - PENN","voltage":"275","towers":"YYC ROUTE","status":"C","gid":10005048,"risk":"SAFE","floodCodes":[],"floodNames":[]},"geometry":{"type":"LineString","coordinates":[[-2.186095,52.392934],[-2.183437,52.391375]]}},{"type":"Feature","properties":{"id":"ohl-497","kind":"ohl","name":"BISHOPS WOOD - KITWELL 2","voltage":"275","towers":"YYC ROUTE","status":"C","gid":10005049,"risk":"SAFE","floodCodes":[],"floodNames":[]},"geometry":{"type":"LineString","coordinates":[[-2.18088,52.389462],[-2.183437,52.391375]]}},{"type":"Feature","properties":{"id":"ohl-498","kind":"ohl","name":"OCKER HILL - WILLENHALL 2","voltage":"275","towers":"YYD ROUTE","status":"C","gid":10005050,"risk":"SAFE","floodCodes":[],"floodNames":[]},"geometry":{"type":"LineString","coordinates":[[-2.04973,52.57764],[-2.049186,52.575816],[-2.049279,52.57452]]}},{"type":"Feature","properties":{"id":"ohl-499","kind":"ohl","name":"OCKER HILL - WILLENHALL 1","voltage":"275","towers":"YYD ROUTE","status":"C","gid":10005051,"risk":"SAFE","floodCodes":[],"floodNames":[]},"geometry":{"type":"LineString","coordinates":[[-2.049279,52.57452],[-2.048699,52.57577],[-2.04973,52.57764]]}},{"type":"Feature","properties":{"id":"ohl-500","kind":"ohl","name":"OCKER HILL - WILLENHALL 1","voltage":"275","towers":"YYD ROUTE","status":"C","gid":10005052,"risk":"LOW","floodCodes":["033FWF3TAME002"],"floodNames":["River Tame at Golds Hill"]},"geometry":{"type":"LineString","coordinates":[[-2.049279,52.57452],[-2.050386,52.573366],[-2.049745,52.572615],[-2.052407,52.570111],[-2.053093,52.566745],[-2.052617,52.564676],[-2.050122,52.562511],[-2.050281,52.560727],[-2.048078,52.558839],[-2.045925,52.555975],[-2.042098,52.55396],[-2.039341,52.55252],[-2.036562,52.549707],[-2.032433,52.548786],[-2.031,52.54697],[-2.02722,52.544741]]}},{"type":"Feature","properties":{"id":"ohl-501","kind":"ohl","name":"OCKER HILL - WILLENHALL 1","voltage":"275","towers":"YYD ROUTE","status":"C","gid":10005053,"risk":"MEDIUM","floodCodes":["033FWF3TAME002"],"floodNames":["River Tame at Golds Hill"]},"geometry":{"type":"LineString","coordinates":[[-2.02722,52.544741],[-2.027844,52.543412]]}},{"type":"Feature","properties":{"id":"ohl-502","kind":"ohl","name":"OCKER HILL - WILLENHALL 2","voltage":"275","towers":"YYD ROUTE","status":"C","gid":10005054,"risk":"MEDIUM","floodCodes":["033FWF3TAME002"],"floodNames":["River Tame at Golds Hill"]},"geometry":{"type":"LineString","coordinates":[[-2.02722,52.544741],[-2.028389,52.542936]]}},{"type":"Feature","properties":{"id":"ohl-503","kind":"ohl","name":"BERKSWELL - OCKER HILL","voltage":"275","towers":"YYD ROUTE","status":"C","gid":10005055,"risk":"MEDIUM","floodCodes":["033FWF3TAME002"],"floodNames":["River Tame at Golds Hill"]},"geometry":{"type":"LineString","coordinates":[[-2.028389,52.542936],[-2.026924,52.542698]]}},{"type":"Feature","properties":{"id":"ohl-504","kind":"ohl","name":"TILBURY - WEST THURROCK 1","voltage":"400","towers":"YYJ ROUTE TWR (097 - ZBA08)","status":"C","gid":10005056,"risk":"LOW","floodCodes":["051FWCDV5B3WEST"],"floodNames":["The Thames estuary from Grays to Purfleet-on-Thames, including West Thurrock"]},"geometry":{"type":"LineString","coordinates":[[0.28684,51.491865],[0.28941,51.491095]]}},{"type":"Feature","properties":{"id":"ohl-505","kind":"ohl","name":"LITTLEBROOK - TILBURY 2","voltage":"400","towers":"YYJ ROUTE TWR (097 - ZBA009)","status":"C","gid":10005057,"risk":"LOW","floodCodes":["051FWCDV5B3WEST"],"floodNames":["The Thames estuary from Grays to Purfleet-on-Thames, including West Thurrock"]},"geometry":{"type":"LineString","coordinates":[[0.28684,51.491865],[0.284468,51.491978]]}},{"type":"Feature","properties":{"id":"ohl-506","kind":"ohl","name":"TILBURY - WEST THURROCK 1","voltage":"400","towers":"YYJ ROUTE TWR (097 - 136)","status":"C","gid":10005058,"risk":"MEDIUM","floodCodes":["051FWCDV5B3EAST"],"floodNames":["The Thames estuary from Shellhaven, to and including Tilbury"]},"geometry":{"type":"LineString","coordinates":[[0.389451,51.461325],[0.391047,51.462949],[0.391886,51.464618],[0.393272,51.467389],[0.394581,51.469997],[0.396152,51.473122],[0.397362,51.475534],[0.398537,51.477883],[0.397353,51.481432],[0.395407,51.484356],[0.393334,51.487463],[0.391685,51.489945],[0.389915,51.492618],[0.385448,51.493214],[0.380216,51.493914],[0.375073,51.494603],[0.367755,51.495584],[0.364201,51.496061],[0.359548,51.496686],[0.355021,51.497291],[0.349197,51.498064],[0.347417,51.500486],[0.345154,51.503546],[0.343006,51.506459],[0.340786,51.509459],[0.338571,51.512472],[0.334643,51.51326],[0.330185,51.512168],[0.327146,51.509311],[0.323933,51.506286],[0.321008,51.503533],[0.319734,51.501714],[0.316966,51.499683],[0.313837,51.497396],[0.31229,51.49532],[0.307202,51.494815],[0.302499,51.494348],[0.296522,51.493559],[0.293142,51.493124],[0.289695,51.492418],[0.28684,51.491865]]}},{"type":"Feature","properties":{"id":"ohl-507","kind":"ohl","name":"HIGH MARNHAM - THURCROFT - WEST MELTON","voltage":"275","towers":"YYL ROUTE","status":"C","gid":10005059,"risk":"LOW","floodCodes":["123FWF636"],"floodNames":["River Don at Kilnhurst"]},"geometry":{"type":"LineString","coordinates":[[-1.244478,53.444966],[-1.246706,53.444621],[-1.251993,53.445773],[-1.255315,53.449163],[-1.258076,53.451986],[-1.26105,53.455029],[-1.264163,53.458206],[-1.266129,53.460213],[-1.27252,53.462301],[-1.276616,53.463634],[-1.282033,53.465408],[-1.286778,53.465919],[-1.29403,53.466702],[-1.298429,53.467174],[-1.300302,53.464517],[-1.302066,53.462005],[-1.304381,53.458711],[-1.306084,53.456289],[-1.307467,53.454326],[-1.309386,53.451599],[-1.310411,53.448802],[-1.315818,53.446661],[-1.319709,53.445087]]}},{"type":"Feature","properties":{"id":"ohl-508","kind":"ohl","name":"HIGH MARNHAM - THURCROFT - WEST MELTON","voltage":"275","towers":"YYL ROUTE","status":"C","gid":10005060,"risk":"SAFE","floodCodes":[],"floodNames":[]},"geometry":{"type":"LineString","coordinates":[[-1.319709,53.445087],[-1.319644,53.445501]]}},{"type":"Feature","properties":{"id":"ohl-509","kind":"ohl","name":"EGGBOROUGH - NEEPSEND - STOCKSBRIDGE","voltage":"400","towers":"YYO ROUTE TWR (001 - 039)","status":"C","gid":10005061,"risk":"MEDIUM","floodCodes":["123FWF617","123FWF568"],"floodNames":["River Don at Sheffield Wednesday, Owlerton","River Loxley at Owlerton"]},"geometry":{"type":"LineString","coordinates":[[-1.596835,53.487904],[-1.59163,53.486621],[-1.586586,53.485637],[-1.581099,53.484565],[-1.579709,53.484257],[-1.578403,53.484007],[-1.575604,53.483496],[-1.571162,53.482629],[-1.564922,53.48141],[-1.562589,53.480757],[-1.560495,53.480219],[-1.55687,53.477808],[-1.556476,53.475722],[-1.555896,53.47265],[-1.555259,53.469241],[-1.55294,53.466348],[-1.550885,53.463777],[-1.54826,53.4605],[-1.546053,53.457735],[-1.545369,53.455409],[-1.543983,53.450623],[-1.5433,53.448299],[-1.542493,53.445504],[-1.53942,53.444463],[-1.536514,53.443468],[-1.531103,53.441617],[-1.527947,53.440526],[-1.526039,53.43821],[-1.523906,53.43561],[-1.521514,53.432697],[-1.519701,53.430477],[-1.515815,53.428258],[-1.5111,53.426506],[-1.506179,53.424674],[-1.505637,53.423695],[-1.504683,53.422087],[-1.503484,53.420001],[-1.50172,53.418436],[-1.499124,53.416117],[-1.497383,53.414715],[-1.493163,53.41187],[-1.491212,53.409741],[-1.489211,53.406755]]}},{"type":"Feature","properties":{"id":"ohl-510","kind":"ohl","name":"EGGBOROUGH - NEEPSEND - STOCKSBRIDGE","voltage":"400","towers":"YYO ROUTE TWR (039 - 4TR004)","status":"C","gid":10005062,"risk":"SAFE","floodCodes":[],"floodNames":[]},"geometry":{"type":"LineString","coordinates":[[-1.596835,53.487904],[-1.601437,53.489176]]}},{"type":"Feature","properties":{"id":"ohl-511","kind":"ohl","name":"DISC NEEPSEND - STOCKSBRIDGE","voltage":"400","towers":"YYO ROUTE TWR (039 - 040)","status":"C","gid":10005063,"risk":"SAFE","floodCodes":[],"floodNames":[]},"geometry":{"type":"LineString","coordinates":[[-1.600586,53.487879],[-1.596835,53.487904]]}},{"type":"Feature","properties":{"id":"ohl-512","kind":"ohl","name":"CAPENHURST - INCE 1","voltage":"132","towers":"YYS ROUTE","status":"C","gid":10005064,"risk":"MEDIUM","floodCodes":["013FWFCH32","013FWTTME8"],"floodNames":["Rivacre Brook at Great Sutton","Irish Sea and Mersey estuary from the Head of the Wirral to Runcorn"]},"geometry":{"type":"LineString","coordinates":[[-2.818045,53.279981],[-2.822036,53.278195],[-2.823894,53.27508],[-2.825771,53.271947],[-2.824278,53.26941],[-2.827171,53.266295],[-2.830074,53.263185],[-2.835209,53.261894],[-2.840406,53.261109],[-2.845599,53.260325],[-2.849811,53.259687],[-2.854702,53.258948],[-2.860185,53.258115],[-2.865385,53.257328],[-2.870416,53.256563],[-2.875131,53.255848],[-2.879815,53.255139],[-2.884493,53.254428],[-2.889416,53.25368],[-2.89533,53.253099],[-2.899995,53.252641],[-2.90531,53.252116],[-2.910947,53.252156],[-2.916045,53.252189],[-2.92158,53.252219],[-2.925508,53.254896],[-2.929447,53.257573],[-2.93349,53.260314],[-2.937227,53.263202],[-2.940924,53.266053]]}},{"type":"Feature","properties":{"id":"ohl-513","kind":"ohl","name":"CAPENHURST - INCE 1","voltage":"132","towers":"YYS ROUTE","status":"C","gid":10005065,"risk":"SAFE","floodCodes":[],"floodNames":[]},"geometry":{"type":"LineString","coordinates":[[-2.940924,53.266053],[-2.944116,53.267602]]}},{"type":"Feature","properties":{"id":"ohl-514","kind":"ohl","name":"ALDWARKE - WEST MELTON","voltage":"275","towers":"YYT ROUTE","status":"C","gid":10005066,"risk":"SAFE","floodCodes":[],"floodNames":[]},"geometry":{"type":"LineString","coordinates":[[-1.375755,53.500874],[-1.377694,53.500779]]}},{"type":"Feature","properties":{"id":"ohl-515","kind":"ohl","name":"HIGH MARNHAM - THURCROFT - WEST MELTON","voltage":"275","towers":"YYT ROUTE","status":"C","gid":10005067,"risk":"LOW","floodCodes":["123FWF482"],"floodNames":["Brook Dike at Wath Upon Dearne"]},"geometry":{"type":"LineString","coordinates":[[-1.319644,53.445501],[-1.316258,53.446905],[-1.311449,53.448897],[-1.310136,53.451699],[-1.308497,53.454062],[-1.310448,53.457018],[-1.313833,53.458616],[-1.31592,53.461737],[-1.317233,53.464872],[-1.315586,53.468509],[-1.318436,53.472285],[-1.322224,53.472525],[-1.327101,53.472836],[-1.333127,53.473223],[-1.338608,53.473568],[-1.340722,53.475847],[-1.343446,53.478784],[-1.346072,53.481611],[-1.348356,53.484067],[-1.351705,53.487679],[-1.354697,53.489746],[-1.358172,53.491608],[-1.362579,53.493974],[-1.365632,53.495616],[-1.368535,53.497175],[-1.37257,53.499343],[-1.375755,53.500874]]}},{"type":"Feature","properties":{"id":"ohl-516","kind":"ohl","name":"SALT END NORTH - SALT END SOUTH","voltage":"275","towers":"YYW ROUTE","status":"C","gid":10005068,"risk":"MEDIUM","floodCodes":["122FWT020"],"floodNames":["North Bank of the Humber estuary at Saltend"]},"geometry":{"type":"LineString","coordinates":[[-0.239282,53.741582],[-0.241798,53.739464],[-0.242392,53.73774]]}},{"type":"Feature","properties":{"id":"ohl-517","kind":"ohl","name":"HEDON - SALT END SOUTH","voltage":"275","towers":"YYW ROUTE","status":"C","gid":10005069,"risk":"LOW","floodCodes":["122FWT020"],"floodNames":["North Bank of the Humber estuary at Saltend"]},"geometry":{"type":"LineString","coordinates":[[-0.237496,53.741894],[-0.239282,53.741582]]}},{"type":"Feature","properties":{"id":"ohl-518","kind":"ohl","name":"GRENDON - STAYTHORPE","voltage":"400","towers":"ZA ROUTE TWR (001A - 002)","status":"C","gid":10005070,"risk":"MEDIUM","floodCodes":["034FWFTRAVRSTAY"],"floodNames":["River Trent at Averham, Staythorpe and Kelham"]},"geometry":{"type":"LineString","coordinates":[[-0.87008,53.075151],[-0.868555,53.076318]]}},{"type":"Feature","properties":{"id":"ohl-519","kind":"ohl","name":"COTTAM - GRENDON","voltage":"400","towers":"ZA ROUTE TWR (002 - ZDA311)","status":"C","gid":10005071,"risk":"MEDIUM","floodCodes":["034FWFTRAVRSTAY"],"floodNames":["River Trent at Averham, Staythorpe and Kelham"]},"geometry":{"type":"LineString","coordinates":[[-0.87008,53.075151],[-0.87008,53.075151],[-0.866654,53.076673]]}},{"type":"Feature","properties":{"id":"ohl-520","kind":"ohl","name":"COTTAM - GRENDON","voltage":"400","towers":"ZA ROUTE TWR (002 - 300C)","status":"C","gid":10005072,"risk":"MEDIUM","floodCodes":["055FWFUWEL03","055FWFUWEL05","034FWFTRFARNWYK","034FWFTRFISKMILL","034FWFTRAVRSTAY","034FWFWRFRISWRKE","034FWFWRASFRDBY","055FWFPMNE01"],"floodNames":["River Jordan in Braybrooke and Little Bowden","River Welland and tributaries in Welham","Rivers Trent & Devon at Farndon riverside properties including Dorner Avenue and Wyke and Marsh Lane","River Trent at Fiskerton Mill including Rolleston Fields, Gorse and Nurseries","River Trent at Averham, Staythorpe and Kelham","River Wreake at Frisby-on-the-Wreake","River Wreake at Asfordby","Isolated properties near the River Nene from Cogenhoe to Great Doddington"]},"geometry":{"type":"LineString","coordinates":[[-0.730908,52.243621],[-0.731083,52.244607],[-0.72817,52.2463],[-0.728413,52.247799],[-0.728776,52.250117],[-0.729202,52.252848],[-0.729668,52.255827],[-0.730128,52.258774],[-0.730629,52.261994],[-0.73115,52.265316],[-0.731642,52.268524],[-0.733368,52.271431],[-0.735101,52.274367],[-0.736399,52.276562],[-0.737773,52.278887],[-0.739755,52.282237],[-0.741427,52.285063],[-0.743341,52.288301],[-0.744912,52.290942],[-0.744318,52.293854],[-0.743703,52.296928],[-0.743034,52.300286],[-0.742411,52.303387],[-0.741793,52.306465],[-0.741105,52.309912],[-0.740586,52.312503],[-0.740103,52.314919],[-0.739452,52.318171],[-0.738875,52.32105],[-0.738277,52.324039],[-0.737651,52.327087],[-0.739748,52.330122],[-0.741759,52.333055],[-0.743487,52.335573],[-0.745661,52.33874],[-0.747134,52.340884],[-0.748841,52.343367],[-0.750352,52.345563],[-0.7529,52.349292],[-0.755839,52.350638],[-0.759969,52.352542],[-0.763909,52.354362],[-0.767377,52.355961],[-0.772165,52.358168],[-0.775747,52.359819],[-0.780424,52.361813],[-0.784654,52.363615],[-0.788458,52.365235],[-0.792386,52.366908],[-0.797293,52.368988],[-0.799755,52.372073],[-0.802029,52.374903],[-0.804372,52.377815],[-0.806529,52.380499],[-0.808594,52.383064],[-0.81128,52.386403],[-0.813035,52.388597],[-0.816011,52.390101],[-0.820432,52.392342],[-0.823987,52.394144],[-0.828887,52.396627],[-0.832614,52.398516],[-0.833266,52.40028],[-0.833895,52.401983],[-0.835432,52.406155],[-0.836213,52.408294],[-0.838594,52.410318],[-0.842009,52.41323],[-0.844772,52.415589],[-0.847797,52.418167],[-0.85095,52.420857],[-0.853644,52.423154],[-0.857053,52.426086],[-0.859677,52.428343],[-0.862508,52.430778],[-0.86571,52.433531],[-0.868617,52.436032],[-0.871873,52.43883],[-0.874664,52.441229],[-0.877739,52.443873],[-0.880863,52.446557],[-0.883753,52.44903],[-0.884143,52.452658],[-0.884445,52.455425],[-0.884746,52.458299],[-0.885161,52.461971],[-0.885456,52.464662],[-0.885799,52.467786],[-0.886182,52.471219],[-0.885161,52.474023],[-0.883858,52.477632],[-0.883014,52.47997],[-0.88157,52.483967],[-0.880708,52.486351],[-0.879502,52.489693],[-0.878386,52.492779],[-0.877164,52.496129],[-0.878432,52.49881],[-0.879573,52.501233],[-0.88087,52.503995],[-0.882172,52.506764],[-0.883669,52.509922],[-0.883182,52.512068],[-0.8824,52.515611],[-0.881746,52.518577],[-0.88103,52.521822],[-0.880301,52.525103],[-0.879647,52.528065],[-0.878854,52.531626],[-0.882131,52.53401],[-0.885418,52.53641],[-0.888134,52.538391],[-0.890985,52.540472],[-0.893685,52.542443],[-0.896686,52.544636],[-0.900378,52.547322],[-0.903493,52.549595],[-0.903542,52.553005],[-0.903591,52.556171],[-0.903637,52.55918],[-0.903687,52.562658],[-0.90373,52.565316],[-0.903778,52.568388],[-0.903814,52.570751],[-0.903873,52.5744],[-0.903917,52.577303],[-0.903964,52.580344],[-0.904022,52.583769],[-0.903111,52.586506],[-0.901914,52.590104],[-0.900931,52.593055],[-0.899776,52.596537],[-0.89886,52.599283],[-0.897681,52.602834],[-0.89686,52.605299],[-0.895762,52.608599],[-0.894675,52.611871],[-0.893615,52.615037],[-0.895347,52.617481],[-0.897879,52.621059],[-0.899319,52.623097],[-0.901414,52.626057],[-0.903004,52.628302],[-0.905663,52.632058],[-0.907264,52.634319],[-0.909304,52.637198],[-0.911509,52.640314],[-0.913105,52.64256],[-0.914557,52.646513],[-0.915372,52.648718],[-0.916553,52.651915],[-0.917622,52.654815],[-0.918517,52.657229],[-0.919786,52.660671],[-0.920817,52.663466],[-0.92215,52.667075],[-0.923673,52.669571],[-0.925755,52.672981],[-0.927178,52.675309],[-0.929242,52.678685],[-0.930535,52.680805],[-0.932104,52.683374],[-0.933471,52.685613],[-0.93537,52.68872],[-0.937033,52.691435],[-0.938856,52.694421],[-0.940743,52.697502],[-0.941663,52.700728],[-0.942585,52.703948],[-0.943444,52.706952],[-0.944157,52.709436],[-0.945132,52.712835],[-0.945913,52.715545],[-0.946789,52.718584],[-0.947637,52.721524],[-0.948547,52.724684],[-0.949476,52.727894],[-0.950366,52.730994],[-0.95161,52.733864],[-0.952924,52.736892],[-0.954275,52.740014],[-0.955531,52.742915],[-0.956819,52.745883],[-0.958245,52.749172],[-0.959492,52.752054],[-0.960827,52.755129],[-0.961832,52.757448],[-0.963139,52.760462],[-0.964196,52.762904],[-0.965246,52.765299],[-0.964074,52.768748],[-0.963052,52.771761],[-0.962085,52.774612],[-0.960999,52.777814],[-0.960021,52.78069],[-0.958862,52.784107],[-0.958176,52.7867],[-0.957259,52.79016],[-0.956454,52.793188],[-0.955828,52.795556],[-0.955037,52.798536],[-0.954185,52.801758],[-0.953362,52.804851],[-0.952683,52.8074],[-0.952927,52.811177],[-0.95315,52.814786],[-0.953335,52.817743],[-0.953518,52.820752],[-0.953734,52.824177],[-0.953916,52.82708],[-0.954129,52.830449],[-0.954321,52.833487],[-0.954207,52.836569],[-0.954092,52.839634],[-0.953963,52.843115],[-0.95386,52.845937],[-0.953736,52.849332],[-0.953611,52.852516],[-0.955625,52.854744],[-0.958111,52.85751],[-0.960759,52.860461],[-0.963301,52.863293],[-0.965623,52.865876],[-0.968161,52.868703],[-0.970924,52.871774],[-0.97293,52.874005],[-0.974952,52.876256],[-0.976827,52.878344],[-0.979055,52.880818],[-0.981627,52.883681],[-0.984139,52.886475],[-0.98673,52.889348],[-0.985484,52.892837],[-0.984452,52.895758],[-0.983245,52.899179],[-0.981044,52.9012],[-0.978366,52.903673],[-0.97551,52.906308],[-0.973041,52.908587],[-0.970163,52.911244],[-0.967275,52.913906],[-0.964381,52.917124],[-0.962618,52.919078],[-0.960201,52.921762],[-0.957986,52.924219],[-0.955812,52.926628],[-0.953172,52.929563],[-0.949973,52.93215],[-0.946979,52.93457],[-0.944425,52.936638],[-0.941983,52.938614],[-0.939594,52.940546],[-0.936366,52.943158],[-0.933335,52.945606],[-0.929965,52.948331],[-0.927316,52.95121],[-0.925128,52.953585],[-0.92241,52.95653],[-0.919856,52.959298],[-0.917303,52.962065],[-0.91469,52.964903],[-0.912156,52.967645],[-0.90966,52.970353],[-0.906903,52.973213],[-0.904185,52.976034],[-0.901854,52.978453],[-0.89923,52.981173],[-0.896373,52.984137],[-0.893809,52.986794],[-0.89131,52.989386],[-0.888953,52.991828],[-0.886667,52.994199],[-0.88399,52.996972],[-0.881213,52.999851],[-0.877635,53.002007],[-0.874013,53.00419],[-0.871088,53.005947],[-0.867226,53.008274],[-0.863474,53.010534],[-0.860212,53.012496],[-0.856407,53.014776],[-0.857456,53.017982],[-0.858502,53.021231],[-0.859516,53.024395],[-0.860536,53.027568],[-0.861574,53.030795],[-0.862652,53.034144],[-0.863633,53.037206],[-0.864726,53.0406],[-0.865655,53.043502],[-0.867155,53.046516],[-0.868686,53.0496],[-0.869604,53.051449],[-0.87124,53.054726],[-0.871053,53.057911],[-0.870911,53.060472],[-0.870735,53.063576],[-0.870569,53.06657],[-0.8704,53.069532],[-0.870225,53.072696],[-0.87013,53.074361],[-0.87008,53.075151]]}},{"type":"Feature","properties":{"id":"ohl-521","kind":"ohl","name":"GRENDON - STAYTHORPE","voltage":"400","towers":"ZA ROUTE TWR (300C - 300D)","status":"C","gid":10005073,"risk":"MEDIUM","floodCodes":["055FWFPMNE01"],"floodNames":["Isolated properties near the River Nene from Cogenhoe to Great Doddington"]},"geometry":{"type":"LineString","coordinates":[[-0.730403,52.242056],[-0.730908,52.243621]]}},{"type":"Feature","properties":{"id":"ohl-522","kind":"ohl","name":"GRENDON - SUNDON 1","voltage":"400","towers":"ZA ROUTE TWR (301 - 418)","status":"C","gid":10005074,"risk":"SAFE","floodCodes":[],"floodNames":[]},"geometry":{"type":"LineString","coordinates":[[-0.502183,51.937876],[-0.501285,51.936188]]}},{"type":"Feature","properties":{"id":"ohl-523","kind":"ohl","name":"GRENDON - SUNDON 2","voltage":"400","towers":"ZA ROUTE TWR (418 - 418A)","status":"C","gid":10005075,"risk":"MEDIUM","floodCodes":["052FWFMOONB","055FWFPNTR01"],"floodNames":["River Great Ouse at Olney and Newton Blossomville","Grendon Brook catchment including Yardley Hastings, Denton, Bozeat, Easton Maudit and Grendon"]},"geometry":{"type":"LineString","coordinates":[[-0.727161,52.24322],[-0.725941,52.240249],[-0.724613,52.237032],[-0.723474,52.234264],[-0.722049,52.230806],[-0.72085,52.227893],[-0.719548,52.224727],[-0.718227,52.221506],[-0.714991,52.218743],[-0.712023,52.2162],[-0.708835,52.213469],[-0.70621,52.211214],[-0.702863,52.20835],[-0.700029,52.205922],[-0.696983,52.203315],[-0.693989,52.200748],[-0.690997,52.198182],[-0.688035,52.195645],[-0.684918,52.192975],[-0.682278,52.190095],[-0.679679,52.187261],[-0.677037,52.18438],[-0.674449,52.181559],[-0.672739,52.178216],[-0.671324,52.17545],[-0.669959,52.172783],[-0.668556,52.170039],[-0.667334,52.167656],[-0.665797,52.16465],[-0.664016,52.161167],[-0.66288,52.158944],[-0.661246,52.15575],[-0.659977,52.153253],[-0.65722,52.151558],[-0.653451,52.149228],[-0.649677,52.146897],[-0.646297,52.144808],[-0.642836,52.142669],[-0.639266,52.140462],[-0.635708,52.138263],[-0.632107,52.136035],[-0.628556,52.133841],[-0.62497,52.131623],[-0.621458,52.129444],[-0.617932,52.12727],[-0.614078,52.124882],[-0.610543,52.122699],[-0.607227,52.120645],[-0.603054,52.118065],[-0.599073,52.116085],[-0.594922,52.11402],[-0.59085,52.111995],[-0.586989,52.110073],[-0.582619,52.107901],[-0.5797,52.106449],[-0.576147,52.104683],[-0.571934,52.102585],[-0.568376,52.100813],[-0.563743,52.098508],[-0.560662,52.096973],[-0.555445,52.094376],[-0.554271,52.091851],[-0.552826,52.088758],[-0.551678,52.0863],[-0.550551,52.08388],[-0.549262,52.081128],[-0.550846,52.078306],[-0.552565,52.075241],[-0.553762,52.073106],[-0.551442,52.070874],[-0.549051,52.068571],[-0.546326,52.065948],[-0.543805,52.063519],[-0.541297,52.061101],[-0.538333,52.058245],[-0.535875,52.055875],[-0.533125,52.053223],[-0.52914,52.051875],[-0.524328,52.050249],[-0.520207,52.048862],[-0.518048,52.045831],[-0.515961,52.042942],[-0.515522,52.039122],[-0.515168,52.036087],[-0.515559,52.033301],[-0.515994,52.030159],[-0.516477,52.026693],[-0.516912,52.023562],[-0.517301,52.020768],[-0.517658,52.018189],[-0.518147,52.014654],[-0.518805,52.011799],[-0.519504,52.00876],[-0.520295,52.005325],[-0.521019,52.002177],[-0.521709,51.999194],[-0.522453,51.995958],[-0.523237,51.99258],[-0.521105,51.989644],[-0.51918,51.986974],[-0.516939,51.983876],[-0.514921,51.981085],[-0.512973,51.978391],[-0.510716,51.975271],[-0.509048,51.972072],[-0.507493,51.969097],[-0.506372,51.966957],[-0.504914,51.964161],[-0.503167,51.960821],[-0.501603,51.957826],[-0.499894,51.954562],[-0.500081,51.952382],[-0.500341,51.949153],[-0.499973,51.947171],[-0.499459,51.944449],[-0.50084,51.942109],[-0.502078,51.940001],[-0.502183,51.937876]]}},{"type":"Feature","properties":{"id":"ohl-524","kind":"ohl","name":"ELSTREE - SUNDON 2","voltage":"400","towers":"ZA ROUTE TWR (419C - 419)","status":"C","gid":10005076,"risk":"SAFE","floodCodes":[],"floodNames":[]},"geometry":{"type":"LineString","coordinates":[[-0.50648,51.933064],[-0.503801,51.934953]]}},{"type":"Feature","properties":{"id":"ohl-525","kind":"ohl","name":"ELSTREE - SUNDON 1","voltage":"400","towers":"ZA ROUTE TWR (419B - 419A - 419)","status":"C","gid":10005077,"risk":"SAFE","floodCodes":[],"floodNames":[]},"geometry":{"type":"LineString","coordinates":[[-0.504535,51.9364],[-0.505092,51.934766],[-0.50648,51.933064]]}},{"type":"Feature","properties":{"id":"ohl-526","kind":"ohl","name":"ELSTREE - SUNDON 1","voltage":"400","towers":"ZA ROUTE TWR (419 - 522)","status":"C","gid":10005078,"risk":"MEDIUM","floodCodes":["062FWF28Watford"],"floodNames":["River Colne at Watford"]},"geometry":{"type":"LineString","coordinates":[[-0.50648,51.933064],[-0.508034,51.93106],[-0.506683,51.928458],[-0.50453,51.924304],[-0.503648,51.922611],[-0.502104,51.919625],[-0.500496,51.916522],[-0.499055,51.913747],[-0.497337,51.910435],[-0.495692,51.907262],[-0.499247,51.904563],[-0.502494,51.902095],[-0.505778,51.899595],[-0.50932,51.897661],[-0.512453,51.895954],[-0.513692,51.894081],[-0.512906,51.891683],[-0.510336,51.889187],[-0.509031,51.885695],[-0.507619,51.884102],[-0.503164,51.881933],[-0.499873,51.880334],[-0.497358,51.878439],[-0.493824,51.875789],[-0.490159,51.873045],[-0.487681,51.869673],[-0.486525,51.868104],[-0.484082,51.864789],[-0.481852,51.861765],[-0.479577,51.85868],[-0.477385,51.855704],[-0.475243,51.852806],[-0.475934,51.851298],[-0.477434,51.847967],[-0.478745,51.845064],[-0.477586,51.842935],[-0.476287,51.840541],[-0.474201,51.836709],[-0.4713,51.834836],[-0.468583,51.833085],[-0.466491,51.831735],[-0.46306,51.829522],[-0.459901,51.827484],[-0.456609,51.825361],[-0.452516,51.82272],[-0.448801,51.820322],[-0.447379,51.818154],[-0.444944,51.814449],[-0.443448,51.812173],[-0.440865,51.808232],[-0.439056,51.805474],[-0.436935,51.802251],[-0.436282,51.799178],[-0.435744,51.796697],[-0.434739,51.792013],[-0.434565,51.791199],[-0.432278,51.788401],[-0.429391,51.784866],[-0.427426,51.782456],[-0.424946,51.779421],[-0.42279,51.776781],[-0.420578,51.774067],[-0.418425,51.771431],[-0.416072,51.768551],[-0.41406,51.766081],[-0.411069,51.762415],[-0.409303,51.76025],[-0.406556,51.756873],[-0.404034,51.753785],[-0.401422,51.750575],[-0.399196,51.747861],[-0.397091,51.744146],[-0.395702,51.741717],[-0.393369,51.737618],[-0.391954,51.735125],[-0.390477,51.733822],[-0.387863,51.7315],[-0.384976,51.728932],[-0.381165,51.725547],[-0.378777,51.723429],[-0.375104,51.720159],[-0.372117,51.717503],[-0.368015,51.714769],[-0.365701,51.7118],[-0.363025,51.708982],[-0.361284,51.70632],[-0.358239,51.704222],[-0.35501,51.702262],[-0.351922,51.700397],[-0.351529,51.696798],[-0.351242,51.694224],[-0.35081,51.690315],[-0.350523,51.687775],[-0.350204,51.684888],[-0.349896,51.682107],[-0.349563,51.679094],[-0.349252,51.676197],[-0.345845,51.674427],[-0.343369,51.673137],[-0.342254,51.670365],[-0.341323,51.668057],[-0.342903,51.665155],[-0.346006,51.66186]]}},{"type":"Feature","properties":{"id":"ohl-527","kind":"ohl","name":"TILBURY - WARLEY 2","voltage":"275","towers":"ZB ROUTE (TWR 1 - 137B)","status":"C","gid":10005079,"risk":"MEDIUM","floodCodes":["051FWCDV5B3EAST"],"floodNames":["The Thames estuary from Shellhaven, to and including Tilbury"]},"geometry":{"type":"LineString","coordinates":[[0.391675,51.462801],[0.391005,51.460938]]}},{"type":"Feature","properties":{"id":"ohl-528","kind":"ohl","name":"TILBURY - WARLEY 1","voltage":"275","towers":"ZB ROUTE (TWR 1 - 137B)","status":"C","gid":10005080,"risk":"MEDIUM","floodCodes":["051FWCDV5B3EAST"],"floodNames":["The Thames estuary from Shellhaven, to and including Tilbury"]},"geometry":{"type":"LineString","coordinates":[[0.390001,51.460936],[0.390532,51.460938],[0.391675,51.462801]]}},{"type":"Feature","properties":{"id":"ohl-529","kind":"ohl","name":"TILBURY - WARLEY 1","voltage":"275","towers":"ZB ROUTE (TWR 1 - 137B)","status":"C","gid":10005081,"risk":"MEDIUM","floodCodes":["051FWCDV5B3EAST"],"floodNames":["The Thames estuary from Shellhaven, to and including Tilbury"]},"geometry":{"type":"LineString","coordinates":[[0.391675,51.462801],[0.392901,51.465248],[0.394396,51.468237],[0.395424,51.470278],[0.396818,51.473055],[0.398396,51.4762],[0.399684,51.478728],[0.39762,51.48183],[0.395873,51.484481],[0.393822,51.487588],[0.392187,51.490076],[0.390319,51.492942],[0.385565,51.493566],[0.380329,51.494265],[0.375191,51.494951],[0.369454,51.495716],[0.364612,51.496362],[0.359659,51.497022],[0.355647,51.497553],[0.350879,51.498178],[0.348832,51.501012],[0.346653,51.503983],[0.344566,51.506826],[0.342643,51.509449],[0.340512,51.512348],[0.338666,51.514744],[0.336521,51.517784],[0.334453,51.520599],[0.332567,51.523168],[0.330496,51.525988],[0.328392,51.528851],[0.326361,51.531612],[0.324231,51.534512],[0.322127,51.537374],[0.320181,51.540021],[0.318242,51.542668],[0.31494,51.545015],[0.311448,51.547502],[0.307929,51.550007],[0.305371,51.551918],[0.3028,51.552549]]}},{"type":"Feature","properties":{"id":"ohl-530","kind":"ohl","name":"ELSTREE - WARLEY 1","voltage":"275","towers":"ZB ROUTE (TWR 1 - 137B)","status":"C","gid":10005082,"risk":"MEDIUM","floodCodes":["062FWF55Harold","062FWF54Ongar","062FWF53Hoddesdn"],"floodNames":["River Ingrebourne at Harold Park","River Roding from Ongar to Stapleford","Lower River Lee at Hoddesdon and Cheshunt"]},"geometry":{"type":"LineString","coordinates":[[-0.005552,51.714165],[0.000548,51.713575],[0.005035,51.711636],[0.010046,51.709475],[0.013825,51.707841],[0.018295,51.70591],[0.022594,51.704051],[0.026967,51.702152],[0.031718,51.702792],[0.036683,51.703453],[0.040833,51.704005],[0.045858,51.704672],[0.051003,51.705356],[0.056137,51.706039],[0.061278,51.706721],[0.066048,51.707357],[0.070376,51.707947],[0.074555,51.70644],[0.079985,51.704508],[0.084639,51.702849],[0.089027,51.701282],[0.09125,51.698858],[0.093949,51.695913],[0.096453,51.693187],[0.098649,51.690773],[0.101941,51.68935],[0.104771,51.686131],[0.108932,51.683556],[0.114169,51.681869],[0.118516,51.681234],[0.12558,51.681765],[0.129115,51.680221],[0.133418,51.678341],[0.136687,51.676911],[0.140955,51.675044],[0.146195,51.672754],[0.149359,51.67137],[0.152497,51.671347],[0.156901,51.671317],[0.161141,51.671287],[0.167494,51.671244],[0.17204,51.671209],[0.176719,51.671189],[0.18212,51.668519],[0.185767,51.666724],[0.18968,51.664799],[0.193161,51.663084],[0.197794,51.660808],[0.202217,51.658631],[0.20543,51.65573],[0.208107,51.65331],[0.210499,51.651151],[0.213062,51.648843],[0.216115,51.646072],[0.218839,51.643608],[0.222361,51.640428],[0.225359,51.637722],[0.22712,51.634374],[0.228717,51.631343],[0.230214,51.628466],[0.2339,51.626714],[0.237701,51.624892],[0.241851,51.622901],[0.245659,51.621076],[0.249971,51.619009],[0.253777,51.6172],[0.254908,51.614687],[0.256417,51.611396],[0.257864,51.608231],[0.259073,51.605598],[0.260218,51.603101],[0.261679,51.599937],[0.259168,51.597305],[0.256196,51.594171],[0.253624,51.591472],[0.251787,51.588633],[0.249318,51.584824],[0.247447,51.581992],[0.249674,51.579588],[0.251507,51.577578],[0.254001,51.574801],[0.258375,51.574237],[0.262941,51.573638],[0.268135,51.572956],[0.272987,51.572315],[0.278727,51.571562],[0.284325,51.570824],[0.28752,51.570407],[0.290679,51.568292],[0.293218,51.565605],[0.295352,51.563342],[0.297829,51.560721],[0.300318,51.558079],[0.303264,51.554959],[0.30438,51.553787],[0.302712,51.553144]]}},{"type":"Feature","properties":{"id":"ohl-531","kind":"ohl","name":"ELSTREE - WARLEY 1","voltage":"275","towers":"ZB ROUTE (TWR 1 - 137B)","status":"C","gid":10005083,"risk":"MEDIUM","floodCodes":["062FWF53Hoddesdn"],"floodNames":["Lower River Lee at Hoddesdon and Cheshunt"]},"geometry":{"type":"LineString","coordinates":[[-0.005552,51.714165],[-0.0094,51.7145]]}},{"type":"Feature","properties":{"id":"ohl-532","kind":"ohl","name":"ELSTREE - WARLEY 2","voltage":"275","towers":"ZB ROUTE (TWR 1 - 137B)","status":"C","gid":10005084,"risk":"MEDIUM","floodCodes":["062FWF53Hoddesdn"],"floodNames":["Lower River Lee at Hoddesdon and Cheshunt"]},"geometry":{"type":"LineString","coordinates":[[-0.009864,51.714383],[-0.005552,51.714165]]}},{"type":"Feature","properties":{"id":"ohl-533","kind":"ohl","name":"ELSTREE - WARLEY 1","voltage":"275","towers":"ZB ROUTE (TWR 1 - 137B)","status":"C","gid":10005085,"risk":"MEDIUM","floodCodes":["062FWF53Hoddesdn"],"floodNames":["Lower River Lee at Hoddesdon and Cheshunt"]},"geometry":{"type":"LineString","coordinates":[[-0.012831,51.715133],[-0.01634,51.715233]]}},{"type":"Feature","properties":{"id":"ohl-534","kind":"ohl","name":"ELSTREE - WARLEY 2","voltage":"275","towers":"ZB ROUTE (TWR 1 - 137B)","status":"C","gid":10005086,"risk":"MEDIUM","floodCodes":["062FWF53Hoddesdn"],"floodNames":["Lower River Lee at Hoddesdon and Cheshunt"]},"geometry":{"type":"LineString","coordinates":[[-0.01634,51.715233],[-0.012624,51.714897]]}},{"type":"Feature","properties":{"id":"ohl-535","kind":"ohl","name":"ELSTREE - WARLEY 1","voltage":"275","towers":"ZB ROUTE (TWR 1 - 137B)","status":"C","gid":10005087,"risk":"MEDIUM","floodCodes":["062FWF53SmallLee","062FWF53Hoddesdn","062FWF28Boreham"],"floodNames":["Small River Lee at Cheshunt","Lower River Lee at Hoddesdon and Cheshunt","Radlett and Borehamwood Brooks at Borehamwood"]},"geometry":{"type":"LineString","coordinates":[[-0.01634,51.715233],[-0.020508,51.715903],[-0.024369,51.716519],[-0.028009,51.717101],[-0.031434,51.717644],[-0.03602,51.718377],[-0.040855,51.719142],[-0.044995,51.72119],[-0.049611,51.72347],[-0.053224,51.725258],[-0.058253,51.725416],[-0.063812,51.725598],[-0.069835,51.725798],[-0.073915,51.725945],[-0.078485,51.724116],[-0.081512,51.722908],[-0.084652,51.721659],[-0.089894,51.719573],[-0.093715,51.718055],[-0.097698,51.71649],[-0.099829,51.713215],[-0.102055,51.709848],[-0.104195,51.706608],[-0.106281,51.703407],[-0.110502,51.701957],[-0.114344,51.700629],[-0.11927,51.698919],[-0.123117,51.696931],[-0.126667,51.695098],[-0.131646,51.692524],[-0.13537,51.6906],[-0.13937,51.688533],[-0.144058,51.687178],[-0.1495,51.685605],[-0.154366,51.684197],[-0.158495,51.683003],[-0.16499,51.681109],[-0.168446,51.681613],[-0.173736,51.682359],[-0.179196,51.683123],[-0.182145,51.68415],[-0.185905,51.685455],[-0.191406,51.685846],[-0.197343,51.686269],[-0.202126,51.686611],[-0.208036,51.687033],[-0.212523,51.686319],[-0.216282,51.685721],[-0.221339,51.684917],[-0.226532,51.684092],[-0.232342,51.684],[-0.237057,51.683925],[-0.240788,51.684288],[-0.245365,51.684733],[-0.250477,51.685231],[-0.255813,51.685749],[-0.260004,51.686156],[-0.263619,51.686521],[-0.266707,51.684188],[-0.269673,51.681973],[-0.272982,51.679496],[-0.275993,51.677243],[-0.280028,51.675966],[-0.285233,51.674322],[-0.290109,51.672781],[-0.293664,51.671657],[-0.297104,51.670568],[-0.300259,51.66957],[-0.30422,51.668316],[-0.308698,51.6669],[-0.313267,51.665454],[-0.317617,51.664077],[-0.321005,51.663004],[-0.324297,51.661963],[-0.326704,51.661083],[-0.32856,51.660402],[-0.330807,51.660337],[-0.33459,51.660227],[-0.338756,51.660094],[-0.34081,51.661364]]}},{"type":"Feature","properties":{"id":"ohl-536","kind":"ohl","name":"TILBURY - WEST THURROCK 1","voltage":"400","towers":"ZBA ROUTE TWR (001 - 008)","status":"C","gid":10005088,"risk":"MEDIUM","floodCodes":["051FWCDV5B3WEST"],"floodNames":["The Thames estuary from Grays to Purfleet-on-Thames, including West Thurrock"]},"geometry":{"type":"LineString","coordinates":[[0.28891,51.471596],[0.288913,51.473944],[0.289081,51.477081],[0.289946,51.479083],[0.287612,51.482169],[0.287677,51.485137],[0.288482,51.4881],[0.28941,51.491095]]}},{"type":"Feature","properties":{"id":"ohl-537","kind":"ohl","name":"LITTLEBROOK - TILBURY 2","voltage":"400","towers":"ZBA ROUTE TWR (008 - 009)","status":"C","gid":10005089,"risk":"LOW","floodCodes":["051FWCDV5B3WEST"],"floodNames":["The Thames estuary from Grays to Purfleet-on-Thames, including West Thurrock"]},"geometry":{"type":"LineString","coordinates":[[0.28941,51.491095],[0.284468,51.491978]]}},{"type":"Feature","properties":{"id":"ohl-538","kind":"ohl","name":"DISC BARKING - TILBURY","voltage":"400","towers":"ZBA ROUTE TWR (010 - 052)","status":"C","gid":10005090,"risk":"MEDIUM","floodCodes":["063FWT23Barking","051FWFEF7C","062FWB55Dagenham","051FWCDV5B3WEST"],"floodNames":["Tidal Thames from The Mardyke to Barking Creek","The Mardyke from North Stifford to Purfleet-on-Thames","River Beam at Dagenham","The Thames estuary from Grays to Purfleet-on-Thames, including West Thurrock"]},"geometry":{"type":"LineString","coordinates":[[0.284468,51.491978],[0.278175,51.491416],[0.272724,51.490695],[0.269437,51.490906],[0.266472,51.491098],[0.262937,51.489868],[0.257952,51.488125],[0.252905,51.488121],[0.249241,51.488113],[0.244019,51.488097],[0.239397,51.489711],[0.236923,51.490566],[0.234002,51.492131],[0.229943,51.494298],[0.227831,51.495425],[0.223897,51.497744],[0.222336,51.501013],[0.21693,51.501852],[0.213468,51.5039],[0.210106,51.50588],[0.205829,51.508398],[0.203523,51.508017],[0.200602,51.509821],[0.196754,51.512192],[0.192904,51.514566],[0.190749,51.515801],[0.18763,51.517408],[0.184173,51.516654],[0.18096,51.51595],[0.176198,51.517937],[0.172541,51.519456],[0.16836,51.521068],[0.163677,51.521726],[0.160803,51.522585],[0.155165,51.523785],[0.151677,51.524841],[0.148721,51.525169],[0.147133,51.524772],[0.144058,51.525865],[0.141186,51.526123],[0.136274,51.52595],[0.131068,51.525862],[0.1268,51.5261],[0.122219,51.5268],[0.118699,51.525139],[0.115261,51.523652]]}},{"type":"Feature","properties":{"id":"ohl-539","kind":"ohl","name":"BRINSWORTH - JORDANTHORPE","voltage":"275","towers":"ZBB ROUTE","status":"C","gid":10005091,"risk":"LOW","floodCodes":["123FWF711"],"floodNames":["River Rother at Woodhouse Mill"]},"geometry":{"type":"LineString","coordinates":[[-1.447267,53.336918],[-1.44533,53.33682],[-1.441233,53.335488],[-1.437474,53.335208],[-1.431962,53.33479],[-1.427421,53.334448],[-1.422531,53.334076],[-1.416355,53.334801],[-1.411726,53.33534],[-1.405845,53.336028],[-1.401499,53.336536],[-1.397707,53.336978],[-1.392794,53.337547],[-1.3864,53.338806],[-1.381504,53.339512],[-1.376765,53.340201],[-1.370874,53.341054],[-1.366222,53.341729],[-1.362335,53.342294],[-1.356562,53.343123],[-1.353728,53.346205],[-1.351164,53.348984],[-1.349057,53.351264],[-1.346648,53.353874],[-1.345024,53.355631],[-1.34382,53.356934],[-1.341197,53.359772],[-1.33855,53.362637],[-1.336242,53.365136],[-1.333913,53.367645],[-1.33555,53.370684],[-1.337151,53.373707],[-1.338566,53.37635],[-1.340768,53.380488],[-1.341685,53.382208],[-1.34217,53.384442],[-1.342934,53.387909],[-1.343559,53.390737],[-1.344099,53.393209],[-1.346012,53.394662],[-1.348969,53.396897],[-1.352099,53.399249],[-1.351514,53.400513]]}},{"type":"Feature","properties":{"id":"ohl-540","kind":"ohl","name":"BARKING - REDBRIDGE 1","voltage":"275","towers":"ZBH ROUTE","status":"C","gid":10005092,"risk":"MEDIUM","floodCodes":["063FWT23Barking","063FWT23Roding","062FWF54Barking","062FWF54Redbridg"],"floodNames":["Tidal Thames from The Mardyke to Barking Creek","Tidal Thames at Beckton Sewage Works","River Roding in Barking","River Roding in Redbridge"]},"geometry":{"type":"LineString","coordinates":[[0.11114,51.52135],[0.106387,51.521202],[0.101995,51.521058],[0.098742,51.521016],[0.094028,51.522812],[0.089934,51.524374],[0.087549,51.525285],[0.083327,51.525064],[0.079537,51.52486],[0.077075,51.525951],[0.074236,51.528376],[0.071862,51.530405],[0.070335,51.532965],[0.068964,51.535264],[0.067848,51.536339],[0.066458,51.53876],[0.066025,51.541709],[0.067766,51.544835],[0.067918,51.548314],[0.067204,51.551454],[0.066478,51.554731],[0.064589,51.556415],[0.061151,51.556541],[0.060102,51.557097],[0.05646,51.558734],[0.054007,51.560291],[0.052056,51.562175],[0.050321,51.565679],[0.04906,51.568195],[0.048112,51.570101],[0.044419,51.572429],[0.040474,51.574087],[0.040024,51.576508],[0.041887,51.577982],[0.04004,51.580967],[0.038317,51.584654],[0.039633,51.586128],[0.041571,51.587571],[0.044288,51.588213],[0.044274,51.588745]]}},{"type":"Feature","properties":{"id":"ohl-541","kind":"ohl","name":"BARKING - REDBRIDGE 1","voltage":"275","towers":"ZBH ROUTE","status":"C","gid":10005093,"risk":"MEDIUM","floodCodes":["063FWT23Barking"],"floodNames":["Tidal Thames from The Mardyke to Barking Creek"]},"geometry":{"type":"LineString","coordinates":[[0.113982,51.521386],[0.11114,51.52135]]}},{"type":"Feature","properties":{"id":"ohl-542","kind":"ohl","name":"BARKING - REDBRIDGE 2","voltage":"275","towers":"ZBH ROUTE","status":"C","gid":10005094,"risk":"MEDIUM","floodCodes":["063FWT23Barking"],"floodNames":["Tidal Thames from The Mardyke to Barking Creek"]},"geometry":{"type":"LineString","coordinates":[[0.11114,51.52135],[0.114058,51.52162]]}},{"type":"Feature","properties":{"id":"ohl-543","kind":"ohl","name":"IVER - WEST WEYBRIDGE","voltage":"275","towers":"ZC ROUTE (TWR 116A - 142)","status":"C","gid":10005095,"risk":"MEDIUM","floodCodes":["062FWF31Ashford"],"floodNames":["River Ash at Ashford and Staines"]},"geometry":{"type":"LineString","coordinates":[[-0.472449,51.423974],[-0.471871,51.424497],[-0.471871,51.424497]]}},{"type":"Feature","properties":{"id":"ohl-544","kind":"ohl","name":"LALEHAM - WEST WEYBRIDGE","voltage":"275","towers":"ZC ROUTE (TWR 116A - 142)","status":"C","gid":10005096,"risk":"MEDIUM","floodCodes":["061FWF29XChrtsy","061FWF23XShepG","061FWF23Chertsey","061FWF23ShepGrn","062FWF31Ashford","061FWF30RiveDtch","061FWF29Addstne","061FWF30Weybrdge"],"floodNames":["Areas of Chertsey closest to the Chertsey Bourne","Properties closest to the River Thames from Littleton Lane, Shepperton Green to Shepperton Lock","River Thames at Chertsey","River Thames at Shepperton Green","River Ash at Ashford and Staines","The Rive Ditch at Woodham","Addlestone Bourne at Addlestone","River Wey at Weybridge"]},"geometry":{"type":"LineString","coordinates":[[-0.47913,51.353077],[-0.47637,51.355756],[-0.476716,51.358737],[-0.477094,51.362078],[-0.475324,51.365203],[-0.471439,51.367145],[-0.47009,51.369667],[-0.468973,51.371702],[-0.468881,51.373608],[-0.47038,51.376046],[-0.471863,51.378538],[-0.473182,51.380786],[-0.473651,51.383984],[-0.474158,51.38774],[-0.476321,51.390988],[-0.477866,51.393368],[-0.477244,51.396932],[-0.476612,51.400561],[-0.475997,51.404087],[-0.475463,51.407306],[-0.474948,51.410258],[-0.476895,51.412666],[-0.478701,51.414904],[-0.47722,51.417199],[-0.475652,51.41964],[-0.474199,51.421947],[-0.472449,51.423974],[-0.472449,51.423974]]}},{"type":"Feature","properties":{"id":"ohl-545","kind":"ohl","name":"HIGH MARNHAM - STOKE BARDOLPH","voltage":"400","towers":"ZD ROUTE TWR (001B - 002)","status":"C","gid":10005097,"risk":"MEDIUM","floodCodes":["034FWFTRAVRSTAY"],"floodNames":["River Trent at Averham, Staythorpe and Kelham"]},"geometry":{"type":"LineString","coordinates":[[-0.873687,53.07927],[-0.871089,53.078792]]}},{"type":"Feature","properties":{"id":"ohl-546","kind":"ohl","name":"RATCLIFFE ON SOAR - STAYTHORPE","voltage":"400","towers":"ZD ROUTE TWR (001 - 002)","status":"C","gid":10005098,"risk":"MEDIUM","floodCodes":["034FWFTRAVRSTAY"],"floodNames":["River Trent at Averham, Staythorpe and Kelham"]},"geometry":{"type":"LineString","coordinates":[[-0.873687,53.07927],[-0.869668,53.077969]]}},{"type":"Feature","properties":{"id":"ohl-547","kind":"ohl","name":"RATCLIFFE - WILLINGTON EAST 1","voltage":"400","towers":"ZD ROUTE TWR (138 - 200A)","status":"C","gid":10005099,"risk":"MEDIUM","floodCodes":["034FWFSORATSOAR","034FWFTRLOCKHEM","034FWFSOKEGWORTH","034FWFSOREDKEG","034FWFTRSWARKST","034FWFTRRPTING","034FWFTRTWYFORD"],"floodNames":["River Soar at Ratcliffe on Soar","River Trent at Hemington Ponds, Hole and Fields","River Soar at Kegworth","River Soar at Redhill and Kegworth Bridge","River Trent at Swarkestone","River Trent at Willington around Repton Road","River Trent at Twyford"]},"geometry":{"type":"LineString","coordinates":[[-1.548404,52.855154],[-1.546519,52.853394],[-1.542519,52.851082],[-1.539131,52.849124],[-1.535535,52.847036],[-1.531208,52.846842],[-1.526336,52.846618],[-1.522254,52.84643],[-1.517075,52.846191],[-1.511622,52.845936],[-1.50628,52.845693],[-1.500585,52.845429],[-1.495958,52.845215],[-1.489788,52.844927],[-1.484205,52.84467],[-1.479477,52.844456],[-1.47574,52.843375],[-1.471329,52.842105],[-1.466156,52.840617],[-1.461371,52.839239],[-1.456393,52.838735],[-1.452557,52.838346],[-1.448652,52.837952],[-1.443076,52.839124],[-1.438239,52.841109],[-1.434127,52.842802],[-1.429772,52.844592],[-1.425132,52.846499],[-1.421163,52.848129],[-1.416999,52.849842],[-1.412291,52.851774],[-1.408688,52.853258],[-1.403542,52.852494],[-1.398927,52.851808],[-1.393557,52.851017],[-1.388547,52.850275],[-1.384568,52.850759],[-1.378935,52.851437],[-1.373604,52.852075],[-1.368272,52.852718],[-1.362908,52.853365],[-1.357585,52.854006],[-1.354476,52.854378],[-1.349365,52.855073],[-1.344248,52.855771],[-1.338949,52.856493],[-1.334002,52.857164],[-1.329926,52.8573],[-1.323287,52.857525],[-1.318071,52.857698],[-1.313721,52.857844],[-1.311664,52.857912],[-1.307712,52.857429],[-1.30288,52.856838],[-1.298523,52.856305],[-1.292885,52.855615],[-1.287879,52.855002],[-1.282332,52.854324],[-1.277647,52.853749],[-1.271754,52.853027],[-1.267881,52.852552],[-1.262904,52.853166],[-1.260962,52.856435],[-1.259206,52.859397],[-1.257367,52.862475]]}},{"type":"Feature","properties":{"id":"ohl-548","kind":"ohl","name":"RATCLIFFE - WILLINGTON EAST 1","voltage":"400","towers":"ZD ROUTE TWR (200A - 200D)","status":"C","gid":10005100,"risk":"LOW","floodCodes":["034FWFTRTWYFORD","034FWFTRWLLNGTN"],"floodNames":["River Trent at Twyford","River Trent at Willington"]},"geometry":{"type":"LineString","coordinates":[[-1.550602,52.855334],[-1.548404,52.855154]]}},{"type":"Feature","properties":{"id":"ohl-549","kind":"ohl","name":"RATCLIFFE - WILLINGTON EAST 2","voltage":"400","towers":"ZD ROUTE TWR (200A - ZSA001B)","status":"C","gid":10005101,"risk":"LOW","floodCodes":["034FWFTRTWYFORD","034FWFTRWLLNGTN"],"floodNames":["River Trent at Twyford","River Trent at Willington"]},"geometry":{"type":"LineString","coordinates":[[-1.548404,52.855154],[-1.551534,52.854941]]}},{"type":"Feature","properties":{"id":"ohl-550","kind":"ohl","name":"COTTAM - KEADBY 1","voltage":"400","towers":"ZDA ROUTE TWR (130 - 189)","status":"C","gid":10005102,"risk":"MEDIUM","floodCodes":["034FWBTRKEADBY","034FWBTRBECKHAM","034FWBTROWSTON","034FWBTRCROWLE","034FWBTRHATFIELD"],"floodNames":["River Trent at Keadby","River Trent at Beckingham Marsh","River Trent at Owston Ferry","River Trent at Crowle","River Trent at Hatfield Chase"]},"geometry":{"type":"LineString","coordinates":[[-0.755447,53.596973],[-0.755142,53.594423],[-0.752782,53.594061],[-0.75295,53.592752],[-0.75477,53.589159],[-0.756372,53.585988],[-0.757988,53.58279],[-0.759546,53.579695],[-0.761162,53.576491],[-0.762985,53.572881],[-0.764512,53.569847],[-0.766238,53.566431],[-0.767572,53.563413],[-0.769012,53.560159],[-0.770286,53.557277],[-0.771657,53.554177],[-0.773073,53.550984],[-0.774569,53.547587],[-0.775791,53.54482],[-0.777266,53.541486],[-0.778576,53.538515],[-0.779903,53.535517],[-0.781277,53.532405],[-0.782701,53.52918],[-0.784375,53.52539],[-0.785768,53.52223],[-0.787075,53.51924],[-0.788349,53.516323],[-0.789794,53.513019],[-0.790985,53.510285],[-0.792538,53.506726],[-0.793895,53.503624],[-0.795361,53.50026],[-0.796627,53.497366],[-0.797771,53.494692],[-0.799387,53.490909],[-0.800768,53.487684],[-0.802183,53.484369],[-0.803466,53.481366],[-0.804558,53.478814],[-0.805897,53.475675],[-0.807376,53.472211],[-0.808486,53.469758],[-0.809881,53.466676],[-0.811157,53.463859],[-0.812307,53.461314],[-0.813479,53.458717],[-0.816237,53.455478],[-0.818927,53.452315],[-0.821677,53.449086],[-0.822801,53.445438],[-0.823755,53.442342],[-0.82444,53.440131],[-0.823671,53.43667],[-0.822936,53.433342],[-0.822304,53.43049],[-0.821551,53.427095],[-0.820975,53.424489],[-0.820319,53.421522],[-0.819687,53.41868],[-0.817078,53.416336]]}},{"type":"Feature","properties":{"id":"ohl-551","kind":"ohl","name":"COTTAM - KEADBY 1","voltage":"400","towers":"ZDA ROUTE TWR (189 - 189A - 189B - 190)","status":"C","gid":10005103,"risk":"MEDIUM","floodCodes":["034FWBTRBECKHAM"],"floodNames":["River Trent at Beckingham Marsh"]},"geometry":{"type":"LineString","coordinates":[[-0.817078,53.416336],[-0.816901,53.415766],[-0.818234,53.4151],[-0.818893,53.415075]]}},{"type":"Feature","properties":{"id":"ohl-552","kind":"ohl","name":"COTTAM - KEADBY 1","voltage":"400","towers":"ZDA ROUTE TWR (190 - 210A - 4VE001A)","status":"C","gid":10005104,"risk":"MEDIUM","floodCodes":["034FWBTRCOTTAM","034FWBTRLEA","034FWBTRBECKHAM"],"floodNames":["River Trent at Cottam","River Trent at Lea","River Trent at Beckingham Marsh"]},"geometry":{"type":"LineString","coordinates":[[-0.818893,53.415075],[-0.818221,53.412052],[-0.817454,53.408568],[-0.816684,53.405105],[-0.816039,53.402177],[-0.815399,53.399272],[-0.814712,53.396158],[-0.814138,53.393341],[-0.813783,53.390054],[-0.813427,53.386265],[-0.81314,53.383129],[-0.812923,53.380772],[-0.813434,53.377302],[-0.813853,53.374475],[-0.814143,53.372503],[-0.814571,53.36962],[-0.815001,53.366684],[-0.815491,53.363372],[-0.814934,53.361413],[-0.813328,53.359393],[-0.811239,53.3575],[-0.808412,53.357718]]}},{"type":"Feature","properties":{"id":"ohl-553","kind":"ohl","name":"KEADBY - WEST BURTON 1","voltage":"400","towers":"ZDA ROUTE TWR (4TM001 - 210C)","status":"C","gid":10005105,"risk":"LOW","floodCodes":["034FWBTRCOTTAM"],"floodNames":["River Trent at Cottam"]},"geometry":{"type":"LineString","coordinates":[[-0.809746,53.35802],[-0.810977,53.3581]]}},{"type":"Feature","properties":{"id":"ohl-554","kind":"ohl","name":"KEADBY - WEST BURTON 2","voltage":"400","towers":"ZDA ROUTE TWR (4TM001-210F-210C-4VE001)","status":"C","gid":10005106,"risk":"LOW","floodCodes":["034FWBTRCOTTAM"],"floodNames":["River Trent at Cottam"]},"geometry":{"type":"LineString","coordinates":[[-0.810977,53.3581],[-0.810254,53.357906],[-0.809746,53.35802],[-0.808323,53.358442]]}},{"type":"Feature","properties":{"id":"ohl-555","kind":"ohl","name":"COTTAM - WEST BURTON","voltage":"400","towers":"ZDA ROUTE TWR (210C-210E-210B-210D)","status":"C","gid":10005107,"risk":"MEDIUM","floodCodes":["034FWBTRCOTTAM"],"floodNames":["River Trent at Cottam"]},"geometry":{"type":"LineString","coordinates":[[-0.809746,53.35802],[-0.809157,53.358226],[-0.809211,53.357531],[-0.809411,53.356793]]}},{"type":"Feature","properties":{"id":"ohl-556","kind":"ohl","name":"COTTAM - WEST BURTON","voltage":"400","towers":"ZDA ROUTE TWR (210D - 227A)","status":"C","gid":10005108,"risk":"MEDIUM","floodCodes":["034FWBTRCOTTAM"],"floodNames":["River Trent at Cottam"]},"geometry":{"type":"LineString","coordinates":[[-0.809411,53.356793],[-0.809623,53.356329],[-0.810872,53.353599],[-0.809178,53.350016],[-0.807593,53.346655],[-0.806115,53.343524],[-0.804632,53.340386],[-0.803081,53.337104],[-0.801503,53.333757],[-0.799866,53.330288],[-0.798293,53.32696],[-0.796752,53.323685],[-0.795307,53.320622],[-0.793912,53.317665],[-0.792786,53.315275],[-0.791529,53.312609],[-0.790161,53.309703],[-0.789167,53.307597],[-0.787487,53.304029],[-0.786416,53.301706]]}},{"type":"Feature","properties":{"id":"ohl-557","kind":"ohl","name":"COTTAM - WEST BURTON","voltage":"400","towers":"ZDA ROUTE TWR (227A - 227B - 227C)","status":"C","gid":10005109,"risk":"MEDIUM","floodCodes":["034FWBTRCOTTAM"],"floodNames":["River Trent at Cottam"]},"geometry":{"type":"LineString","coordinates":[[-0.786416,53.301706],[-0.78429,53.300597],[-0.783351,53.300186]]}},{"type":"Feature","properties":{"id":"ohl-558","kind":"ohl","name":"HIGH MARNHAM - WEST BURTON","voltage":"400","towers":"ZDA ROUTE TWR (227A - 228B)","status":"C","gid":10005110,"risk":"MEDIUM","floodCodes":["034FWBTRCOTTAM"],"floodNames":["River Trent at Cottam"]},"geometry":{"type":"LineString","coordinates":[[-0.786416,53.301706],[-0.784771,53.299647]]}},{"type":"Feature","properties":{"id":"ohl-559","kind":"ohl","name":"COTTAM - STAYTHORPE 1","voltage":"400","towers":"ZDA ROUTE TWR (228B - CABLE)","status":"C","gid":10005111,"risk":"MEDIUM","floodCodes":["034FWBTRCOTTAM"],"floodNames":["River Trent at Cottam"]},"geometry":{"type":"LineString","coordinates":[[-0.784771,53.299647],[-0.7845,53.299989]]}},{"type":"Feature","properties":{"id":"ohl-560","kind":"ohl","name":"COTTAM - STAYTHORPE 1","voltage":"400","towers":"ZDA ROUTE TWR (228B - 247)","status":"C","gid":10005112,"risk":"MEDIUM","floodCodes":["034FWBTRLANEHAM","034FWBTRCOTTAM","034FWBTRFLEDBORO"],"floodNames":["River Trent at Laneham and Church Laneham","River Trent at Cottam","River Trent at Fledborough and Ragnall"]},"geometry":{"type":"LineString","coordinates":[[-0.784771,53.299647],[-0.784538,53.297781],[-0.785261,53.294744],[-0.785945,53.291848],[-0.786646,53.288885],[-0.78739,53.285739],[-0.788069,53.282852],[-0.788846,53.279563],[-0.789653,53.276163],[-0.790488,53.272626],[-0.791129,53.269918],[-0.791814,53.267013],[-0.792493,53.264137],[-0.793016,53.260803],[-0.793496,53.257744],[-0.793821,53.255693],[-0.794314,53.252554],[-0.794792,53.249512],[-0.795288,53.246354],[-0.795829,53.242889],[-0.796284,53.240041]]}},{"type":"Feature","properties":{"id":"ohl-561","kind":"ohl","name":"COTTAM - STAYTHORPE 1","voltage":"400","towers":"ZDA ROUTE TWR (247 - 248 - 248B)","status":"C","gid":10005113,"risk":"MEDIUM","floodCodes":["034FWBTRFLEDBORO"],"floodNames":["River Trent at Fledborough and Ragnall"]},"geometry":{"type":"LineString","coordinates":[[-0.796284,53.240041],[-0.792836,53.238246],[-0.790512,53.237042]]}},{"type":"Feature","properties":{"id":"ohl-562","kind":"ohl","name":"HIGH MARNHAM - WEST BURTON","voltage":"400","towers":"ZDA ROUTE TWR (247-248A-251A-252B-252A)","status":"C","gid":10005114,"risk":"MEDIUM","floodCodes":["034FWBTRFLEDBORO"],"floodNames":["River Trent at Fledborough and Ragnall"]},"geometry":{"type":"LineString","coordinates":[[-0.796284,53.240041],[-0.796911,53.23788],[-0.797738,53.235029],[-0.798402,53.232726],[-0.799274,53.229839],[-0.796892,53.22793],[-0.796426,53.228652]]}},{"type":"Feature","properties":{"id":"ohl-563","kind":"ohl","name":"DISC HIGH MARNHAM ROUTE","voltage":"400","towers":"ZDA ROUTE TWR (248B - 248F)","status":"C","gid":10005115,"risk":"MEDIUM","floodCodes":["034FWBTRFLEDBORO"],"floodNames":["River Trent at Fledborough and Ragnall"]},"geometry":{"type":"LineString","coordinates":[[-0.790512,53.237042],[-0.793352,53.235047],[-0.796083,53.233133],[-0.795972,53.231416],[-0.795784,53.228565]]}},{"type":"Feature","properties":{"id":"ohl-564","kind":"ohl","name":"COTTAM - STAYTHORPE 1","voltage":"400","towers":"ZDA ROUTE TWR (248B - 249 - 251)","status":"C","gid":10005116,"risk":"MEDIUM","floodCodes":["034FWBTRMARNHAM","034FWBTRFLEDBORO"],"floodNames":["River Trent at High Marnham and Low Marnham","River Trent at Fledborough and Ragnall"]},"geometry":{"type":"LineString","coordinates":[[-0.790512,53.237042],[-0.787651,53.235549],[-0.784006,53.233653],[-0.784639,53.230463]]}},{"type":"Feature","properties":{"id":"ohl-565","kind":"ohl","name":"COTTAM - STAYTHORPE 1","voltage":"400","towers":"ZDF ROUTE TWR (002 - 057)","status":"C","gid":10005117,"risk":"MEDIUM","floodCodes":["034FWBTRMARNHAM","034FWFTRAVRSTAY"],"floodNames":["River Trent at High Marnham and Low Marnham","River Trent at Averham, Staythorpe and Kelham"]},"geometry":{"type":"LineString","coordinates":[[-0.793654,53.225393],[-0.796748,53.224637],[-0.800582,53.223698],[-0.804773,53.222672],[-0.807444,53.222018],[-0.809914,53.221415],[-0.81339,53.220561],[-0.815815,53.219972],[-0.819024,53.219185],[-0.82363,53.218071],[-0.825817,53.214962],[-0.82798,53.211923],[-0.829495,53.209476],[-0.83132,53.20653],[-0.833472,53.203067],[-0.834628,53.201193],[-0.836666,53.198377],[-0.838756,53.195487],[-0.840668,53.192845],[-0.84251,53.190301],[-0.844791,53.187143],[-0.847177,53.183848],[-0.849203,53.18104],[-0.851431,53.177968],[-0.853439,53.174728],[-0.855114,53.172025],[-0.857181,53.168699],[-0.859068,53.165664],[-0.861034,53.162493],[-0.86207,53.159451],[-0.863161,53.156242],[-0.864227,53.153105],[-0.865168,53.150337],[-0.866324,53.146937],[-0.867464,53.143581],[-0.86845,53.140682],[-0.869497,53.13759],[-0.870663,53.134157],[-0.871405,53.131971],[-0.87249,53.128774],[-0.873553,53.125645],[-0.874606,53.122757],[-0.875701,53.119755],[-0.876953,53.116321],[-0.878054,53.113302],[-0.879195,53.110181],[-0.879622,53.106828],[-0.880088,53.1032],[-0.880507,53.09993],[-0.880837,53.097365],[-0.881207,53.09447],[-0.881585,53.091536],[-0.878763,53.08887],[-0.875796,53.086058],[-0.872537,53.082984],[-0.869923,53.080514]]}},{"type":"Feature","properties":{"id":"ohl-566","kind":"ohl","name":"COTTAM - STAYTHORPE 1","voltage":"400","towers":"ZDF ROUTE TWR (057 - ZD001)","status":"C","gid":10005118,"risk":"MEDIUM","floodCodes":["034FWFTRAVRSTAY"],"floodNames":["River Trent at Averham, Staythorpe and Kelham"]},"geometry":{"type":"LineString","coordinates":[[-0.869923,53.080514],[-0.869668,53.077969]]}},{"type":"Feature","properties":{"id":"ohl-567","kind":"ohl","name":"HIGH MARNHAM - STOKE BARDOLPH","voltage":"400","towers":"ZDF ROUTE TWR (057 - ZD001B)","status":"C","gid":10005119,"risk":"MEDIUM","floodCodes":["034FWFTRAVRSTAY"],"floodNames":["River Trent at Averham, Staythorpe and Kelham"]},"geometry":{"type":"LineString","coordinates":[[-0.869923,53.080514],[-0.871089,53.078792]]}},{"type":"Feature","properties":{"id":"ohl-568","kind":"ohl","name":"DRAKELOW - WILLINGTON EAST","voltage":"400","towers":"ZE ROUTE TWR (001A - ZS004)","status":"C","gid":10005120,"risk":"SAFE","floodCodes":[],"floodNames":[]},"geometry":{"type":"LineString","coordinates":[[-1.65102,52.77349],[-1.650356,52.771871]]}},{"type":"Feature","properties":{"id":"ohl-569","kind":"ohl","name":"CELLARHEAD - DRAKELOW 2","voltage":"400","towers":"ZE ROUTE TWR (001A - 001D - 002)","status":"C","gid":10005121,"risk":"SAFE","floodCodes":[],"floodNames":[]},"geometry":{"type":"LineString","coordinates":[[-1.656057,52.772981],[-1.653337,52.775421],[-1.651736,52.775784],[-1.650251,52.775073],[-1.65102,52.77349]]}},{"type":"Feature","properties":{"id":"ohl-570","kind":"ohl","name":"CELLARHEAD - DRAKELOW 1","voltage":"400","towers":"ZE ROUTE TWR (002 - ZN002A)","status":"C","gid":10005122,"risk":"SAFE","floodCodes":[],"floodNames":[]},"geometry":{"type":"LineString","coordinates":[[-1.656057,52.772981],[-1.655142,52.773178]]}},{"type":"Feature","properties":{"id":"ohl-571","kind":"ohl","name":"CELLARHEAD - DRAKELOW 1","voltage":"400","towers":"ZE ROUTE TWR (002 - 137)","status":"C","gid":10005123,"risk":"MEDIUM","floodCodes":["033FWF3TRENT14"],"floodNames":["River Trent at Catton, Barton under Needwood and Branston Water Park"]},"geometry":{"type":"LineString","coordinates":[[-2.08007,53.040948],[-2.080063,53.040922],[-2.079317,53.037629],[-2.078781,53.035263],[-2.078057,53.032078],[-2.077309,53.028794],[-2.076693,53.026079],[-2.074503,53.022956],[-2.072741,53.020441],[-2.071069,53.018057],[-2.069364,53.015618],[-2.066825,53.011993],[-2.065097,53.00952],[-2.062605,53.005963],[-2.060709,53.00326],[-2.058383,52.99993],[-2.056487,52.997218],[-2.054323,52.994128],[-2.052255,52.991168],[-2.050686,52.988918],[-2.048058,52.985157],[-2.04528,52.982643],[-2.042511,52.980136],[-2.039459,52.977372],[-2.036455,52.974648],[-2.033694,52.972143],[-2.030525,52.969269],[-2.027618,52.966636],[-2.025178,52.964424],[-2.021954,52.961499],[-2.019945,52.959675],[-2.017595,52.957543],[-2.014923,52.955122],[-2.012014,52.952484],[-2.007339,52.95084],[-2.002816,52.949249],[-1.998067,52.947574],[-1.995388,52.946635],[-1.991275,52.945185],[-1.986669,52.943564],[-1.983758,52.94254],[-1.97828,52.94061],[-1.973937,52.939083],[-1.969303,52.937446],[-1.964559,52.935771],[-1.959891,52.934126],[-1.955287,52.932503],[-1.952095,52.931078],[-1.948106,52.929309],[-1.943999,52.92748],[-1.939884,52.925649],[-1.935814,52.923837],[-1.931713,52.922011],[-1.92744,52.920108],[-1.922979,52.918121],[-1.918658,52.916196],[-1.915317,52.914707],[-1.91161,52.913055],[-1.907301,52.911134],[-1.905501,52.907899],[-1.903875,52.904977],[-1.902568,52.902631],[-1.90083,52.899512],[-1.899817,52.897692],[-1.898223,52.894827],[-1.89664,52.891981],[-1.895119,52.889248],[-1.893363,52.886094],[-1.891651,52.883014],[-1.889891,52.879849],[-1.888184,52.876771],[-1.885649,52.874149],[-1.882929,52.871319],[-1.881027,52.869343],[-1.878955,52.86719],[-1.876448,52.864586],[-1.873973,52.862015],[-1.871436,52.859377],[-1.868995,52.85684],[-1.866583,52.85433],[-1.864308,52.851963],[-1.861687,52.84924],[-1.859232,52.846688],[-1.85698,52.844346],[-1.854705,52.841979],[-1.851751,52.840162],[-1.848649,52.838258],[-1.845341,52.836224],[-1.842346,52.834382],[-1.83924,52.832469],[-1.836457,52.830757],[-1.833421,52.828888],[-1.830289,52.82696],[-1.827068,52.824975],[-1.823897,52.823022],[-1.820595,52.820988],[-1.81659,52.81852],[-1.813025,52.816324],[-1.809866,52.814379],[-1.806264,52.812165],[-1.804833,52.810186],[-1.803003,52.807673],[-1.801412,52.805487],[-1.79938,52.802691],[-1.797525,52.80014],[-1.795541,52.797409],[-1.79353,52.794639],[-1.791826,52.792306],[-1.78801,52.791002],[-1.783953,52.789611],[-1.780074,52.788281],[-1.775892,52.786849],[-1.771545,52.785361],[-1.766904,52.78377],[-1.762174,52.78215],[-1.757525,52.780556],[-1.752803,52.778939],[-1.748952,52.777617],[-1.745209,52.776333],[-1.739618,52.77619],[-1.733506,52.776035],[-1.727875,52.775892],[-1.721842,52.775737],[-1.715982,52.775587],[-1.710152,52.775323],[-1.704917,52.775085],[-1.700459,52.774883],[-1.695309,52.774648],[-1.6901,52.774411],[-1.685376,52.774196],[-1.681538,52.774022],[-1.675854,52.774216],[-1.672385,52.773044],[-1.667814,52.771515],[-1.662817,52.769842],[-1.658675,52.770796],[-1.656057,52.772981]]}},{"type":"Feature","properties":{"id":"ohl-572","kind":"ohl","name":"CELLARHEAD - DRAKELOW 1","voltage":"400","towers":"ZE ROUTE TWR (137 - 137A)","status":"C","gid":10005124,"risk":"SAFE","floodCodes":[],"floodNames":[]},"geometry":{"type":"LineString","coordinates":[[-2.08007,53.040948],[-2.080751,53.040486]]}},{"type":"Feature","properties":{"id":"ohl-573","kind":"ohl","name":"CELLARHEAD - DRAKELOW 2","voltage":"400","towers":"ZE ROUTE TWR (137 - 137B)","status":"C","gid":10005125,"risk":"SAFE","floodCodes":[],"floodNames":[]},"geometry":{"type":"LineString","coordinates":[[-2.081111,53.04125],[-2.08007,53.040948]]}},{"type":"Feature","properties":{"id":"ohl-574","kind":"ohl","name":"CELLARHEAD - MACCLESFIELD","voltage":"400","towers":"ZE ROUTE TWR (347 - 348 - 349)","status":"C","gid":10005126,"risk":"SAFE","floodCodes":[],"floodNames":[]},"geometry":{"type":"LineString","coordinates":[[-2.08025,53.041737],[-2.080386,53.041214],[-2.080901,53.0408]]}},{"type":"Feature","properties":{"id":"ohl-575","kind":"ohl","name":"CELLARHEAD - DAINES","voltage":"400","towers":"ZE ROUTE TWR (346 - 349)","status":"C","gid":10005127,"risk":"SAFE","floodCodes":[],"floodNames":[]},"geometry":{"type":"LineString","coordinates":[[-2.08025,53.041737],[-2.081185,53.041509]]}},{"type":"Feature","properties":{"id":"ohl-576","kind":"ohl","name":"CELLARHEAD - DAINES","voltage":"400","towers":"ZE ROUTE TWR (349 - 452 - ZEA020)","status":"C","gid":10005128,"risk":"SAFE","floodCodes":[],"floodNames":[]},"geometry":{"type":"LineString","coordinates":[[-2.184066,53.255897],[-2.179547,53.253252],[-2.175612,53.250957],[-2.172048,53.248872],[-2.16778,53.24638],[-2.164399,53.244404],[-2.160182,53.241938],[-2.156236,53.239629],[-2.152667,53.237543],[-2.14891,53.235347],[-2.145918,53.233597],[-2.142603,53.231657],[-2.138179,53.22908],[-2.138042,53.225962],[-2.137877,53.222483],[-2.137729,53.219252],[-2.137599,53.216514],[-2.137415,53.212582],[-2.137252,53.209116],[-2.137135,53.206646],[-2.137009,53.203907],[-2.136878,53.201129],[-2.136742,53.198243],[-2.136617,53.195537],[-2.134741,53.193537],[-2.132587,53.191244],[-2.130189,53.188686],[-2.127748,53.186086],[-2.127052,53.183211],[-2.126488,53.180908],[-2.12579,53.178038],[-2.125183,53.175539],[-2.124388,53.172273],[-2.123819,53.169945],[-2.122933,53.166308],[-2.122419,53.164192],[-2.121802,53.161667],[-2.121052,53.158585],[-2.119444,53.155876],[-2.117679,53.152908],[-2.115808,53.149763],[-2.11406,53.14682],[-2.112752,53.144617],[-2.111161,53.141943],[-2.109774,53.139609],[-2.10802,53.13666],[-2.106188,53.13358],[-2.104945,53.130491],[-2.103745,53.127524],[-2.102452,53.124314],[-2.101271,53.121386],[-2.10002,53.118286],[-2.098919,53.115554],[-2.097834,53.112863],[-2.096498,53.109546],[-2.095346,53.106688],[-2.09416,53.103742],[-2.093475,53.100658],[-2.092854,53.09784],[-2.092087,53.094386],[-2.09141,53.091324],[-2.090673,53.088],[-2.090028,53.085082],[-2.089379,53.082141],[-2.088664,53.078911],[-2.088021,53.075998],[-2.087453,53.073434],[-2.086944,53.071127],[-2.086267,53.068167],[-2.085475,53.064678],[-2.084941,53.062338],[-2.084188,53.059031],[-2.083459,53.055834],[-2.08275,53.05272],[-2.081977,53.049316],[-2.081391,53.04675],[-2.080754,53.04394],[-2.08025,53.041737]]}},{"type":"Feature","properties":{"id":"ohl-577","kind":"ohl","name":"CELLARHEAD - DAINES","voltage":"400","towers":"ZE ROUTE TWR (462R - 457 - ZEA020)","status":"C","gid":10005129,"risk":"SAFE","floodCodes":[],"floodNames":[]},"geometry":{"type":"LineString","coordinates":[[-2.307307,53.327969],[-2.303326,53.328262],[-2.302853,53.328148],[-2.298474,53.327109],[-2.292984,53.325821],[-2.289961,53.322898],[-2.287212,53.320256],[-2.284953,53.318087],[-2.281465,53.314726],[-2.278696,53.312394],[-2.275388,53.309612],[-2.271968,53.306737],[-2.268408,53.304425],[-2.264749,53.302047],[-2.260937,53.29957],[-2.25729,53.297206],[-2.255928,53.294159],[-2.254566,53.291127],[-2.253075,53.2878],[-2.251674,53.284689],[-2.250401,53.281847],[-2.249279,53.279354],[-2.247852,53.276176],[-2.246475,53.273111],[-2.243676,53.271417],[-2.24047,53.269475],[-2.237636,53.26776],[-2.234056,53.265592],[-2.230633,53.263521],[-2.226601,53.261075],[-2.220805,53.260621],[-2.21509,53.260169],[-2.208829,53.259676],[-2.20341,53.259248],[-2.198275,53.258844],[-2.19394,53.258502],[-2.187674,53.258011],[-2.184066,53.255897]]}},{"type":"Feature","properties":{"id":"ohl-578","kind":"ohl","name":"DRAKELOW - OLDBURY","voltage":"400","towers":"ZF ROUTE TWR (001B - 002)","status":"C","gid":10005130,"risk":"SAFE","floodCodes":[],"floodNames":[]},"geometry":{"type":"LineString","coordinates":[[-1.650985,52.77176],[-1.652084,52.771963]]}},{"type":"Feature","properties":{"id":"ohl-579","kind":"ohl","name":"DRAKELOW - HAMS HALL","voltage":"400","towers":"ZF ROUTE TWR (002 - 002A - ZS002)","status":"C","gid":10005131,"risk":"SAFE","floodCodes":[],"floodNames":[]},"geometry":{"type":"LineString","coordinates":[[-1.65194,52.772734],[-1.651107,52.772677],[-1.650985,52.77176],[-1.650985,52.77176]]}},{"type":"Feature","properties":{"id":"ohl-580","kind":"ohl","name":"DRAKELOW - HAMS HALL","voltage":"400","towers":"ZF ROUTE TWR (002 - 059)","status":"C","gid":10005132,"risk":"MEDIUM","floodCodes":["033FWF3TAME021"],"floodNames":["River Tame at Lichfield Road Tamworth"]},"geometry":{"type":"LineString","coordinates":[[-1.650985,52.77176],[-1.650709,52.769033],[-1.650942,52.766494],[-1.651175,52.763976],[-1.651507,52.760293],[-1.651765,52.757417],[-1.652065,52.754106],[-1.652274,52.751649],[-1.652619,52.747687],[-1.652844,52.745093],[-1.653129,52.741799],[-1.653361,52.739101],[-1.653628,52.73605],[-1.653867,52.733255],[-1.654172,52.729791],[-1.654426,52.726779],[-1.654694,52.723663],[-1.654954,52.720623],[-1.655205,52.717668],[-1.655497,52.71424],[-1.655758,52.711159],[-1.656004,52.708266],[-1.659041,52.705883],[-1.662218,52.703388],[-1.665254,52.701004],[-1.668738,52.698271],[-1.671417,52.696166],[-1.674314,52.693891],[-1.677686,52.691242],[-1.680801,52.688795],[-1.684229,52.686105],[-1.686526,52.684303],[-1.689438,52.682004],[-1.691623,52.67915],[-1.693863,52.676221],[-1.696078,52.673323],[-1.698349,52.670356],[-1.700641,52.667365],[-1.702966,52.664322],[-1.705187,52.661399],[-1.707462,52.658428],[-1.709816,52.655336],[-1.712499,52.652963],[-1.715825,52.650015],[-1.718206,52.647898],[-1.720504,52.645864],[-1.723227,52.64345],[-1.72607,52.640929],[-1.72918,52.638831],[-1.732769,52.63641],[-1.735876,52.634315],[-1.739423,52.631919],[-1.743036,52.629477],[-1.746606,52.627065],[-1.749788,52.624909],[-1.750156,52.621795],[-1.750497,52.618814],[-1.750729,52.616255]]}},{"type":"Feature","properties":{"id":"ohl-581","kind":"ohl","name":"FECKENHAM - WALHAM","voltage":"400","towers":"ZF ROUTE TWR (209 - 337)","status":"C","gid":10005133,"risk":"MEDIUM","floodCodes":["031FWFAV20"],"floodNames":["River Avon at Evesham"]},"geometry":{"type":"LineString","coordinates":[[-1.932005,52.242183],[-1.932392,52.239578],[-1.932806,52.236784],[-1.933197,52.234112],[-1.933724,52.230573],[-1.934147,52.227676],[-1.934658,52.224171],[-1.935467,52.220944],[-1.936327,52.217491],[-1.93711,52.21435],[-1.937996,52.210776],[-1.938877,52.207249],[-1.93952,52.204658],[-1.940307,52.201497],[-1.940026,52.198074],[-1.939759,52.194838],[-1.939492,52.191565],[-1.939288,52.189101],[-1.93904,52.186091],[-1.938836,52.183618],[-1.938578,52.180469],[-1.938289,52.176925],[-1.938027,52.173816],[-1.937788,52.170885],[-1.937543,52.167901],[-1.937224,52.16405],[-1.939623,52.159816],[-1.940831,52.157684],[-1.942671,52.154436],[-1.944695,52.150862],[-1.946474,52.147726],[-1.948468,52.144199],[-1.950066,52.141377],[-1.95141,52.138994],[-1.952503,52.137075],[-1.953524,52.133407],[-1.954251,52.130813],[-1.955315,52.127011],[-1.956186,52.123898],[-1.95713,52.120527],[-1.959166,52.117303],[-1.960456,52.115266],[-1.962227,52.112464],[-1.964552,52.108792],[-1.966489,52.105747],[-1.968684,52.102302],[-1.970621,52.099265],[-1.972722,52.095964],[-1.97473,52.092812],[-1.976232,52.090453],[-1.977249,52.087914],[-1.978522,52.084753],[-1.979711,52.081801],[-1.981185,52.078134],[-1.982534,52.074783],[-1.98358,52.072187],[-1.985062,52.068502],[-1.986212,52.065563],[-1.987479,52.062316],[-1.988948,52.058557],[-1.990166,52.055438],[-1.991446,52.05216],[-1.99262,52.049154],[-1.993981,52.045676],[-1.995271,52.042367],[-1.996539,52.039123],[-1.997941,52.035517],[-1.999227,52.032228],[-2.000409,52.028865],[-2.00167,52.025272],[-2.002823,52.021986],[-2.004092,52.018371],[-2.005249,52.015085],[-2.006309,52.012046],[-2.007252,52.009357],[-2.007808,52.00747],[-2.008889,52.003776],[-2.009628,52.001251],[-2.010469,51.998387],[-2.011479,51.994927],[-2.012375,51.991859],[-2.013022,51.989653],[-2.013883,51.986708],[-2.014364,51.983303],[-2.014886,51.979606],[-2.015359,51.976254],[-2.015908,51.97236],[-2.016329,51.969372],[-2.016815,51.965923],[-2.017103,51.963898],[-2.01455,51.961413],[-2.012048,51.958973],[-2.00888,51.956754],[-2.005513,51.954397],[-2.001942,51.951893],[-1.998857,51.949728],[-1.995055,51.947574],[-1.99051,51.944997],[-1.988189,51.943687],[-1.986876,51.939325],[-1.986058,51.936616],[-1.984762,51.932322],[-1.984268,51.930685],[-1.985913,51.928014],[-1.987985,51.924619],[-1.989437,51.922241],[-1.991629,51.918652],[-1.993541,51.915526],[-1.995351,51.912562],[-1.998945,51.906676],[-2.000591,51.903968],[-2.00273,51.900465],[-2.004668,51.897285],[-2.007265,51.8941],[-2.009767,51.891035],[-2.012168,51.888089],[-2.014415,51.885334],[-2.016183,51.883164],[-2.01915,51.879528],[-2.022677,51.875198],[-2.025062,51.872267],[-2.02673,51.870222],[-2.028745,51.867747],[-2.028692,51.86495],[-2.028626,51.861976],[-2.028561,51.858976],[-2.028492,51.855807],[-2.028423,51.85259],[-2.028388,51.850781]]}},{"type":"Feature","properties":{"id":"ohl-582","kind":"ohl","name":"FECKENHAM - MINETY","voltage":"400","towers":"ZF ROUTE TWR (337 - 337A)","status":"C","gid":10005134,"risk":"SAFE","floodCodes":[],"floodNames":[]},"geometry":{"type":"LineString","coordinates":[[-2.028388,51.850781],[-2.028576,51.848478]]}},{"type":"Feature","properties":{"id":"ohl-583","kind":"ohl","name":"COWLEY - MINETY","voltage":"400","towers":"ZF ROUTE TWR (337A - 424B)","status":"C","gid":10005135,"risk":"MEDIUM","floodCodes":["061FWF02Cirncstr","061FWF23Ewen","061FWF23SKCrkld"],"floodNames":["River Churn from Baunton to Siddington including Cirencester","River Thames at Ewen","River Thames from Somerford Keynes to Cricklade"]},"geometry":{"type":"LineString","coordinates":[[-2.028576,51.848478],[-2.028738,51.84654],[-2.028959,51.844214],[-2.029339,51.840145],[-2.029596,51.837412],[-2.029872,51.834466],[-2.030249,51.830432],[-2.030559,51.827243],[-2.027915,51.824043],[-2.025294,51.820856],[-2.022779,51.817793],[-2.020438,51.814947],[-2.017622,51.811524],[-2.01584,51.809356],[-2.012618,51.805433],[-2.01071,51.80311],[-2.008296,51.800171],[-2.005793,51.797124],[-2.003057,51.793791],[-2.000914,51.791178],[-1.998648,51.788417],[-1.995806,51.784955],[-1.993525,51.782176],[-1.990662,51.778685],[-1.989406,51.775686],[-1.988071,51.772515],[-1.986634,51.769086],[-1.985295,51.765871],[-1.98165,51.763608],[-1.977277,51.760882],[-1.974053,51.758874],[-1.97105,51.756998],[-1.965856,51.753762],[-1.962827,51.751873],[-1.961042,51.748834],[-1.958982,51.745319],[-1.95706,51.742033],[-1.95519,51.738842],[-1.953593,51.736118],[-1.95182,51.733091],[-1.950058,51.73008],[-1.948326,51.727118],[-1.946722,51.72438],[-1.946842,51.721115],[-1.94697,51.71758],[-1.947073,51.714748],[-1.94718,51.711835],[-1.947277,51.708955],[-1.94986,51.705087],[-1.951347,51.702823],[-1.955397,51.70204],[-1.959021,51.701334],[-1.962084,51.700737],[-1.964676,51.700232],[-1.967684,51.699645],[-1.971519,51.698897],[-1.974383,51.698337],[-1.975488,51.696613],[-1.976574,51.694912],[-1.977079,51.694122],[-1.978657,51.691648],[-1.979685,51.690038],[-1.981088,51.687842],[-1.982766,51.685213],[-1.984582,51.682364],[-1.986211,51.679812],[-1.98807,51.676901],[-1.988893,51.673748],[-1.989799,51.670289],[-1.990568,51.667349],[-1.991309,51.66452],[-1.992131,51.661373],[-1.992868,51.658557],[-1.993715,51.655329],[-1.994636,51.651794],[-1.995443,51.648708],[-1.996179,51.645895],[-1.996973,51.642854],[-1.997916,51.63925],[-1.998846,51.635691],[-1.999769,51.632153],[-2.000681,51.628663],[-2.001637,51.625012],[-2.002256,51.622637],[-2.002985,51.619843],[-2.003826,51.616628],[-2.00455,51.613834],[-2.00529,51.610984],[-2.002291,51.608772]]}},{"type":"Feature","properties":{"id":"ohl-584","kind":"ohl","name":"MELKSHAM - MINETY 1","voltage":"400","towers":"ZF ROUTE TWR (425A - 503)","status":"C","gid":10005136,"risk":"MEDIUM","floodCodes":["112FWFAVN10A"],"floodNames":["Bristol Avon (upper) from Malmesbury to Chippenham"]},"geometry":{"type":"LineString","coordinates":[[-2.003343,51.606779],[-2.00609,51.605706],[-2.009711,51.604301],[-2.010819,51.602253],[-2.012299,51.59952],[-2.01419,51.596026],[-2.015645,51.593341],[-2.017708,51.589529],[-2.019225,51.586742],[-2.019479,51.583489],[-2.019755,51.580036],[-2.020055,51.576274],[-2.020287,51.573369],[-2.020569,51.569813],[-2.020815,51.56675],[-2.023865,51.564278],[-2.027563,51.561278],[-2.030739,51.558701],[-2.033775,51.556239],[-2.036975,51.55364],[-2.040249,51.550981],[-2.043405,51.548414],[-2.046806,51.545647],[-2.050022,51.543034],[-2.051657,51.539787],[-2.053288,51.536552],[-2.054634,51.533879],[-2.056223,51.530731],[-2.05776,51.527674],[-2.059431,51.524363],[-2.0607,51.521841],[-2.062602,51.518547],[-2.064281,51.515643],[-2.066088,51.512514],[-2.067905,51.509373],[-2.069723,51.506223],[-2.071439,51.503249],[-2.073063,51.500441],[-2.074877,51.497296],[-2.079414,51.49601],[-2.084102,51.494679],[-2.088642,51.49339],[-2.093759,51.491937],[-2.098479,51.490596],[-2.102967,51.489322],[-2.107962,51.487902],[-2.112449,51.486627],[-2.118092,51.485022],[-2.12263,51.48373],[-2.12687,51.480791],[-2.130386,51.478353],[-2.133683,51.476066],[-2.136516,51.474102],[-2.139805,51.471827],[-2.143477,51.46927],[-2.146906,51.466891],[-2.150282,51.464561],[-2.150887,51.461483],[-2.151584,51.458001],[-2.152263,51.454584],[-2.152816,51.451818],[-2.15159,51.449371],[-2.149718,51.445656],[-2.148141,51.442514],[-2.146561,51.439373],[-2.145295,51.436854],[-2.144123,51.434526],[-2.142552,51.431397],[-2.141352,51.429015],[-2.140874,51.425991],[-2.140378,51.422868],[-2.139882,51.419764],[-2.139521,51.417501],[-2.138944,51.413881],[-2.139443,51.411227],[-2.140059,51.407948],[-2.140711,51.404492],[-2.143567,51.401947],[-2.14601,51.399769],[-2.148824,51.39725]]}},{"type":"Feature","properties":{"id":"ohl-585","kind":"ohl","name":"MELKSHAM - MINETY 2","voltage":"400","towers":"ZF ROUTE TWR (503 - 504)","status":"C","gid":10005137,"risk":"SAFE","floodCodes":[],"floodNames":[]},"geometry":{"type":"LineString","coordinates":[[-2.148824,51.39725],[-2.149952,51.395309]]}},{"type":"Feature","properties":{"id":"ohl-586","kind":"ohl","name":"MELKSHAM - MINETY 1","voltage":"400","towers":"ZF ROUTE TWR (503 - 505)","status":"C","gid":10005138,"risk":"SAFE","floodCodes":[],"floodNames":[]},"geometry":{"type":"LineString","coordinates":[[-2.148824,51.39725],[-2.151279,51.395272]]}},{"type":"Feature","properties":{"id":"ohl-587","kind":"ohl","name":"FECKENHAM - WALHAM","voltage":"400","towers":"ZFB ROUTE TWR (001A - 001 - 060A)","status":"C","gid":10005139,"risk":"MEDIUM","floodCodes":["031FWBSE570","031FWFSE580"],"floodNames":["River Severn at Sandhurst and Maisemore","River Severn at Twigworth and Longford"]},"geometry":{"type":"LineString","coordinates":[[-2.029305,51.849394],[-2.031568,51.84955],[-2.035149,51.850449],[-2.038209,51.85122],[-2.043566,51.852094],[-2.051117,51.853322],[-2.054725,51.853909],[-2.058662,51.854549],[-2.063262,51.855296],[-2.068396,51.854495],[-2.071942,51.854565],[-2.075655,51.854641],[-2.080876,51.854746],[-2.084945,51.858065],[-2.085537,51.860817],[-2.087248,51.863505],[-2.088454,51.865406],[-2.093016,51.867279],[-2.097074,51.868946],[-2.100722,51.87044],[-2.104118,51.871835],[-2.107461,51.872539],[-2.111173,51.873317],[-2.114594,51.874041],[-2.118685,51.873293],[-2.123614,51.872398],[-2.12875,51.871464],[-2.132586,51.869891],[-2.136961,51.86809],[-2.141228,51.86634],[-2.146055,51.864355],[-2.149862,51.862792],[-2.153987,51.861546],[-2.157893,51.860374],[-2.16091,51.85945],[-2.165987,51.859243],[-2.170623,51.859051],[-2.172345,51.858979],[-2.174997,51.858867],[-2.178101,51.861335],[-2.181701,51.862356],[-2.186361,51.863682],[-2.190378,51.864823],[-2.191807,51.86724],[-2.193227,51.869645],[-2.194799,51.872303],[-2.196585,51.875324],[-2.197903,51.877555],[-2.199526,51.879789],[-2.203624,51.882173],[-2.207411,51.884371],[-2.212566,51.885375],[-2.217085,51.886254],[-2.221925,51.887898],[-2.225979,51.889277],[-2.230197,51.890717],[-2.23461,51.889767],[-2.239353,51.888753],[-2.242642,51.88625],[-2.245621,51.883981],[-2.249228,51.881236],[-2.251691,51.879416],[-2.252477,51.879087]]}},{"type":"Feature","properties":{"id":"ohl-588","kind":"ohl","name":"COWLEY - WALHAM","voltage":"400","towers":"ZFB ROUTE TWR (060A - 060B - 4TE208)","status":"C","gid":10005140,"risk":"SAFE","floodCodes":[],"floodNames":[]},"geometry":{"type":"LineString","coordinates":[[-2.029305,51.849394],[-2.028564,51.849668],[-2.027571,51.849308]]}},{"type":"Feature","properties":{"id":"ohl-589","kind":"ohl","name":"FECKENHAM - WALHAM","voltage":"400","towers":"ZFB ROUTE TWR (060A - ZF337)","status":"C","gid":10005141,"risk":"SAFE","floodCodes":[],"floodNames":[]},"geometry":{"type":"LineString","coordinates":[[-2.028388,51.850781],[-2.029305,51.849394]]}},{"type":"Feature","properties":{"id":"ohl-590","kind":"ohl","name":"COWLEY - WALHAM","voltage":"400","towers":"4TE ROUTE TWR  (024 - 208)","status":"C","gid":10005142,"risk":"MEDIUM","floodCodes":["061FWF10Rackend","061FWF23NwBotley","061FWF23Nwbrdg","061FWF23Buscot"],"floodNames":["River Windrush at Rack End and Standlake including Northmoor and Newbridge","River Thames and tributaries at New Botley, New Hinksey, North Hinksey, South Hinksey and Grandpont","River Thames between Newbridge and Kings Lock above Oxford","River Thames from Buscot Wick down to Shifford"]},"geometry":{"type":"LineString","coordinates":[[-1.278977,51.748504],[-1.281911,51.749111],[-1.286226,51.750003],[-1.290441,51.750877],[-1.290223,51.753997],[-1.292583,51.754976],[-1.297677,51.755298],[-1.303106,51.754394],[-1.308329,51.753532],[-1.31158,51.752996],[-1.315966,51.752278],[-1.320252,51.750509],[-1.324749,51.748654],[-1.330714,51.747131],[-1.335265,51.745966],[-1.340141,51.744719],[-1.344678,51.743557],[-1.349711,51.742269],[-1.355318,51.740837],[-1.357542,51.737387],[-1.359584,51.734234],[-1.361529,51.73123],[-1.363674,51.72792],[-1.365787,51.724654],[-1.367726,51.721661],[-1.369666,51.718659],[-1.374575,51.718453],[-1.378812,51.718277],[-1.384068,51.71806],[-1.388274,51.717886],[-1.393773,51.717658],[-1.398618,51.717457],[-1.404616,51.717208],[-1.410194,51.716976],[-1.415256,51.716764],[-1.420076,51.716567],[-1.424656,51.716376],[-1.430873,51.716118],[-1.43634,51.715636],[-1.4421,51.71513],[-1.447808,51.714632],[-1.453006,51.714172],[-1.457414,51.713788],[-1.461973,51.713386],[-1.467189,51.712935],[-1.470393,51.711998],[-1.475629,51.710483],[-1.480867,51.708968],[-1.486015,51.707479],[-1.490699,51.706122],[-1.495415,51.704756],[-1.500531,51.703275],[-1.505599,51.701807],[-1.510993,51.700243],[-1.514825,51.699132],[-1.519896,51.697664],[-1.524738,51.696254],[-1.530441,51.695459],[-1.536012,51.69468],[-1.541178,51.693955],[-1.54604,51.693275],[-1.550451,51.692657],[-1.555204,51.69199],[-1.560043,51.691312],[-1.564796,51.690644],[-1.570575,51.689834],[-1.576028,51.689068],[-1.581373,51.688318],[-1.586747,51.687563],[-1.591213,51.686938],[-1.595088,51.688758],[-1.598395,51.690314],[-1.603053,51.692503],[-1.607686,51.694685],[-1.611452,51.696455],[-1.615659,51.698434],[-1.620018,51.700484],[-1.624315,51.702502],[-1.628053,51.704259],[-1.631451,51.706035],[-1.6352,51.707994],[-1.639393,51.710186],[-1.643438,51.712296],[-1.647638,51.71449],[-1.65213,51.716837],[-1.655827,51.718767],[-1.659623,51.720751],[-1.664042,51.72306],[-1.668229,51.725247],[-1.672812,51.72764],[-1.676936,51.729793],[-1.67965,51.73121],[-1.682031,51.732443],[-1.683032,51.734262],[-1.683998,51.736],[-1.684959,51.737725],[-1.685949,51.739503],[-1.687267,51.741861],[-1.687807,51.744437],[-1.688308,51.7468],[-1.68876,51.748944],[-1.689777,51.750788],[-1.690764,51.752584],[-1.691973,51.754784],[-1.69339,51.757364],[-1.695026,51.760343],[-1.69691,51.76377],[-1.6984,51.766512],[-1.702041,51.768656],[-1.706107,51.771064],[-1.70979,51.773243],[-1.713661,51.775533],[-1.717119,51.777579],[-1.7201,51.779356],[-1.724743,51.780036],[-1.729506,51.780743],[-1.734303,51.781456],[-1.739137,51.782172],[-1.744372,51.782956],[-1.749846,51.782746],[-1.754974,51.782556],[-1.760121,51.782366],[-1.764403,51.782205],[-1.76969,51.782005],[-1.773331,51.782693],[-1.778218,51.783616],[-1.782307,51.784374],[-1.785843,51.786635],[-1.789382,51.788882],[-1.792804,51.791054],[-1.796267,51.793252],[-1.799757,51.795466],[-1.802512,51.797085],[-1.807119,51.799792],[-1.810543,51.801807],[-1.814358,51.804045],[-1.81798,51.806173],[-1.822333,51.80873],[-1.826481,51.811165],[-1.830448,51.813494],[-1.83437,51.815796],[-1.838783,51.818387],[-1.843453,51.818922],[-1.850193,51.819694],[-1.855596,51.820341],[-1.85997,51.822743],[-1.864059,51.824995],[-1.86825,51.827303],[-1.872203,51.829478],[-1.876392,51.831783],[-1.88019,51.833871],[-1.882959,51.835389],[-1.888131,51.835563],[-1.893099,51.835723],[-1.899524,51.835931],[-1.904576,51.836094],[-1.909665,51.836258],[-1.914232,51.836404],[-1.919304,51.836569],[-1.922809,51.836684],[-1.928914,51.836886],[-1.932288,51.835932],[-1.937968,51.834335],[-1.942678,51.833013],[-1.948301,51.83144],[-1.95372,51.832045],[-1.958146,51.832546],[-1.962397,51.833025],[-1.966333,51.833467],[-1.971684,51.83347],[-1.975743,51.833465],[-1.978212,51.835972],[-1.981027,51.838816],[-1.983372,51.841181],[-1.986385,51.844218],[-1.98801,51.845855],[-1.991147,51.846232],[-1.995045,51.846701],[-2.000245,51.847324],[-2.00441,51.847824],[-2.008894,51.848368],[-2.012283,51.847635],[-2.016893,51.846642],[-2.023149,51.845277],[-2.025471,51.847335],[-2.027571,51.849308],[-2.027571,51.849308]]}},{"type":"Feature","properties":{"id":"ohl-591","kind":"ohl","name":"COWLEY - MINETY","voltage":"400","towers":"4TE ROUTE TWR (208 - ZF337A)","status":"C","gid":10005143,"risk":"SAFE","floodCodes":[],"floodNames":[]},"geometry":{"type":"LineString","coordinates":[[-2.027571,51.849308],[-2.028576,51.848478]]}},{"type":"Feature","properties":{"id":"ohl-592","kind":"ohl","name":"HINKLEY POINT - MELKSHAM 2","voltage":"400","towers":"ZG ROUTE TWR (ZZ001 - 004)","status":"C","gid":10005144,"risk":"MEDIUM","floodCodes":["112FWTSTE03","112FWTSTE02"],"floodNames":["Somerset coast at Steart, Stolford and Stretcholt","Somerset coast at Steart and Stolford, properties located behind the seafront"]},"geometry":{"type":"LineString","coordinates":[[-3.126772,51.202903],[-3.128159,51.205603]]}},{"type":"Feature","properties":{"id":"ohl-593","kind":"ohl","name":"HINKLEY POINT - MELKSHAM 1","voltage":"400","towers":"ZG ROUTE TWR (001 - 004)","status":"C","gid":10005145,"risk":"MEDIUM","floodCodes":["112FWTSTE03","112FWTSTE02"],"floodNames":["Somerset coast at Steart, Stolford and Stretcholt","Somerset coast at Steart and Stolford, properties located behind the seafront"]},"geometry":{"type":"LineString","coordinates":[[-3.126772,51.202903],[-3.126968,51.20562]]}},{"type":"Feature","properties":{"id":"ohl-594","kind":"ohl","name":"HINKLEY POINT - MELKSHAM 1","voltage":"400","towers":"ZG ROUTE TWR (004 - 259)","status":"C","gid":10005146,"risk":"MEDIUM","floodCodes":["112FWFSEM10A","112FWFNUN10A","112FWFBIS10A","112FWFAVN50A","112FWFSFR10A","112FWFSHE10A","112FWFBRU30B","112FWFBRU30A"],"floodNames":["Semington Brook from upper reaches to Semington","Nunney Brook","River Biss upstream and downstream of Trowbridge","Bristol Avon (middle) from Melksham to Bathford, not including Bradford on Avon","Somerset Frome from Witham Friary to Frome","River Sheppey","River Brue and Glastonbury Millstream from Lovington to Highbridge","River Brue and Glastonbury Millstream from Lovington to Highbridge, low lying properties"]},"geometry":{"type":"LineString","coordinates":[[-2.153127,51.393343],[-2.155219,51.392674],[-2.156761,51.391352],[-2.159339,51.389143],[-2.161933,51.38692],[-2.164635,51.384604],[-2.16446,51.381911],[-2.164218,51.378119],[-2.164775,51.374816],[-2.165252,51.371984],[-2.165727,51.369145],[-2.16456,51.365737],[-2.16342,51.362417],[-2.162535,51.359836],[-2.161591,51.357089],[-2.160542,51.354035],[-2.159926,51.351385],[-2.159239,51.34844],[-2.158588,51.345646],[-2.157902,51.342704],[-2.157262,51.339955],[-2.156706,51.337568],[-2.156154,51.335201],[-2.158204,51.332537],[-2.160163,51.329991],[-2.162289,51.327227],[-2.164111,51.324856],[-2.165862,51.322582],[-2.168472,51.320182],[-2.170983,51.317875],[-2.173528,51.315535],[-2.176162,51.313115],[-2.179009,51.310497],[-2.181725,51.308001],[-2.184421,51.305521],[-2.187225,51.302941],[-2.189773,51.300597],[-2.191964,51.29858],[-2.194729,51.296041],[-2.197471,51.293515],[-2.19985,51.292096],[-2.203108,51.290151],[-2.206181,51.288317],[-2.210031,51.28602],[-2.21405,51.28362],[-2.218251,51.281111],[-2.220542,51.278171],[-2.222787,51.275286],[-2.224875,51.272603],[-2.227113,51.269724],[-2.23185,51.267468],[-2.236253,51.265366],[-2.240523,51.26333],[-2.244651,51.261358],[-2.247113,51.259141],[-2.249578,51.256916],[-2.252348,51.254421],[-2.256674,51.252978],[-2.261175,51.251477],[-2.265792,51.249939],[-2.270564,51.248345],[-2.275415,51.24673],[-2.279941,51.244784],[-2.284057,51.243015],[-2.288127,51.241275],[-2.289608,51.238572],[-2.291099,51.235859],[-2.292878,51.23262],[-2.294135,51.23033],[-2.29535,51.228118],[-2.297389,51.224403],[-2.298385,51.222589],[-2.299706,51.220182],[-2.300627,51.21765],[-2.301681,51.214755],[-2.302924,51.21133],[-2.304152,51.207958],[-2.305161,51.205181],[-2.307494,51.202704],[-2.30993,51.200119],[-2.312373,51.197529],[-2.314689,51.19507],[-2.316375,51.193283],[-2.319869,51.191315],[-2.323916,51.189037],[-2.328152,51.186654],[-2.330814,51.185156],[-2.333699,51.183528],[-2.336267,51.18208],[-2.340255,51.180969],[-2.34593,51.179382],[-2.350234,51.178181],[-2.354058,51.177111],[-2.358428,51.177729],[-2.363373,51.178429],[-2.367718,51.179043],[-2.372538,51.179725],[-2.376307,51.180258],[-2.380456,51.180844],[-2.384075,51.18081],[-2.389292,51.18076],[-2.39545,51.180699],[-2.39956,51.180663],[-2.404197,51.180617],[-2.409016,51.18057],[-2.414287,51.180519],[-2.418982,51.180473],[-2.424105,51.180036],[-2.429638,51.179566],[-2.434752,51.179131],[-2.439211,51.178752],[-2.44432,51.178318],[-2.448275,51.177982],[-2.45244,51.177627],[-2.458041,51.177148],[-2.463705,51.176666],[-2.469619,51.175841],[-2.474951,51.175098],[-2.478156,51.174652],[-2.482453,51.174055],[-2.486005,51.173561],[-2.49142,51.172809],[-2.497105,51.172019],[-2.500617,51.17153],[-2.504926,51.170932],[-2.509538,51.169712],[-2.513599,51.168639],[-2.517536,51.167598],[-2.523614,51.165991],[-2.527323,51.16501],[-2.530384,51.164199],[-2.534722,51.163052],[-2.53987,51.16169],[-2.54446,51.160476],[-2.548814,51.159325],[-2.552918,51.158236],[-2.55777,51.157962],[-2.56337,51.157646],[-2.568964,51.15733],[-2.57402,51.157044],[-2.577716,51.157052],[-2.58255,51.157066],[-2.587581,51.157082],[-2.5923,51.157096],[-2.597395,51.157111],[-2.602134,51.157125],[-2.606699,51.157797],[-2.611721,51.158536],[-2.616814,51.159286],[-2.621797,51.16002],[-2.625826,51.161551],[-2.629541,51.162964],[-2.633214,51.16436],[-2.636902,51.165763],[-2.641907,51.167672],[-2.646033,51.169246],[-2.650522,51.170955],[-2.654751,51.172564],[-2.659225,51.17427],[-2.663732,51.175985],[-2.667734,51.177508],[-2.671752,51.179033],[-2.676389,51.180799],[-2.680816,51.182484],[-2.685049,51.184093],[-2.689275,51.185698],[-2.694042,51.185841],[-2.698352,51.18597],[-2.703056,51.18611],[-2.707846,51.186252],[-2.712665,51.186396],[-2.717641,51.186544],[-2.722452,51.186686],[-2.727412,51.186831],[-2.732176,51.186555],[-2.73718,51.186266],[-2.74204,51.185984],[-2.746965,51.185699],[-2.751506,51.185435],[-2.75609,51.185168],[-2.761051,51.184882],[-2.766016,51.184592],[-2.77092,51.184307],[-2.775853,51.184021],[-2.781102,51.183715],[-2.785404,51.183462],[-2.790264,51.183266],[-2.794794,51.183081],[-2.799331,51.182896],[-2.803725,51.182715],[-2.808554,51.182515],[-2.813815,51.182303],[-2.819251,51.182078],[-2.824366,51.181868],[-2.829887,51.181639],[-2.834789,51.181437],[-2.83974,51.181233],[-2.844967,51.181018],[-2.85015,51.180804],[-2.855118,51.180598],[-2.860543,51.180372],[-2.865061,51.180186],[-2.869944,51.179982],[-2.874622,51.179789],[-2.879682,51.179991],[-2.8842,51.180174],[-2.889127,51.18037],[-2.894038,51.180566],[-2.898878,51.18076],[-2.904062,51.180967],[-2.909376,51.181178],[-2.914686,51.181392],[-2.919826,51.181595],[-2.924759,51.18179],[-2.929639,51.181986],[-2.93488,51.181705],[-2.939528,51.182378],[-2.945232,51.182132],[-2.950064,51.182864],[-2.955327,51.183109],[-2.960728,51.183359],[-2.965114,51.183563],[-2.970072,51.18229],[-2.975367,51.180934],[-2.980506,51.179617],[-2.985922,51.178227],[-2.991172,51.176882],[-2.995042,51.175891],[-2.999826,51.176044],[-3.004969,51.176208],[-3.00974,51.17636],[-3.01347,51.177266],[-3.017425,51.178226],[-3.021565,51.179229],[-3.026452,51.180415],[-3.031532,51.181647],[-3.036653,51.182889],[-3.041604,51.184088],[-3.045579,51.185052],[-3.050952,51.186354],[-3.056115,51.187605],[-3.061451,51.188897],[-3.065886,51.189971],[-3.070927,51.191193],[-3.075786,51.192366],[-3.08051,51.192997],[-3.085172,51.193619],[-3.090111,51.194278],[-3.094908,51.194916],[-3.099857,51.195575],[-3.10468,51.196217],[-3.109149,51.196811],[-3.114074,51.197466],[-3.118459,51.199347],[-3.122064,51.200891],[-3.126772,51.202903]]}},{"type":"Feature","properties":{"id":"ohl-595","kind":"ohl","name":"CORYTON STH - TILBURY 400 - TILBURY 275","voltage":"400","towers":"ZJ ROUTE TWR (001A - 001B - 005)","status":"C","gid":10005147,"risk":"MEDIUM","floodCodes":["051FWCDV5B3EAST"],"floodNames":["The Thames estuary from Shellhaven, to and including Tilbury"]},"geometry":{"type":"LineString","coordinates":[[0.394225,51.461788],[0.393268,51.462219],[0.391857,51.461971]]}},{"type":"Feature","properties":{"id":"ohl-596","kind":"ohl","name":"RAYLEIGH MAIN - TILBURY400 - TILBURY275","voltage":"400","towers":"ZJ ROUTE TWR (002 - 003)","status":"C","gid":10005148,"risk":"MEDIUM","floodCodes":["051FWCDV5B3EAST"],"floodNames":["The Thames estuary from Shellhaven, to and including Tilbury"]},"geometry":{"type":"LineString","coordinates":[[0.392149,51.461698],[0.393081,51.461755],[0.393081,51.461755]]}},{"type":"Feature","properties":{"id":"ohl-597","kind":"ohl","name":"RAYLEIGH MAIN - TILBURY400 - TILBURY275","voltage":"400","towers":"ZJ ROUTE TWR (003 - 004)","status":"C","gid":10005149,"risk":"MEDIUM","floodCodes":["051FWCDV5B3EAST"],"floodNames":["The Thames estuary from Shellhaven, to and including Tilbury"]},"geometry":{"type":"LineString","coordinates":[[0.393081,51.461755],[0.393806,51.461274]]}},{"type":"Feature","properties":{"id":"ohl-598","kind":"ohl","name":"CORYTON STH - TILBURY 400 - TILBURY 275","voltage":"400","towers":"ZJ ROUTE TWR (004 - 005)","status":"C","gid":10005150,"risk":"MEDIUM","floodCodes":["051FWCDV5B3EAST"],"floodNames":["The Thames estuary from Shellhaven, to and including Tilbury"]},"geometry":{"type":"LineString","coordinates":[[0.393806,51.461274],[0.394225,51.461788]]}},{"type":"Feature","properties":{"id":"ohl-599","kind":"ohl","name":"RAYLEIGH MAIN - TILBURY400 - TILBURY275","voltage":"400","towers":"ZJ ROUTE TWR (003 - 006)","status":"C","gid":10005151,"risk":"MEDIUM","floodCodes":["051FWCDV5B3EAST"],"floodNames":["The Thames estuary from Shellhaven, to and including Tilbury"]},"geometry":{"type":"LineString","coordinates":[[0.394472,51.463049],[0.393081,51.461755]]}},{"type":"Feature","properties":{"id":"ohl-600","kind":"ohl","name":"CORYTON STH - TILBURY 400 - TILBURY 275","voltage":"400","towers":"ZJ ROUTE TWR (005 - 006)","status":"C","gid":10005152,"risk":"MEDIUM","floodCodes":["051FWCDV5B3EAST"],"floodNames":["The Thames estuary from Shellhaven, to and including Tilbury"]},"geometry":{"type":"LineString","coordinates":[[0.394472,51.463049],[0.394225,51.461788]]}},{"type":"Feature","properties":{"id":"ohl-601","kind":"ohl","name":"CORYTON STH - TILBURY 400 - TILBURY 275","voltage":"400","towers":"ZJ ROUTE TWR (006 - 034)","status":"C","gid":10005153,"risk":"MEDIUM","floodCodes":["051FWCDV5B3EAST"],"floodNames":["The Thames estuary from Shellhaven, to and including Tilbury"]},"geometry":{"type":"LineString","coordinates":[[0.471527,51.521604],[0.467534,51.519371],[0.463008,51.519131],[0.458627,51.518901],[0.454469,51.518683],[0.451721,51.516563],[0.448126,51.513786],[0.445442,51.511717],[0.440553,51.51041],[0.435465,51.50905],[0.431751,51.508054],[0.426304,51.506601],[0.422079,51.505467],[0.419646,51.503279],[0.41711,51.500994],[0.414466,51.49861],[0.411713,51.496127],[0.407705,51.494002],[0.403406,51.491722],[0.403651,51.488665],[0.403891,51.485631],[0.404178,51.481984],[0.404441,51.478657],[0.403454,51.47486],[0.402653,51.471737],[0.399697,51.470373],[0.396698,51.468987],[0.39581,51.466629],[0.394472,51.463049]]}},{"type":"Feature","properties":{"id":"ohl-602","kind":"ohl","name":"CORYTON SOUTH - RAYLEIGH MAIN","voltage":"400","towers":"ZJ ROUTE TWR (034 - 066)","status":"C","gid":10005154,"risk":"MEDIUM","floodCodes":["051FWCDV5B3EAST","051FWCDV5B2North"],"floodNames":["The Thames estuary from Shellhaven, to and including Tilbury","Canvey Island north"]},"geometry":{"type":"LineString","coordinates":[[0.564623,51.593389],[0.561329,51.591794],[0.56086,51.588404],[0.560381,51.584981],[0.558028,51.582528],[0.553459,51.580719],[0.548395,51.579054],[0.54371,51.577521],[0.542266,51.575226],[0.540661,51.572689],[0.538584,51.569406],[0.536811,51.566596],[0.535446,51.562529],[0.534457,51.559571],[0.533375,51.556346],[0.529085,51.554663],[0.525457,51.553237],[0.521906,51.551843],[0.517622,51.550164],[0.512761,51.548939],[0.507877,51.547714],[0.504023,51.544621],[0.501829,51.54286],[0.498122,51.539888],[0.495291,51.537617],[0.49259,51.535451],[0.48989,51.533286],[0.486603,51.530649],[0.483957,51.528525],[0.481253,51.52702],[0.477866,51.525131],[0.474951,51.523506],[0.471527,51.521604]]}},{"type":"Feature","properties":{"id":"ohl-603","kind":"ohl","name":"CORYTON SOUTH - RAYLEIGH MAIN","voltage":"400","towers":"ZJ ROUTE TWR (066 - 070 )","status":"C","gid":10005155,"risk":"SAFE","floodCodes":[],"floodNames":[]},"geometry":{"type":"LineString","coordinates":[[0.568677,51.594035],[0.567796,51.592382],[0.566881,51.591829],[0.564798,51.59213],[0.564739,51.592771],[0.564623,51.593389]]}},{"type":"Feature","properties":{"id":"ohl-604","kind":"ohl","name":"DEESIDE - LEGACY - TRAWSFYNYDD 1","voltage":"400","towers":"ZK ROUTE TWR (001 - 045)","status":"C","gid":10005156,"risk":"SAFE","floodCodes":[],"floodNames":[]},"geometry":{"type":"LineString","coordinates":[[-3.075485,53.229259],[-3.077533,53.229339],[-3.079419,53.229289],[-3.08504,53.231349],[-3.08848,53.230422],[-3.091362,53.229666],[-3.092745,53.226899],[-3.094021,53.224359],[-3.09557,53.221269],[-3.096873,53.218669],[-3.098337,53.215747],[-3.100093,53.213256],[-3.102074,53.210449],[-3.103937,53.207809],[-3.106194,53.204616],[-3.108096,53.20192],[-3.108601,53.19815],[-3.108994,53.195216],[-3.109372,53.192403],[-3.109667,53.188906],[-3.109902,53.186088],[-3.110212,53.182435],[-3.110488,53.179099],[-3.113279,53.175532],[-3.11531,53.172929],[-3.117875,53.169635],[-3.119809,53.167156],[-3.121786,53.164623],[-3.123706,53.162161],[-3.125894,53.159361],[-3.127918,53.156764],[-3.129801,53.154355],[-3.132031,53.151495],[-3.132218,53.148941],[-3.132462,53.145541],[-3.132706,53.141985],[-3.135133,53.139202],[-3.137279,53.136734],[-3.139829,53.133802],[-3.141568,53.131806],[-3.14249,53.128799],[-3.143673,53.124948],[-3.14446,53.122383],[-3.146265,53.119459],[-3.147893,53.116739]]}},{"type":"Feature","properties":{"id":"ohl-605","kind":"ohl","name":"DEESIDE - LEGACY - TRAWSFYNYDD 1","voltage":"400","towers":"ZK ROUTE TWR (045 - 241)","status":"C","gid":10005157,"risk":"SAFE","floodCodes":[],"floodNames":[]},"geometry":{"type":"LineString","coordinates":[[-3.147893,53.116739],[-3.149564,53.1141],[-3.15136,53.111185],[-3.152647,53.109092],[-3.15404,53.106827],[-3.155762,53.10403],[-3.157395,53.101379],[-3.158743,53.099184],[-3.161514,53.094675],[-3.164643,53.092806],[-3.167965,53.090821],[-3.173337,53.087609],[-3.178524,53.084507],[-3.181628,53.082651],[-3.181026,53.079995],[-3.180313,53.076781],[-3.179731,53.074143],[-3.178982,53.070782],[-3.17837,53.068055],[-3.182325,53.064772],[-3.185077,53.062472],[-3.187687,53.060302],[-3.190422,53.058021],[-3.194691,53.054433],[-3.196723,53.052725],[-3.19971,53.050216],[-3.201984,53.048302],[-3.205102,53.045685],[-3.208266,53.043024],[-3.211677,53.040147],[-3.214696,53.03761],[-3.21816,53.035771],[-3.221547,53.033973],[-3.225653,53.031793],[-3.229355,53.029826],[-3.232896,53.027944],[-3.235918,53.026339],[-3.240018,53.024893],[-3.245275,53.023038],[-3.249907,53.021405],[-3.254978,53.019616],[-3.258935,53.01822],[-3.263073,53.016757],[-3.267521,53.01519],[-3.270664,53.014078],[-3.274237,53.012815],[-3.280166,53.011461],[-3.285,53.01036],[-3.290419,53.009121],[-3.295149,53.008043],[-3.300442,53.006835],[-3.305676,53.005641],[-3.311377,53.004335],[-3.317206,53.00434],[-3.323193,53.00434],[-3.329157,53.004341],[-3.334592,53.00434],[-3.341073,53.00434],[-3.345762,53.00434],[-3.351353,53.004338],[-3.357305,53.004336],[-3.359693,53.004139],[-3.365341,53.003677],[-3.369697,53.003318],[-3.374751,53.002903],[-3.379541,53.002083],[-3.386851,53.001908],[-3.390689,53.001588],[-3.396415,53.001117],[-3.399342,53.000876],[-3.404221,53.000474],[-3.410396,52.999964],[-3.414391,52.998207],[-3.41755,52.996817],[-3.423763,52.99408],[-3.429064,52.991746],[-3.433294,52.989883],[-3.437311,52.988113],[-3.442229,52.985946],[-3.444646,52.984878],[-3.448632,52.983124],[-3.454536,52.98052],[-3.458149,52.978926],[-3.460439,52.977918],[-3.465101,52.976618],[-3.471208,52.974916],[-3.474734,52.973934],[-3.478632,52.972845],[-3.483875,52.971384],[-3.487441,52.97039],[-3.491031,52.969386],[-3.497278,52.96764],[-3.499968,52.966688],[-3.505122,52.964851],[-3.50983,52.963178],[-3.513558,52.961852],[-3.517703,52.960379],[-3.522012,52.958845],[-3.525729,52.957527],[-3.527948,52.955565],[-3.530733,52.953111],[-3.533982,52.950244],[-3.535968,52.948494],[-3.537743,52.946928],[-3.540917,52.945917],[-3.545082,52.944588],[-3.550375,52.942896],[-3.553786,52.941806],[-3.558155,52.94041],[-3.561553,52.939326],[-3.566007,52.937904],[-3.571062,52.936289],[-3.57629,52.934612],[-3.57969,52.934772],[-3.586026,52.935066],[-3.590029,52.935252],[-3.594339,52.935451],[-3.598679,52.935652],[-3.603476,52.935872],[-3.607274,52.936048],[-3.610861,52.936213],[-3.615659,52.936436],[-3.619809,52.936628],[-3.624005,52.936825],[-3.629111,52.935687],[-3.632518,52.934928],[-3.636914,52.933948],[-3.641556,52.932915],[-3.646187,52.931883],[-3.649592,52.931125],[-3.654867,52.929949],[-3.658204,52.929207],[-3.662575,52.92823],[-3.668052,52.927939],[-3.673842,52.92763],[-3.677839,52.927419],[-3.682468,52.927173],[-3.687728,52.926887],[-3.691227,52.929366],[-3.693548,52.931005],[-3.695633,52.932479],[-3.699235,52.935029],[-3.70219,52.937117],[-3.707321,52.937905],[-3.712529,52.93871],[-3.716654,52.939346],[-3.719969,52.939521],[-3.72687,52.939887],[-3.73147,52.94013],[-3.735989,52.940371],[-3.741607,52.939674],[-3.74665,52.939052],[-3.752211,52.938363],[-3.756694,52.937808],[-3.761044,52.93727],[-3.76439,52.936859],[-3.767753,52.935688],[-3.771534,52.934373],[-3.775755,52.932906],[-3.778963,52.931786],[-3.782494,52.931921],[-3.787837,52.932125],[-3.792866,52.932317],[-3.796458,52.932453],[-3.802504,52.932682],[-3.806647,52.932839],[-3.810649,52.932991],[-3.816114,52.933197],[-3.820261,52.933354],[-3.827086,52.933611],[-3.831764,52.933787],[-3.835024,52.93391],[-3.838292,52.934031],[-3.843031,52.934216],[-3.846635,52.933432],[-3.852313,52.932204],[-3.856269,52.931349],[-3.859722,52.930602],[-3.863911,52.929696],[-3.867153,52.928994],[-3.871314,52.928096],[-3.875711,52.927144],[-3.881241,52.925948],[-3.885978,52.924921],[-3.890504,52.923941],[-3.894454,52.923086],[-3.901476,52.921564],[-3.905405,52.920713],[-3.909995,52.922246],[-3.913962,52.92357],[-3.917771,52.924842],[-3.921032,52.925931],[-3.925299,52.927353],[-3.929897,52.928886],[-3.933143,52.92998],[-3.938199,52.929059],[-3.941067,52.927981]]}},{"type":"Feature","properties":{"id":"ohl-606","kind":"ohl","name":"DEESIDE - LEGACY - TRAWSFYNYDD 2","voltage":"400","towers":"ZK ROUTE TWR (241 - 242)","status":"C","gid":10005158,"risk":"SAFE","floodCodes":[],"floodNames":[]},"geometry":{"type":"LineString","coordinates":[[-3.941067,52.927981],[-3.943693,52.927033]]}},{"type":"Feature","properties":{"id":"ohl-607","kind":"ohl","name":"DEESIDE - LEGACY - TRAWSFYNYDD 1","voltage":"400","towers":"ZK ROUTE TWR (241 - 243)","status":"C","gid":10005159,"risk":"SAFE","floodCodes":[],"floodNames":[]},"geometry":{"type":"LineString","coordinates":[[-3.941067,52.927981],[-3.944359,52.927439]]}},{"type":"Feature","properties":{"id":"ohl-608","kind":"ohl","name":"EAST CLAYDON - ENDERBY - PATFORD BRIDGE 1","voltage":"400","towers":"ZL ROUTE (TWR 343 - 509)","status":"C","gid":10005160,"risk":"MEDIUM","floodCodes":["034FWFSOSHRNFRD"],"floodNames":["River Soar at Sharnford including Croft Mill"]},"geometry":{"type":"LineString","coordinates":[[-1.05503,52.291681],[-1.055367,52.294023],[-1.05623,52.29736],[-1.057106,52.300735],[-1.05783,52.303531],[-1.058526,52.30622],[-1.06023,52.307461],[-1.063909,52.310137],[-1.066937,52.31234],[-1.07136,52.315558],[-1.073883,52.317393],[-1.078318,52.320619],[-1.08109,52.322634],[-1.085234,52.325647],[-1.088717,52.328181],[-1.092535,52.330956],[-1.092804,52.334533],[-1.093068,52.338075],[-1.09334,52.341697],[-1.093605,52.345268],[-1.093848,52.348522],[-1.094096,52.35187],[-1.094329,52.355002],[-1.094602,52.3587],[-1.094802,52.361355],[-1.096947,52.364433],[-1.098973,52.367333],[-1.100778,52.369921],[-1.10272,52.372703],[-1.104662,52.375485],[-1.106603,52.378263],[-1.108969,52.381651],[-1.113216,52.384228],[-1.117229,52.386659],[-1.120933,52.388906],[-1.125032,52.391391],[-1.129193,52.393914],[-1.132907,52.395406],[-1.13718,52.397129],[-1.141154,52.39873],[-1.144284,52.399991],[-1.148573,52.401719],[-1.152713,52.403383],[-1.15242,52.406558],[-1.152201,52.409046],[-1.151896,52.412401],[-1.151568,52.416069],[-1.151315,52.418876],[-1.150995,52.422443],[-1.150666,52.426068],[-1.15037,52.429424],[-1.15011,52.432298],[-1.149821,52.435435],[-1.154014,52.438007],[-1.157692,52.440273],[-1.161658,52.442712],[-1.164937,52.444731],[-1.168869,52.447152],[-1.173273,52.449855],[-1.174707,52.451572],[-1.177347,52.454719],[-1.1793,52.457048],[-1.181416,52.45957],[-1.184176,52.462862],[-1.186676,52.465838],[-1.188812,52.468385],[-1.190626,52.47055],[-1.191847,52.472004],[-1.193469,52.473934],[-1.195535,52.476401],[-1.195134,52.47951],[-1.19469,52.483007],[-1.194345,52.485706],[-1.194036,52.488125],[-1.193566,52.491789],[-1.193146,52.495068],[-1.192835,52.497467],[-1.196241,52.499487],[-1.200206,52.501849],[-1.203887,52.504043],[-1.207526,52.50621],[-1.210952,52.508247],[-1.213647,52.509852],[-1.217506,52.512146],[-1.222064,52.514852],[-1.225972,52.517179],[-1.229443,52.519238],[-1.231464,52.521761],[-1.233729,52.524576],[-1.236157,52.527606],[-1.238001,52.529897],[-1.240177,52.532604],[-1.24233,52.535286],[-1.244504,52.537987],[-1.246522,52.540493],[-1.248908,52.542653],[-1.251694,52.545173],[-1.25413,52.547378],[-1.25732,52.550259],[-1.26041,52.553055],[-1.263013,52.555404],[-1.265581,52.557726],[-1.268194,52.560085],[-1.270736,52.562628],[-1.273571,52.565459]]}},{"type":"Feature","properties":{"id":"ohl-609","kind":"ohl","name":"EAST CLAYDON - ENDERBY - PATFORD BRIDGE 1","voltage":"400","towers":"ZL ROUTE (TWR 343 - 509)","status":"C","gid":10005161,"risk":"MEDIUM","floodCodes":["052FWFTVTMC","052FWFUOTP","052FWFUOBUCK1"],"floodNames":["River Tove at Towcester and Cosgrove","River Great Ouse and Padbury Brook at Thornton, Beachampton and Passenham","Low lying areas close to the River Great Ouse at Fulwell, Radclive and Buckingham"]},"geometry":{"type":"LineString","coordinates":[[-0.906368,51.927275],[-0.907172,51.928041],[-0.911068,51.92957],[-0.915153,51.931161],[-0.91939,51.93281],[-0.923162,51.934278],[-0.927785,51.936077],[-0.931053,51.937352],[-0.932277,51.940265],[-0.933499,51.943178],[-0.934909,51.946542],[-0.935947,51.949011],[-0.937156,51.951893],[-0.938264,51.954541],[-0.939486,51.957451],[-0.940829,51.960655],[-0.942008,51.96346],[-0.943231,51.966376],[-0.9444,51.969849],[-0.945445,51.972962],[-0.946298,51.975495],[-0.947575,51.97929],[-0.948583,51.982286],[-0.949619,51.985365],[-0.950768,51.988777],[-0.951452,51.990815],[-0.95255,51.994067],[-0.952106,51.997184],[-0.951571,52.000955],[-0.951213,52.003473],[-0.950704,52.007047],[-0.950306,52.009856],[-0.94986,52.012993],[-0.949422,52.016082],[-0.948969,52.019255],[-0.948496,52.022581],[-0.948079,52.025524],[-0.947624,52.028696],[-0.947235,52.031436],[-0.946942,52.033504],[-0.946433,52.037093],[-0.946036,52.039894],[-0.946278,52.042475],[-0.946537,52.045214],[-0.946816,52.048178],[-0.947116,52.051383],[-0.947409,52.054525],[-0.947717,52.057813],[-0.948002,52.060829],[-0.948272,52.063677],[-0.948549,52.066617],[-0.948879,52.070125],[-0.949167,52.073163],[-0.949465,52.076302],[-0.949765,52.079454],[-0.950099,52.082994],[-0.950401,52.086173],[-0.948626,52.089098],[-0.947216,52.091425],[-0.945483,52.09429],[-0.944023,52.0967],[-0.942325,52.099507],[-0.940256,52.102929],[-0.938789,52.105337],[-0.939081,52.108153],[-0.93944,52.111643],[-0.939735,52.114515],[-0.940067,52.117728],[-0.940385,52.120826],[-0.940752,52.12441],[-0.940984,52.126656],[-0.941381,52.130514],[-0.941693,52.133548],[-0.942067,52.137184],[-0.942354,52.140116],[-0.94531,52.141183],[-0.949399,52.142675],[-0.954142,52.144404],[-0.958951,52.146155],[-0.963259,52.147726],[-0.96771,52.149346],[-0.972213,52.150986],[-0.975664,52.152243],[-0.97913,52.153504],[-0.98428,52.155381],[-0.988274,52.156834],[-0.992118,52.158231],[-0.993282,52.160905],[-0.994731,52.164242],[-0.995939,52.167018],[-0.997153,52.169804],[-0.998328,52.172509],[-0.999332,52.174819],[-1.000855,52.178316],[-1.002106,52.181196],[-1.004559,52.183416],[-1.008323,52.186812],[-1.011149,52.189363],[-1.013586,52.19156],[-1.016706,52.194371],[-1.019366,52.196769],[-1.022507,52.199604],[-1.026543,52.203243],[-1.028547,52.205053],[-1.031991,52.208151],[-1.03499,52.210853],[-1.038182,52.213726],[-1.041578,52.216797],[-1.041831,52.21855],[-1.042277,52.221828],[-1.042708,52.224953],[-1.043198,52.22853],[-1.043559,52.231183],[-1.043917,52.233783],[-1.044442,52.23761],[-1.044884,52.240839],[-1.045345,52.244153],[-1.045886,52.248096],[-1.046548,52.251007],[-1.047221,52.253971],[-1.047938,52.257142],[-1.048601,52.26007],[-1.049249,52.262919],[-1.050157,52.266915],[-1.050825,52.270378],[-1.051445,52.273613],[-1.052159,52.277333],[-1.052802,52.280677],[-1.053465,52.284133],[-1.054041,52.287125],[-1.054608,52.290095],[-1.05503,52.291681]]}},{"type":"Feature","properties":{"id":"ohl-610","kind":"ohl","name":"EAST CLAYDON - ENDERBY - PATFORD BRIDGE 2","voltage":"400","towers":"ZL ROUTE (TWR 343 - 509)","status":"C","gid":10005162,"risk":"SAFE","floodCodes":[],"floodNames":[]},"geometry":{"type":"LineString","coordinates":[[-0.908737,51.92689],[-0.906368,51.927275]]}},{"type":"Feature","properties":{"id":"ohl-611","kind":"ohl","name":"COVENTRY - RATCLIFFE ON SOAR","voltage":"400","towers":"ZLA ROUTE TWR (001A - 001B)","status":"C","gid":10005163,"risk":"MEDIUM","floodCodes":["034FWFTRCASDONN"],"floodNames":["River Trent at Castle Donington including Hemington and Lockington"]},"geometry":{"type":"LineString","coordinates":[[-1.353619,52.847674],[-1.349893,52.847901]]}},{"type":"Feature","properties":{"id":"ohl-612","kind":"ohl","name":"CHESSINGTON - WEST WEYBRIDGE 2","voltage":"275","towers":"ZM ROUTE","status":"C","gid":10005164,"risk":"MEDIUM","floodCodes":["061FWF30RiveDtch"],"floodNames":["The Rive Ditch at Woodham"]},"geometry":{"type":"LineString","coordinates":[[-0.48259,51.352385],[-0.480479,51.351808]]}},{"type":"Feature","properties":{"id":"ohl-613","kind":"ohl","name":"CHESSINGTON - WEST WEYBRIDGE 1","voltage":"275","towers":"ZM ROUTE","status":"C","gid":10005165,"risk":"MEDIUM","floodCodes":["061FWF30RiveDtch"],"floodNames":["The Rive Ditch at Woodham"]},"geometry":{"type":"LineString","coordinates":[[-0.480788,51.352019],[-0.48259,51.352385]]}},{"type":"Feature","properties":{"id":"ohl-614","kind":"ohl","name":"CHESSINGTON - WEST WEYBRIDGE 1","voltage":"275","towers":"ZM ROUTE","status":"C","gid":10005166,"risk":"MEDIUM","floodCodes":["064FWF35Rythe","061FWF30Byfleet","061FWF30RiveDtch","064FWF32Cobham","061FWF30XByfleet"],"floodNames":["River Rythe between Oxshott and Thames Ditton","River Wey at Wisley and Byfleet","The Rive Ditch at Woodham","River Mole at Stoke D'Abernon, Cobham and South Hersham","Properties closest to the River Wey between Walsham Meadow and Byfleet town"]},"geometry":{"type":"LineString","coordinates":[[-0.48259,51.352385],[-0.484602,51.351789],[-0.485011,51.348834],[-0.48467,51.345076],[-0.484142,51.341912],[-0.483492,51.33794],[-0.483386,51.33538],[-0.480245,51.332458],[-0.477135,51.329547],[-0.47393,51.328194],[-0.471845,51.328177],[-0.469359,51.328156],[-0.465531,51.329468],[-0.46029,51.331264],[-0.455561,51.332896],[-0.451573,51.331833],[-0.446625,51.330523],[-0.443364,51.329071],[-0.438713,51.329462],[-0.435255,51.330992],[-0.430185,51.333237],[-0.427034,51.335771],[-0.422631,51.336926],[-0.422042,51.337358],[-0.419333,51.339358],[-0.416187,51.34167],[-0.41292,51.344071],[-0.408928,51.346997],[-0.405065,51.350339],[-0.400475,51.351943],[-0.395018,51.351745],[-0.388888,51.351538],[-0.383997,51.350495],[-0.379444,51.350024],[-0.375332,51.350655],[-0.370277,51.351433],[-0.367308,51.351892],[-0.362849,51.352578],[-0.359296,51.353129],[-0.356122,51.351913],[-0.352538,51.350547],[-0.351307,51.348786],[-0.346093,51.348125],[-0.341445,51.34754],[-0.337236,51.347006],[-0.331834,51.346321],[-0.326086,51.345597],[-0.322934,51.344613]]}},{"type":"Feature","properties":{"id":"ohl-615","kind":"ohl","name":"DRAKELOW - RUGELEY","voltage":"400","towers":"ZN ROUTE TWR (003 - 046)","status":"C","gid":10005167,"risk":"MEDIUM","floodCodes":["033FWF3TRENT14"],"floodNames":["River Trent at Catton, Barton under Needwood and Branston Water Park"]},"geometry":{"type":"LineString","coordinates":[[-1.839737,52.727765],[-1.83631,52.730147],[-1.832683,52.73269],[-1.828938,52.735316],[-1.826472,52.737044],[-1.822729,52.739669],[-1.819045,52.742255],[-1.816122,52.744303],[-1.812081,52.747138],[-1.808686,52.749527],[-1.806223,52.750175],[-1.802711,52.7511],[-1.80025,52.751746],[-1.796929,52.752625],[-1.793213,52.753606],[-1.788882,52.754738],[-1.784426,52.755912],[-1.778762,52.757402],[-1.773911,52.758678],[-1.770023,52.7597],[-1.766078,52.760737],[-1.763611,52.761387],[-1.760691,52.762161],[-1.75759,52.761312],[-1.752369,52.759893],[-1.746789,52.758378],[-1.741628,52.756972],[-1.735992,52.755438],[-1.73243,52.754979],[-1.727652,52.754364],[-1.722292,52.753674],[-1.716929,52.752972],[-1.712346,52.754445],[-1.708508,52.755674],[-1.704492,52.756958],[-1.700024,52.758388],[-1.695268,52.759908],[-1.690389,52.761466],[-1.685991,52.762873],[-1.681583,52.764282],[-1.676194,52.766005],[-1.672087,52.767317],[-1.668186,52.768229],[-1.663617,52.769298]]}},{"type":"Feature","properties":{"id":"ohl-616","kind":"ohl","name":"IRONBRIDGE - RUGELEY","voltage":"400","towers":"ZN ROUTE TWR (106 - 140)","status":"C","gid":10005168,"risk":"MEDIUM","floodCodes":["033FWF3PENK001"],"floodNames":["River Penk at Coven"]},"geometry":{"type":"LineString","coordinates":[[-2.240765,52.611786],[-2.238363,52.614258],[-2.235495,52.617184],[-2.233099,52.619631],[-2.230767,52.622009],[-2.228206,52.624617],[-2.226223,52.626097],[-2.223258,52.628311],[-2.219972,52.63077],[-2.216427,52.633422],[-2.212717,52.636198],[-2.209469,52.638623],[-2.20663,52.640745],[-2.203868,52.64281],[-2.202027,52.644186],[-2.200844,52.645067],[-2.197496,52.646098],[-2.193579,52.647304],[-2.188855,52.648757],[-2.18425,52.650176],[-2.179717,52.651572],[-2.174092,52.653303],[-2.169679,52.65466],[-2.165211,52.656038],[-2.160179,52.657587],[-2.155036,52.659171],[-2.149608,52.66084],[-2.145533,52.662093],[-2.141537,52.663323],[-2.136944,52.664735],[-2.132594,52.665059],[-2.128673,52.665349],[-2.123398,52.665739],[-2.119658,52.666016],[-2.115193,52.666346],[-2.109328,52.666778]]}},{"type":"Feature","properties":{"id":"ohl-617","kind":"ohl","name":"IRONBRIDGE - PENN 2","voltage":"400","towers":"ZN ROUTE TWR (140 - 159A)","status":"C","gid":10005169,"risk":"SAFE","floodCodes":[],"floodNames":[]},"geometry":{"type":"LineString","coordinates":[[-2.210416,52.556844],[-2.214494,52.557939],[-2.218241,52.560102],[-2.221548,52.562003],[-2.2244,52.565163],[-2.226868,52.567891],[-2.230117,52.571484],[-2.232525,52.574144],[-2.234971,52.577386],[-2.237193,52.580328],[-2.239958,52.583993],[-2.241174,52.585601],[-2.242521,52.587388],[-2.245473,52.59129],[-2.245333,52.595109],[-2.245251,52.597238],[-2.245106,52.601035],[-2.244968,52.60454],[-2.244842,52.607648],[-2.243153,52.609375],[-2.240765,52.611786]]}},{"type":"Feature","properties":{"id":"ohl-618","kind":"ohl","name":"BISHOPS WOOD - PENN","voltage":"400","towers":"ZN ROUTE TWR (161 - 215)","status":"C","gid":10005170,"risk":"LOW","floodCodes":["033FWF3STOURBRIDGE","033FWF3SMES03"],"floodNames":["River Stour at Stourbridge","Smestow Brook at Hinksford"]},"geometry":{"type":"LineString","coordinates":[[-2.213378,52.553487],[-2.214275,52.550863],[-2.213578,52.548646],[-2.212554,52.545365],[-2.211444,52.541818],[-2.210352,52.538315],[-2.209312,52.534992],[-2.208145,52.531248],[-2.207162,52.528095],[-2.206334,52.525462],[-2.203214,52.522889],[-2.201469,52.521449],[-2.200358,52.518881],[-2.198538,52.514708],[-2.197427,52.512171],[-2.19566,52.508104],[-2.19644,52.503973],[-2.196883,52.501637],[-2.197634,52.497674],[-2.200228,52.495053],[-2.201774,52.492624],[-2.20415,52.488929],[-2.201312,52.485739],[-2.199021,52.483199],[-2.195859,52.479685],[-2.193587,52.477159],[-2.191688,52.474195],[-2.18933,52.470519],[-2.187548,52.467739],[-2.185381,52.464374],[-2.186329,52.460748],[-2.186869,52.458674],[-2.187677,52.455572],[-2.188277,52.45328],[-2.189168,52.449851],[-2.190074,52.446376],[-2.191025,52.442724],[-2.19174,52.439984],[-2.192435,52.435754],[-2.192829,52.433352],[-2.193151,52.431394],[-2.19357,52.428846],[-2.194136,52.425426],[-2.194653,52.422302],[-2.195407,52.419514],[-2.196332,52.416099],[-2.19726,52.412652],[-2.198147,52.409374],[-2.198905,52.406576],[-2.199586,52.40405],[-2.200219,52.401754],[-2.195141,52.398661],[-2.19284,52.397252],[-2.189553,52.395243],[-2.186095,52.392934]]}},{"type":"Feature","properties":{"id":"ohl-619","kind":"ohl","name":"FECKENHAM - IRONBRIDGE","voltage":"400","towers":"ZN ROUTE TWR (215 - 217)","status":"C","gid":10005171,"risk":"SAFE","floodCodes":[],"floodNames":[]},"geometry":{"type":"LineString","coordinates":[[-2.186095,52.392934],[-2.184105,52.391408],[-2.18088,52.389462]]}},{"type":"Feature","properties":{"id":"ohl-620","kind":"ohl","name":"BISHOPS WOOD - KITWELL 2","voltage":"400","towers":"ZN ROUTE TWR (217 - 228)","status":"C","gid":10005172,"risk":"SAFE","floodCodes":[],"floodNames":[]},"geometry":{"type":"LineString","coordinates":[[-2.18088,52.389462],[-2.176408,52.386491],[-2.173002,52.38422],[-2.168833,52.381447],[-2.165257,52.379326],[-2.161181,52.376907],[-2.157811,52.374903],[-2.153169,52.372148],[-2.150465,52.370545],[-2.147649,52.368877],[-2.14264,52.365909],[-2.142706,52.362676]]}},{"type":"Feature","properties":{"id":"ohl-621","kind":"ohl","name":"BISHOPS WOOD - KITWELL 2","voltage":"400","towers":"ZN ROUTE TWR (228 - 237)","status":"C","gid":10005173,"risk":"SAFE","floodCodes":[],"floodNames":[]},"geometry":{"type":"LineString","coordinates":[[-2.142706,52.362676],[-2.142606,52.358829],[-2.142584,52.35577],[-2.142576,52.353168],[-2.142559,52.35022],[-2.142552,52.346581],[-2.13871,52.344915],[-2.134289,52.342987],[-2.129085,52.34072],[-2.127082,52.338805]]}},{"type":"Feature","properties":{"id":"ohl-622","kind":"ohl","name":"IRONBRIDGE - PENN 1","voltage":"400","towers":"ZN ROUTE TWR (161A - ZNA001)","status":"C","gid":10005174,"risk":"SAFE","floodCodes":[],"floodNames":[]},"geometry":{"type":"LineString","coordinates":[[-2.213795,52.556777],[-2.210484,52.555349]]}},{"type":"Feature","properties":{"id":"ohl-623","kind":"ohl","name":"IRONBRIDGE - PENN 1","voltage":"400","towers":"ZNA ROUTE TWR (001 - 071)","status":"C","gid":10005175,"risk":"MEDIUM","floodCodes":["031FWFSE270"],"floodNames":["River Severn at Sutton Wharf"]},"geometry":{"type":"LineString","coordinates":[[-2.516091,52.631077],[-2.516019,52.627546],[-2.513926,52.626079],[-2.510296,52.623545],[-2.504944,52.621194],[-2.502634,52.618797],[-2.499646,52.615688],[-2.497719,52.613685],[-2.492473,52.612197],[-2.488608,52.61111],[-2.484761,52.608347],[-2.481871,52.606274],[-2.479445,52.604528],[-2.474519,52.604721],[-2.469166,52.604928],[-2.463524,52.605141],[-2.45818,52.606926],[-2.454415,52.60818],[-2.450145,52.609604],[-2.446349,52.610871],[-2.443005,52.610109],[-2.43881,52.609166],[-2.433935,52.608069],[-2.429223,52.607009],[-2.424512,52.605951],[-2.419864,52.60594],[-2.414274,52.605926],[-2.408075,52.605907],[-2.403084,52.605895],[-2.397123,52.605879],[-2.391331,52.605862],[-2.385258,52.605845],[-2.379569,52.605828],[-2.373951,52.605812],[-2.368927,52.605796],[-2.365477,52.605785],[-2.357758,52.60576],[-2.353927,52.605748],[-2.350294,52.605736],[-2.344191,52.605717],[-2.339476,52.605706],[-2.335728,52.603401],[-2.332263,52.601279],[-2.328903,52.599224],[-2.325363,52.597053],[-2.321602,52.594754],[-2.316247,52.593342],[-2.310784,52.591901],[-2.306838,52.591429],[-2.302187,52.590872],[-2.2966,52.590199],[-2.291288,52.58956],[-2.285799,52.588908],[-2.281688,52.58742],[-2.277074,52.585755],[-2.272744,52.584192],[-2.268667,52.58272],[-2.264229,52.581116],[-2.26014,52.579641],[-2.255801,52.578071],[-2.25241,52.577398],[-2.246023,52.576128],[-2.241267,52.575184],[-2.237287,52.574391],[-2.232983,52.573539],[-2.2303,52.570606],[-2.227558,52.567607],[-2.224631,52.564413],[-2.221898,52.561427],[-2.219011,52.558268],[-2.213795,52.556777]]}},{"type":"Feature","properties":{"id":"ohl-624","kind":"ohl","name":"DAINES - DEESIDE 2","voltage":"400","towers":"ZO ROUTE (TWR 100-196R)","status":"C","gid":10005176,"risk":"SAFE","floodCodes":[],"floodNames":[]},"geometry":{"type":"LineString","coordinates":[[-2.378658,53.42473],[-2.379827,53.421797]]}},{"type":"Feature","properties":{"id":"ohl-625","kind":"ohl","name":"DAINES - DEESIDE 1","voltage":"400","towers":"ZO ROUTE (TWR 100-196R)","status":"C","gid":10005177,"risk":"SAFE","floodCodes":[],"floodNames":[]},"geometry":{"type":"LineString","coordinates":[[-2.379827,53.421797],[-2.377913,53.42493]]}},{"type":"Feature","properties":{"id":"ohl-626","kind":"ohl","name":"DAINES - DEESIDE 1","voltage":"400","towers":"ZO ROUTE (TWR 100-196R)","status":"C","gid":10005178,"risk":"MEDIUM","floodCodes":["013FWFCH35","013FWTTME8","013FWTTCH15"],"floodNames":["River Bollin and Agden Brook at Little Bollington","Irish Sea and Mersey estuary from the Head of the Wirral to Runcorn","Tidal River Dee in England at Northern Embankment, Chester"]},"geometry":{"type":"LineString","coordinates":[[-2.379827,53.421797],[-2.384149,53.419574],[-2.385997,53.417627],[-2.388099,53.41541],[-2.390883,53.413324],[-2.394094,53.410912],[-2.397665,53.408232],[-2.400437,53.406153],[-2.403832,53.403603],[-2.407147,53.401106],[-2.410755,53.398399],[-2.414566,53.395537],[-2.418349,53.392692],[-2.42085,53.390819],[-2.420545,53.387919],[-2.420157,53.384125],[-2.419844,53.381105],[-2.41954,53.37812],[-2.419222,53.37509],[-2.419596,53.372391],[-2.420104,53.369241],[-2.420533,53.366576],[-2.421269,53.364223],[-2.422158,53.361389],[-2.422754,53.359485],[-2.423544,53.356961],[-2.422469,53.353901],[-2.423178,53.350959],[-2.424127,53.347002],[-2.424691,53.344924],[-2.425539,53.341785],[-2.426654,53.339073],[-2.427725,53.335855],[-2.428734,53.33283],[-2.430808,53.330614],[-2.433566,53.327676],[-2.436572,53.324477],[-2.439125,53.321756],[-2.441265,53.319475],[-2.443885,53.316685],[-2.446735,53.313646],[-2.449319,53.310894],[-2.451985,53.308054],[-2.454018,53.305879],[-2.458337,53.304897],[-2.463868,53.303638],[-2.467845,53.302734],[-2.472284,53.301722],[-2.476474,53.300767],[-2.481447,53.299635],[-2.48541,53.298731],[-2.490826,53.298389],[-2.495795,53.298073],[-2.500099,53.297799],[-2.505248,53.29747],[-2.510078,53.297169],[-2.513295,53.296043],[-2.516728,53.294844],[-2.520842,53.295782],[-2.52432,53.29657],[-2.5279,53.297388],[-2.531478,53.296857],[-2.535153,53.296321],[-2.539456,53.295694],[-2.542212,53.294107],[-2.545032,53.292487],[-2.548655,53.290569],[-2.551562,53.289028],[-2.554708,53.287362],[-2.557926,53.285656],[-2.560728,53.284171],[-2.564349,53.282077],[-2.568358,53.279761],[-2.572258,53.277506],[-2.574838,53.27547],[-2.578831,53.272324],[-2.581653,53.270097],[-2.58612,53.267493],[-2.589723,53.265395],[-2.592483,53.263787],[-2.595508,53.262025],[-2.599166,53.259891],[-2.604574,53.260007],[-2.608046,53.260079],[-2.613043,53.260184],[-2.617664,53.260281],[-2.623339,53.260401],[-2.628107,53.2605],[-2.632028,53.260582],[-2.637012,53.260684],[-2.641974,53.261489],[-2.646682,53.26225],[-2.65168,53.263058],[-2.655805,53.263726],[-2.661709,53.263496],[-2.667845,53.263259],[-2.673307,53.263047],[-2.677342,53.26289],[-2.682678,53.26248],[-2.68706,53.262145],[-2.689829,53.261129],[-2.692366,53.2602],[-2.69649,53.260026],[-2.701349,53.259817],[-2.704928,53.259663],[-2.708763,53.259498],[-2.713168,53.259309],[-2.718015,53.259101],[-2.722515,53.258684],[-2.726859,53.258279],[-2.731999,53.257803],[-2.735612,53.257469],[-2.741056,53.254736],[-2.747208,53.254487],[-2.751739,53.254305],[-2.757857,53.254057],[-2.763107,53.253846],[-2.766546,53.25285],[-2.771346,53.251461],[-2.775269,53.250326],[-2.778559,53.249376],[-2.782592,53.248209],[-2.786633,53.247039],[-2.790435,53.24594],[-2.794096,53.244879],[-2.797659,53.244266],[-2.803018,53.243344],[-2.807406,53.242588],[-2.812032,53.24166],[-2.817825,53.240502],[-2.82238,53.23959],[-2.827304,53.238603],[-2.833307,53.237401],[-2.837832,53.236495],[-2.843305,53.235399],[-2.84749,53.234561],[-2.852772,53.233501],[-2.857641,53.233819],[-2.862054,53.23411],[-2.867043,53.234438],[-2.87222,53.234628],[-2.879056,53.234881],[-2.883669,53.235213],[-2.888809,53.235584],[-2.893548,53.235925],[-2.897862,53.236235],[-2.901306,53.236778],[-2.906916,53.237661],[-2.91131,53.238352],[-2.915319,53.238981],[-2.919913,53.239674],[-2.925315,53.240489],[-2.930008,53.241197],[-2.935502,53.24203],[-2.940922,53.24042],[-2.946145,53.238871],[-2.951283,53.237347],[-2.956537,53.238383],[-2.962392,53.237923],[-2.967203,53.237545],[-2.97271,53.237114],[-2.976995,53.236778],[-2.982305,53.236362],[-2.985324,53.236125],[-2.988459,53.23588],[-2.993521,53.235822],[-2.998992,53.235759],[-3.00394,53.235701],[-3.009509,53.235643],[-3.013332,53.232914],[-3.017152,53.230198],[-3.020551,53.227784],[-3.022786,53.224692],[-3.024826,53.221858],[-3.027565,53.220757],[-3.031928,53.221404],[-3.035358,53.220988],[-3.039832,53.220442],[-3.044105,53.22202],[-3.046576,53.222136],[-3.049053,53.22264],[-3.052687,53.223882],[-3.056835,53.225303],[-3.061726,53.226227],[-3.065547,53.226194],[-3.07082,53.228291],[-3.073506,53.230289],[-3.074853,53.230863],[-3.075533,53.23108]]}},{"type":"Feature","properties":{"id":"ohl-627","kind":"ohl","name":"ELLAND - FERRYBRIDGE 'C'","voltage":"400","towers":"ZP ROUTE (TWR 179 - 220)","status":"C","gid":10005179,"risk":"MEDIUM","floodCodes":["123FWF373","123FWF356","123FWF329"],"floodNames":["River Calder at Healey and Horbury Bridge","River Colne at Hillhouse and Colne Bridge","River Calder at Bradley"]},"geometry":{"type":"LineString","coordinates":[[-1.803405,53.676264],[-1.799405,53.678048],[-1.795234,53.679906],[-1.793097,53.680852],[-1.787068,53.681849],[-1.781284,53.682805],[-1.775545,53.683644],[-1.771204,53.684279],[-1.766655,53.685085],[-1.762937,53.685313],[-1.759407,53.685532],[-1.754745,53.685822],[-1.750578,53.685211],[-1.745443,53.684461],[-1.741332,53.683864],[-1.738405,53.682506],[-1.734056,53.680496],[-1.731087,53.677338],[-1.730234,53.675026],[-1.729365,53.67265],[-1.728365,53.669952],[-1.72404,53.667617],[-1.720056,53.665459],[-1.715324,53.662901],[-1.710983,53.660551],[-1.706562,53.658157],[-1.703093,53.656279],[-1.699503,53.654335],[-1.694647,53.651705],[-1.690584,53.649506],[-1.685591,53.649789],[-1.682263,53.649981],[-1.677522,53.650251],[-1.673041,53.650505],[-1.668194,53.650588],[-1.664547,53.650652],[-1.657644,53.650765],[-1.65365,53.650827],[-1.648719,53.650909],[-1.641965,53.651023],[-1.636518,53.651111],[-1.631637,53.651846],[-1.625596,53.652756],[-1.619746,53.653633],[-1.613731,53.654537],[-1.608573,53.655312],[-1.602293,53.656257],[-1.596752,53.657088],[-1.592576,53.65864],[-1.588463,53.660167],[-1.583117,53.662152],[-1.578201,53.663978],[-1.573437,53.665502],[-1.568002,53.667237],[-1.563512,53.668673],[-1.558876,53.670578],[-1.554688,53.672296],[-1.550989,53.675186],[-1.548057,53.677475],[-1.545963,53.679109],[-1.543446,53.681066],[-1.541608,53.683466],[-1.539431,53.686302],[-1.537302,53.68906],[-1.539709,53.691995],[-1.541985,53.694784],[-1.540573,53.697127],[-1.539549,53.698837],[-1.535914,53.701213],[-1.53305,53.703078],[-1.529646,53.705301],[-1.52709,53.706969],[-1.524406,53.708598],[-1.521575,53.710319],[-1.518951,53.71191],[-1.516866,53.713175],[-1.514543,53.714595],[-1.511748,53.714497],[-1.508519,53.714387],[-1.503872,53.714225],[-1.499232,53.714068],[-1.493732,53.71388],[-1.487725,53.713671],[-1.484507,53.714203],[-1.479598,53.715009],[-1.474975,53.715764],[-1.471959,53.717462]]}},{"type":"Feature","properties":{"id":"ohl-628","kind":"ohl","name":"ELLAND - STALYBRIDGE","voltage":"400","towers":"ZP ROUTE (TWR 179 - 220)","status":"C","gid":10005180,"risk":"MEDIUM","floodCodes":["123FWF043","123FWF735"],"floodNames":["Communities along Black Brook from Bowers Mill to Berry Mill Lane","River Ryburn at Ripponden"]},"geometry":{"type":"LineString","coordinates":[[-2.068532,53.656018],[-2.062852,53.656319],[-2.058017,53.656579],[-2.053813,53.6568],[-2.04897,53.657062],[-2.046159,53.657213],[-2.041943,53.657438],[-2.037638,53.658417],[-2.033358,53.659387],[-2.027929,53.660621],[-2.023285,53.661675],[-2.018119,53.662848],[-2.013549,53.6632],[-2.00754,53.663662],[-2.003742,53.663952],[-1.997911,53.662945],[-1.993856,53.662246],[-1.988573,53.661334],[-1.984983,53.660712],[-1.979085,53.659696],[-1.974901,53.658973],[-1.969548,53.658049],[-1.965947,53.657955],[-1.961852,53.657851],[-1.957091,53.658103],[-1.951672,53.658394],[-1.945795,53.658705],[-1.941515,53.658108],[-1.937169,53.657499],[-1.931967,53.656768],[-1.92815,53.656229],[-1.923685,53.65682],[-1.91873,53.657471],[-1.914482,53.657714],[-1.90879,53.658041],[-1.900977,53.65849],[-1.898021,53.658661],[-1.894748,53.65885],[-1.889484,53.659151],[-1.885277,53.659393],[-1.881772,53.660108],[-1.876233,53.661236],[-1.870928,53.662745],[-1.865248,53.664356],[-1.860009,53.665844],[-1.854353,53.667449],[-1.849897,53.668716],[-1.843395,53.668604],[-1.83782,53.668509],[-1.835019,53.668459],[-1.831822,53.668403],[-1.826379,53.669571],[-1.820387,53.670855],[-1.815198,53.671967],[-1.811141,53.672832],[-1.807451,53.674472],[-1.803405,53.676264]]}},{"type":"Feature","properties":{"id":"ohl-629","kind":"ohl","name":"ROCHDALE - STALYBRIDGE","voltage":"400","towers":"ZP ROUTE (TWR 179 - 220)","status":"C","gid":10005181,"risk":"SAFE","floodCodes":[],"floodNames":[]},"geometry":{"type":"LineString","coordinates":[[-2.223206,53.633629],[-2.216738,53.636489],[-2.213677,53.637844],[-2.207488,53.640585],[-2.203963,53.642145],[-2.201146,53.643392],[-2.198002,53.644783],[-2.194564,53.646303],[-2.191104,53.646345],[-2.186048,53.646403],[-2.178837,53.646486],[-2.175586,53.646524],[-2.170577,53.646581],[-2.166338,53.646628],[-2.161703,53.647522],[-2.156598,53.648504],[-2.152187,53.649354],[-2.146468,53.650455],[-2.142355,53.651246],[-2.135849,53.652497],[-2.128022,53.654002],[-2.124193,53.654737],[-2.11665,53.656188],[-2.113407,53.656812],[-2.108007,53.65785],[-2.10125,53.657413],[-2.096124,53.657077],[-2.091088,53.65675],[-2.086789,53.656469],[-2.079182,53.655971],[-2.074738,53.655675],[-2.068532,53.656018]]}},{"type":"Feature","properties":{"id":"ohl-630","kind":"ohl","name":"ELLAND - FERRYBRIDGE 'C'","voltage":"275","towers":"ZPC ROUTE","status":"C","gid":10005182,"risk":"SAFE","floodCodes":[],"floodNames":[]},"geometry":{"type":"LineString","coordinates":[[-1.803405,53.676264],[-1.803364,53.676264],[-1.802927,53.676274],[-1.803049,53.676517],[-1.804677,53.677255]]}},{"type":"Feature","properties":{"id":"ohl-631","kind":"ohl","name":"ELLAND - STALYBRIDGE","voltage":"275","towers":"ZPC ROUTE","status":"C","gid":10005183,"risk":"SAFE","floodCodes":[],"floodNames":[]},"geometry":{"type":"LineString","coordinates":[[-1.804677,53.677255],[-1.803892,53.676138],[-1.803593,53.676022],[-1.803405,53.676264]]}},{"type":"Feature","properties":{"id":"ohl-632","kind":"ohl","name":"ELLAND - FERRYBRIDGE 'C'","voltage":"275","towers":"ZPC ROUTE","status":"C","gid":10005184,"risk":"MEDIUM","floodCodes":["123FWF323"],"floodNames":["River Calder at Elland - Saddleworth Road to Lowfields Business Park"]},"geometry":{"type":"LineString","coordinates":[[-1.804677,53.677255],[-1.805364,53.678065],[-1.808726,53.681853],[-1.810481,53.683831],[-1.813003,53.685292],[-1.815559,53.688357],[-1.819642,53.690951],[-1.823471,53.693373]]}},{"type":"Feature","properties":{"id":"ohl-633","kind":"ohl","name":"CARRINGTON - DAINES 1","voltage":"400","towers":"ZQ ROUTE TWR (001 - 008)","status":"C","gid":10005185,"risk":"MEDIUM","floodCodes":["013FWFGM40","013FWFGM39"],"floodNames":["River Mersey at Flixton Village","River Mersey at Flixton Rural"]},"geometry":{"type":"LineString","coordinates":[[-2.378908,53.426878],[-2.379241,53.429826],[-2.382097,53.432556],[-2.384709,53.435047],[-2.388089,53.435053],[-2.38986,53.435062],[-2.394546,53.435083],[-2.398575,53.4351]]}},{"type":"Feature","properties":{"id":"ohl-634","kind":"ohl","name":"CARRINGTON - DAINES - PENWORTHAM","voltage":"400","towers":"ZQ ROUTE TWR (008 - 009)","status":"C","gid":10005186,"risk":"MEDIUM","floodCodes":["013FWFGM40"],"floodNames":["River Mersey at Flixton Village"]},"geometry":{"type":"LineString","coordinates":[[-2.398575,53.4351],[-2.402278,53.435686]]}},{"type":"Feature","properties":{"id":"ohl-635","kind":"ohl","name":"CARRINGTON - DAINES 3","voltage":"400","towers":"ZQ ROUTE TWR (009 - ZZN029)","status":"C","gid":10005187,"risk":"LOW","floodCodes":["013FWFGM40"],"floodNames":["River Mersey at Flixton Village"]},"geometry":{"type":"LineString","coordinates":[[-2.402278,53.435686],[-2.40112,53.435776]]}},{"type":"Feature","properties":{"id":"ohl-636","kind":"ohl","name":"CARRINGTON - DAINES 3","voltage":"400","towers":"ZQ ROUTE TWR (009 - 010 - 010A)","status":"C","gid":10005188,"risk":"MEDIUM","floodCodes":["013FWFGM40"],"floodNames":["River Mersey at Flixton Village"]},"geometry":{"type":"LineString","coordinates":[[-2.402278,53.435686],[-2.403126,53.435596],[-2.40616,53.436699]]}},{"type":"Feature","properties":{"id":"ohl-637","kind":"ohl","name":"CARRINGTON - DAINES - PENWORTHAM","voltage":"400","towers":"ZQ ROUTE TWR (010A - 011)","status":"C","gid":10005189,"risk":"LOW","floodCodes":["013FWFGM40"],"floodNames":["River Mersey at Flixton Village"]},"geometry":{"type":"LineString","coordinates":[[-2.40616,53.436699],[-2.406785,53.437135]]}},{"type":"Feature","properties":{"id":"ohl-638","kind":"ohl","name":"CARRINGTON - KEARSLEY","voltage":"400","towers":"ZQ ROUTE TWR (011 - 050)","status":"C","gid":10005190,"risk":"MEDIUM","floodCodes":["013FWFGM40","013FWFGM44"],"floodNames":["River Mersey at Flixton Village","Worsley Brook at Alder Forest Bridge and the Cricket Grounds"]},"geometry":{"type":"MultiLineString","coordinates":[[[-2.358556,53.534601],[-2.357545,53.533565],[-2.357924,53.531349],[-2.357688,53.528941],[-2.357405,53.526139],[-2.357128,53.523368],[-2.360191,53.521813],[-2.362639,53.520569],[-2.362771,53.517914],[-2.362932,53.51481],[-2.363111,53.51112],[-2.367305,53.508656],[-2.370224,53.506939],[-2.371297,53.503085],[-2.373456,53.500364],[-2.373768,53.497613],[-2.378196,53.495539],[-2.382994,53.493291],[-2.387671,53.4911],[-2.392354,53.488897],[-2.396828,53.486825],[-2.401001,53.484892],[-2.405379,53.482866],[-2.409209,53.481094],[-2.410772,53.478414],[-2.412802,53.474933],[-2.414372,53.472243],[-2.41593,53.469587],[-2.412673,53.466885],[-2.409324,53.464113],[-2.405959,53.461317],[-2.402591,53.458529],[-2.401489,53.455915],[-2.400493,53.453581],[-2.403459,53.450771],[-2.406783,53.447604],[-2.406985,53.444522],[-2.407255,53.440416],[-2.407429,53.437748]],[[-2.406785,53.437135],[-2.40743,53.437747]]]}},{"type":"Feature","properties":{"id":"ohl-639","kind":"ohl","name":"CARRINGTON - KEARSLEY","voltage":"400","towers":"ZQ ROUTE TWR (050 - 050A - 050C)","status":"C","gid":10005191,"risk":"LOW","floodCodes":["013FWFGM26"],"floodNames":["River Irwell at Kearsley"]},"geometry":{"type":"LineString","coordinates":[[-2.358556,53.534601],[-2.359387,53.535774],[-2.357542,53.536748]]}},{"type":"Feature","properties":{"id":"ohl-640","kind":"ohl","name":"KEARSLEY - PADIHAM","voltage":"400","towers":"ZQ ROUTE TWR (051 - 050A - 050B)","status":"C","gid":10005192,"risk":"LOW","floodCodes":["013FWFGM26"],"floodNames":["River Irwell at Kearsley"]},"geometry":{"type":"LineString","coordinates":[[-2.359146,53.537671],[-2.359387,53.535774],[-2.360576,53.535483]]}},{"type":"Feature","properties":{"id":"ohl-641","kind":"ohl","name":"CARRINGTON - DAINES - PENWORTHAM","voltage":"400","towers":"ZQ ROUTE TWR (050 - 051)","status":"C","gid":10005193,"risk":"SAFE","floodCodes":[],"floodNames":[]},"geometry":{"type":"LineString","coordinates":[[-2.360576,53.535483],[-2.358556,53.534601]]}},{"type":"Feature","properties":{"id":"ohl-642","kind":"ohl","name":"KEARSLEY - PADIHAM","voltage":"400","towers":"ZQ ROUTE TWR (051 - 085)","status":"C","gid":10005194,"risk":"MEDIUM","floodCodes":["013FWFGM26","013FWFGM25"],"floodNames":["River Irwell at Kearsley","River Irwell at Prestolee and Ringley Bridges"]},"geometry":{"type":"LineString","coordinates":[[-2.354706,53.623317],[-2.356564,53.61948],[-2.357579,53.617464],[-2.358761,53.615119],[-2.360405,53.611866],[-2.361645,53.609403],[-2.362823,53.607064],[-2.363747,53.605235],[-2.365477,53.601807],[-2.367124,53.599055],[-2.369059,53.595836],[-2.369776,53.593269],[-2.370357,53.591238],[-2.369948,53.588648],[-2.367124,53.586223],[-2.363582,53.583185],[-2.361536,53.581429],[-2.359792,53.579943],[-2.359,53.577249],[-2.357926,53.573651],[-2.35705,53.570708],[-2.356465,53.568728],[-2.355597,53.565818],[-2.354746,53.562961],[-2.354653,53.560307],[-2.356474,53.558158],[-2.357951,53.556419],[-2.357606,53.552475],[-2.357445,53.550618],[-2.357175,53.547603],[-2.358002,53.545797],[-2.359834,53.542771],[-2.360375,53.540357],[-2.362823,53.537556],[-2.360576,53.535483]]}},{"type":"Feature","properties":{"id":"ohl-643","kind":"ohl","name":"CARRINGTON - DAINES 1","voltage":"400","towers":"ZQ ROUTE TWR (008 - 008A)","status":"C","gid":10005195,"risk":"MEDIUM","floodCodes":["013FWFGM40"],"floodNames":["River Mersey at Flixton Village"]},"geometry":{"type":"LineString","coordinates":[[-2.398575,53.4351],[-2.399791,53.434238]]}},{"type":"Feature","properties":{"id":"ohl-644","kind":"ohl","name":"KEARSLEY - PADIHAM","voltage":"400","towers":"ZQ ROUTE TWR (085 - 120)","status":"C","gid":10005196,"risk":"SAFE","floodCodes":[],"floodNames":[]},"geometry":{"type":"LineString","coordinates":[[-2.354706,53.623317],[-2.352885,53.627621],[-2.352039,53.629709],[-2.354733,53.631842],[-2.357219,53.633817],[-2.360996,53.636814],[-2.364303,53.639441],[-2.368821,53.641784],[-2.373376,53.644154],[-2.377014,53.646051],[-2.382396,53.648848],[-2.386047,53.650745],[-2.389503,53.652545],[-2.39367,53.654708],[-2.398002,53.656961],[-2.400763,53.658787],[-2.403988,53.660913],[-2.409348,53.664446],[-2.411841,53.666089],[-2.414988,53.668168],[-2.41913,53.670894],[-2.420506,53.672557],[-2.423568,53.676249],[-2.425949,53.679117],[-2.427879,53.681442],[-2.430191,53.684234],[-2.432263,53.686716],[-2.434553,53.689975],[-2.436612,53.692903],[-2.438762,53.695955],[-2.440463,53.69837],[-2.441743,53.700183],[-2.443947,53.703315],[-2.446016,53.706244],[-2.447661,53.708588],[-2.453542,53.710105]]}},{"type":"Feature","properties":{"id":"ohl-645","kind":"ohl","name":"PADIHAM - PENWORTHAM","voltage":"400","towers":"ZQ ROUTE TWR (120 - 186)","status":"C","gid":10005197,"risk":"MEDIUM","floodCodes":["012FWFL12C"],"floodNames":["River Darwen at Darwen, comprising properties between Hardman Way and the M65"]},"geometry":{"type":"LineString","coordinates":[[-2.453542,53.710105],[-2.45728,53.711159],[-2.461678,53.712332],[-2.464889,53.713194],[-2.470048,53.714566],[-2.473914,53.7156],[-2.474046,53.716417],[-2.476401,53.716787],[-2.481794,53.717275],[-2.485895,53.718506],[-2.491363,53.720145],[-2.497913,53.719317],[-2.502475,53.718742],[-2.50851,53.717982],[-2.513396,53.717369],[-2.517749,53.716819],[-2.522914,53.716169],[-2.529743,53.715305],[-2.534797,53.71546],[-2.542134,53.71568],[-2.545862,53.715793],[-2.550837,53.715942],[-2.555869,53.716088],[-2.560131,53.71745],[-2.565148,53.716373],[-2.569233,53.716494],[-2.573372,53.716618],[-2.57981,53.716809],[-2.583525,53.716922],[-2.588814,53.717081],[-2.592412,53.717183],[-2.598725,53.717374],[-2.599949,53.7166],[-2.604716,53.717061],[-2.608492,53.717431],[-2.61444,53.717447],[-2.619963,53.717464],[-2.626551,53.717484],[-2.632103,53.717504],[-2.638645,53.717523],[-2.643681,53.717537],[-2.646223,53.717485],[-2.649971,53.717408],[-2.655958,53.717282],[-2.661218,53.717617],[-2.665823,53.717438],[-2.66974,53.718142],[-2.673697,53.718855],[-2.678887,53.719795],[-2.683597,53.718745],[-2.688712,53.718924],[-2.694121,53.719109],[-2.697302,53.720385],[-2.702084,53.722292],[-2.706749,53.724149],[-2.711192,53.726181],[-2.715824,53.728296],[-2.720614,53.730483],[-2.724962,53.732469],[-2.729092,53.734354],[-2.733359,53.735361],[-2.737542,53.736347],[-2.742329,53.737474],[-2.745687,53.738265],[-2.748819,53.738997],[-2.750806,53.740757],[-2.754424,53.742555],[-2.754424,53.742555]]}},{"type":"Feature","properties":{"id":"ohl-646","kind":"ohl","name":"CARRINGTON - DAINES - PENWORTHAM","voltage":"400","towers":"ZQ ROUTE TWR (186 - 186A)","status":"C","gid":10005198,"risk":"SAFE","floodCodes":[],"floodNames":[]},"geometry":{"type":"LineString","coordinates":[[-2.754424,53.742555],[-2.756357,53.742138]]}},{"type":"Feature","properties":{"id":"ohl-647","kind":"ohl","name":"BARKING - NORTHFLEET EAST - WEST THURROCK 1","voltage":"400","towers":"ZR ROUTE TWR (001 - 009)","status":"C","gid":10005199,"risk":"MEDIUM","floodCodes":["064FWT1Gravesend"],"floodNames":["Gravesend and Northfleet"]},"geometry":{"type":"LineString","coordinates":[[0.314003,51.434876],[0.313711,51.436929],[0.314758,51.438841],[0.315465,51.440014],[0.317279,51.443194],[0.318023,51.444491],[0.317787,51.445701],[0.319482,51.447054],[0.321455,51.450525],[0.320459,51.453012],[0.317261,51.455608],[0.314033,51.458244]]}},{"type":"Feature","properties":{"id":"ohl-648","kind":"ohl","name":"BARKING - NORTHFLEET EAST - WEST THURROCK 1","voltage":"400","towers":"ZR ROUTE TWR (009 - 010A - 010)","status":"C","gid":10005200,"risk":"MEDIUM","floodCodes":["064FWT1Gravesend"],"floodNames":["Gravesend and Northfleet"]},"geometry":{"type":"LineString","coordinates":[[0.314033,51.458244],[0.312584,51.46022],[0.311757,51.460144]]}},{"type":"Feature","properties":{"id":"ohl-649","kind":"ohl","name":"BARKING - NORTHFLEET EAST - WEST THURROCK 2","voltage":"400","towers":"ZR ROUTE TWR (009 - 010)","status":"C","gid":10005201,"risk":"MEDIUM","floodCodes":["064FWT1Gravesend"],"floodNames":["Gravesend and Northfleet"]},"geometry":{"type":"LineString","coordinates":[[0.311757,51.460144],[0.314033,51.458244]]}},{"type":"Feature","properties":{"id":"ohl-650","kind":"ohl","name":"BARKING - NORTHFLEET EAST - WEST THURROCK 1","voltage":"400","towers":"ZR ROUTE TWR (010 - 013)","status":"C","gid":10005202,"risk":"MEDIUM","floodCodes":["064FWT1Gravesend","051FWCDV5B3WEST"],"floodNames":["Gravesend and Northfleet","The Thames estuary from Grays to Purfleet-on-Thames, including West Thurrock"]},"geometry":{"type":"LineString","coordinates":[[0.311757,51.460144],[0.305383,51.462161],[0.287759,51.467718],[0.281422,51.469718]]}},{"type":"Feature","properties":{"id":"ohl-651","kind":"ohl","name":"BARKING - NORTHFLEET EAST - WEST THURROCK 1","voltage":"400","towers":"ZR ROUTE TWR (013 - 014A)","status":"C","gid":10005203,"risk":"MEDIUM","floodCodes":["051FWCDV5B3WEST"],"floodNames":["The Thames estuary from Grays to Purfleet-on-Thames, including West Thurrock"]},"geometry":{"type":"LineString","coordinates":[[0.281422,51.469718],[0.282575,51.471049]]}},{"type":"Feature","properties":{"id":"ohl-652","kind":"ohl","name":"BARKING - NORTHFLEET EAST - WEST THURROCK 2","voltage":"400","towers":"ZR ROUTE TWR (013 - 013A - 014A)","status":"C","gid":10005204,"risk":"MEDIUM","floodCodes":["051FWCDV5B3WEST"],"floodNames":["The Thames estuary from Grays to Purfleet-on-Thames, including West Thurrock"]},"geometry":{"type":"LineString","coordinates":[[0.281422,51.469718],[0.280573,51.46962],[0.282575,51.471049]]}},{"type":"Feature","properties":{"id":"ohl-653","kind":"ohl","name":"BARKING - NORTHFLEET EAST - WEST THURROCK 1","voltage":"400","towers":"ZR ROUTE TWR (014A-014B-014C-014D-016)","status":"C","gid":10005205,"risk":"MEDIUM","floodCodes":["051FWCDV5B3WEST"],"floodNames":["The Thames estuary from Grays to Purfleet-on-Thames, including West Thurrock"]},"geometry":{"type":"LineString","coordinates":[[0.282575,51.471049],[0.28511,51.471643],[0.286898,51.470863],[0.287836,51.471567],[0.288232,51.472255]]}},{"type":"Feature","properties":{"id":"ohl-654","kind":"ohl","name":"DRAKELOW - RATCLIFFE ON SOAR","voltage":"400","towers":"ZS ROUTE TWR (002 - 004)","status":"C","gid":10005206,"risk":"SAFE","floodCodes":[],"floodNames":[]},"geometry":{"type":"LineString","coordinates":[[-1.650356,52.771871],[-1.651123,52.772296],[-1.65194,52.772734]]}},{"type":"Feature","properties":{"id":"ohl-655","kind":"ohl","name":"DRAKELOW - WILLINGTON EAST","voltage":"400","towers":"ZS ROUTE TWR (004 - 041)","status":"C","gid":10005207,"risk":"SAFE","floodCodes":[],"floodNames":[]},"geometry":{"type":"LineString","coordinates":[[-1.516562,52.825376],[-1.520519,52.82508],[-1.526483,52.824625],[-1.531227,52.824264],[-1.534697,52.824],[-1.540904,52.823525],[-1.547171,52.821928],[-1.550923,52.820971],[-1.555232,52.819873],[-1.560662,52.818489],[-1.564189,52.817589],[-1.570145,52.816069],[-1.57292,52.813491],[-1.574499,52.812023],[-1.57675,52.809931],[-1.579857,52.807042],[-1.581918,52.803954],[-1.58442,52.801562],[-1.585886,52.798554],[-1.588789,52.796195],[-1.591421,52.794038],[-1.591307,52.791025],[-1.59122,52.788269],[-1.593732,52.785354],[-1.596246,52.782432],[-1.598768,52.779519],[-1.601265,52.776618],[-1.605001,52.775131],[-1.609455,52.773355],[-1.614498,52.772316],[-1.619045,52.771375],[-1.624185,52.770316],[-1.627929,52.769543],[-1.632127,52.768675],[-1.637861,52.76749],[-1.641279,52.768689],[-1.646088,52.770375],[-1.650356,52.771871]]}},{"type":"Feature","properties":{"id":"ohl-656","kind":"ohl","name":"DRAKELOW - WILLINGTON EAST","voltage":"400","towers":"ZS ROUTE TWR (041 - ZSA014)","status":"C","gid":10005208,"risk":"SAFE","floodCodes":[],"floodNames":[]},"geometry":{"type":"LineString","coordinates":[[-1.514345,52.82746],[-1.516562,52.825376]]}},{"type":"Feature","properties":{"id":"ohl-657","kind":"ohl","name":"DRAKELOW - RATCLIFFE ON SOAR","voltage":"400","towers":"ZS ROUTE TWR (041 - 042B - 043)","status":"C","gid":10005209,"risk":"SAFE","floodCodes":[],"floodNames":[]},"geometry":{"type":"MultiLineString","coordinates":[[[-1.511368,52.825767],[-1.513677,52.826385]],[[-1.516562,52.825376],[-1.513683,52.826329]]]}},{"type":"Feature","properties":{"id":"ohl-658","kind":"ohl","name":"DRAKELOW - RATCLIFFE ON SOAR","voltage":"400","towers":"ZS ROUTE TWR (043 - 057)","status":"C","gid":10005210,"risk":"SAFE","floodCodes":[],"floodNames":[]},"geometry":{"type":"LineString","coordinates":[[-1.447743,52.837205],[-1.452168,52.836508],[-1.456929,52.83576],[-1.461516,52.835039],[-1.465238,52.834454],[-1.471347,52.833491],[-1.475336,52.832862],[-1.479014,52.83159],[-1.483113,52.830169],[-1.487943,52.828495],[-1.491422,52.827288],[-1.495944,52.826948],[-1.501119,52.826555],[-1.506556,52.826142],[-1.511368,52.825767]]}},{"type":"Feature","properties":{"id":"ohl-659","kind":"ohl","name":"DRAKELOW - WILLINGTON EAST","voltage":"400","towers":"ZSA ROUTE TWR (002 - 014)","status":"C","gid":10005211,"risk":"MEDIUM","floodCodes":["034FWFTRRPTING"],"floodNames":["River Trent at Willington around Repton Road"]},"geometry":{"type":"LineString","coordinates":[[-1.514345,52.82746],[-1.516053,52.830143],[-1.517676,52.832709],[-1.519196,52.835115],[-1.52103,52.838012],[-1.524691,52.84015],[-1.528444,52.842339],[-1.532161,52.844505],[-1.535999,52.846744],[-1.539424,52.848739],[-1.543016,52.850831],[-1.547123,52.853223],[-1.548754,52.854813]]}},{"type":"Feature","properties":{"id":"ohl-660","kind":"ohl","name":"DISC BRADWELL - RAYLEIGH MAIN 1","voltage":"400","towers":"ZT ROUTE TWR (001A - 001)","status":"C","gid":10005212,"risk":"LOW","floodCodes":["051FWCDV4C9"],"floodNames":["The south bank of the Blackwater estuary in Essex"]},"geometry":{"type":"LineString","coordinates":[[0.900268,51.736865],[0.899101,51.738288]]}},{"type":"Feature","properties":{"id":"ohl-661","kind":"ohl","name":"DISC BRADWELL - RAYLEIGH MAIN 2","voltage":"400","towers":"ZT ROUTE TWR (001B - 001)","status":"C","gid":10005213,"risk":"LOW","floodCodes":["051FWCDV4C9"],"floodNames":["The south bank of the Blackwater estuary in Essex"]},"geometry":{"type":"LineString","coordinates":[[0.900268,51.736865],[0.899626,51.738414]]}},{"type":"Feature","properties":{"id":"ohl-662","kind":"ohl","name":"DISC BRADWELL - RAYLEIGH MAIN 1","voltage":"400","towers":"ZT ROUTE TWR (001 - 100)","status":"C","gid":10005214,"risk":"MEDIUM","floodCodes":["051FWCDV4D1","051FWCDV4D3"],"floodNames":["The Essex coast from St Peters Flat to Burnham-on-Crouch","The tidal River Crouch from Creeksea to Battlesbridge"]},"geometry":{"type":"LineString","coordinates":[[0.567041,51.59673],[0.564671,51.598882],[0.56222,51.601109],[0.559151,51.60324],[0.555529,51.605757],[0.551849,51.608307],[0.552158,51.61108],[0.553305,51.61417],[0.554583,51.617613],[0.555833,51.620991],[0.558332,51.622218],[0.560365,51.623218],[0.564277,51.625146],[0.569451,51.627693],[0.573641,51.629755],[0.578556,51.632176],[0.58123,51.633494],[0.584678,51.635191],[0.585223,51.637982],[0.585905,51.64149],[0.586994,51.644759],[0.588079,51.648023],[0.588935,51.650601],[0.5901,51.654132],[0.594264,51.654991],[0.599857,51.65472],[0.604312,51.654504],[0.608719,51.654459],[0.613802,51.654409],[0.617643,51.654373],[0.621954,51.653303],[0.627099,51.652031],[0.632415,51.650684],[0.637339,51.6514],[0.64185,51.652053],[0.6468,51.652769],[0.651742,51.653484],[0.655852,51.65444],[0.659935,51.655385],[0.665466,51.656668],[0.670785,51.657902],[0.675871,51.658231],[0.68027,51.658514],[0.685264,51.658834],[0.689061,51.659075],[0.693176,51.65934],[0.697425,51.65961],[0.703066,51.659972],[0.707337,51.660246],[0.713358,51.660629],[0.718701,51.661117],[0.724579,51.661651],[0.729895,51.662133],[0.735111,51.662609],[0.740136,51.663066],[0.745258,51.663529],[0.750091,51.663966],[0.755228,51.664431],[0.759636,51.665852],[0.763853,51.667212],[0.768278,51.668636],[0.772388,51.669959],[0.777595,51.671253],[0.783173,51.672635],[0.787752,51.67377],[0.792304,51.674901],[0.796689,51.675986],[0.80113,51.677285],[0.805733,51.678635],[0.8086,51.679471],[0.812331,51.680563],[0.817757,51.682146],[0.822459,51.683522],[0.826277,51.684639],[0.830559,51.685892],[0.834648,51.687087],[0.839469,51.688494],[0.844363,51.689924],[0.84879,51.691211],[0.851479,51.693695],[0.853993,51.696008],[0.857537,51.699274],[0.860076,51.701611],[0.863322,51.7046],[0.865842,51.706923],[0.871839,51.70779],[0.876366,51.708449],[0.881322,51.709167],[0.885978,51.708991],[0.890751,51.709989],[0.894487,51.710769],[0.898852,51.711682],[0.904547,51.712872],[0.906419,51.715383],[0.90928,51.719213],[0.911311,51.721932],[0.913667,51.725083],[0.910231,51.72829],[0.906898,51.731415],[0.903592,51.734133],[0.900268,51.736865]]}},{"type":"Feature","properties":{"id":"ohl-663","kind":"ohl","name":"KIRKBY - PENWORTHAM - WASHWAY FARM 2","voltage":"275","towers":"ZU ROUTE TWR (001A - 002)","status":"C","gid":10005215,"risk":"SAFE","floodCodes":[],"floodNames":[]},"geometry":{"type":"LineString","coordinates":[[-2.762505,53.743583],[-2.757538,53.744593]]}},{"type":"Feature","properties":{"id":"ohl-664","kind":"ohl","name":"KIRKBY - PENWORTHAM - WASHWAY FARM 1","voltage":"275","towers":"ZU ROUTE TWR (001 - 002)","status":"C","gid":10005216,"risk":"SAFE","floodCodes":[],"floodNames":[]},"geometry":{"type":"LineString","coordinates":[[-2.758206,53.744625],[-2.762505,53.743583]]}},{"type":"Feature","properties":{"id":"ohl-665","kind":"ohl","name":"KIRKBY - PENWORTHAM - WASHWAY FARM 1","voltage":"275","towers":"ZU ROUTE TWR (002 - 068A)","status":"C","gid":10005217,"risk":"MEDIUM","floodCodes":["012FWCTL37A"],"floodNames":["Ribble estuary at Hutton and Longton"]},"geometry":{"type":"LineString","coordinates":[[-2.762505,53.743583],[-2.766906,53.742809],[-2.773362,53.741679],[-2.776513,53.740618],[-2.781136,53.739072],[-2.785456,53.737626],[-2.789762,53.736188],[-2.793729,53.734862],[-2.797737,53.733522],[-2.803094,53.73173],[-2.808283,53.729996],[-2.812914,53.72845],[-2.813396,53.725592],[-2.813955,53.7223],[-2.814393,53.719695],[-2.815062,53.715752],[-2.815612,53.712497],[-2.81624,53.708796],[-2.81683,53.705313],[-2.817382,53.702031],[-2.817994,53.69842],[-2.818578,53.694957],[-2.819213,53.691253],[-2.817423,53.687942],[-2.815525,53.684403],[-2.813681,53.68145],[-2.811384,53.677753],[-2.809604,53.674901],[-2.808007,53.672336],[-2.805955,53.669043],[-2.804413,53.666559],[-2.80308,53.664421],[-2.802452,53.661445],[-2.801957,53.659101],[-2.801288,53.655941],[-2.800626,53.652815],[-2.799966,53.649691],[-2.799518,53.64758],[-2.798822,53.644313],[-2.798651,53.640541],[-2.798511,53.63746],[-2.798337,53.633651],[-2.798183,53.630331],[-2.798009,53.626497],[-2.797925,53.62465],[-2.797809,53.621962],[-2.79579,53.618104],[-2.794384,53.615401],[-2.79281,53.612386],[-2.790899,53.608721],[-2.789641,53.606318],[-2.791119,53.604296],[-2.79288,53.601885],[-2.795072,53.598886],[-2.797213,53.595948],[-2.799497,53.592815],[-2.801558,53.589992],[-2.803964,53.586693],[-2.805316,53.583512],[-2.806536,53.580661],[-2.803202,53.578208],[-2.802523,53.575906],[-2.805418,53.573515],[-2.80792,53.571441],[-2.810716,53.569125],[-2.814657,53.565849],[-2.818607,53.563544],[-2.819851,53.562813]]}},{"type":"Feature","properties":{"id":"ohl-666","kind":"ohl","name":"KIRKBY - PENWORTHAM - WASHWAY FARM 1","voltage":"275","towers":"ZU ROUTE TWR (068A - 068B/069)","status":"C","gid":10005218,"risk":"SAFE","floodCodes":[],"floodNames":[]},"geometry":{"type":"LineString","coordinates":[[-2.822851,53.561059],[-2.819851,53.562813]]}},{"type":"Feature","properties":{"id":"ohl-667","kind":"ohl","name":"KIRKBY - PENWORTHAM - WASHWAY FARM 1","voltage":"275","towers":"ZU ROUTE TWR (069 - 097)","status":"C","gid":10005219,"risk":"SAFE","floodCodes":[],"floodNames":[]},"geometry":{"type":"LineString","coordinates":[[-2.845282,53.471456],[-2.844392,53.474909],[-2.843569,53.478092],[-2.842653,53.481632],[-2.841745,53.485157],[-2.840797,53.488775],[-2.842071,53.491701],[-2.843399,53.494751],[-2.844722,53.497798],[-2.843113,53.50066],[-2.84136,53.503777],[-2.839397,53.507271],[-2.837512,53.510629],[-2.835556,53.514112],[-2.833721,53.517388],[-2.831818,53.520768],[-2.829991,53.52402],[-2.830185,53.527711],[-2.830348,53.530805],[-2.830553,53.534646],[-2.830665,53.536738],[-2.830821,53.539741],[-2.830941,53.54204],[-2.831144,53.545901],[-2.831316,53.549192],[-2.831486,53.552457],[-2.831671,53.555898],[-2.826989,53.558638],[-2.822851,53.561059]]}},{"type":"Feature","properties":{"id":"ohl-668","kind":"ohl","name":"KIRKBY - PENWORTHAM - WASHWAY FARM 1","voltage":"275","towers":"ZU ROUTE TWR (097 - 098)","status":"C","gid":10005220,"risk":"SAFE","floodCodes":[],"floodNames":[]},"geometry":{"type":"LineString","coordinates":[[-2.846388,53.469399],[-2.845282,53.471456]]}},{"type":"Feature","properties":{"id":"ohl-669","kind":"ohl","name":"KIRKBY - PENWORTHAM - WASHWAY FARM 2","voltage":"275","towers":"ZU ROUTE TWR (097 - 098A)","status":"C","gid":10005221,"risk":"SAFE","floodCodes":[],"floodNames":[]},"geometry":{"type":"LineString","coordinates":[[-2.845282,53.471456],[-2.846287,53.468915]]}},{"type":"Feature","properties":{"id":"ohl-670","kind":"ohl","name":"CANTERBURY NORTH - KEMSLEY","voltage":"400","towers":"ZV ROUTE TWR (165 - 166)","status":"C","gid":10005222,"risk":"MEDIUM","floodCodes":["064FWC1Kemsley"],"floodNames":["Coast from Kemsley to Seasalter"]},"geometry":{"type":"LineString","coordinates":[[0.940159,51.338328],[0.938347,51.338183],[0.942749,51.339004]]}},{"type":"Feature","properties":{"id":"ohl-671","kind":"ohl","name":"CANTERBURY NORTH - KEMSLEY","voltage":"400","towers":"ZV ROUTE TWR (166 - 208)","status":"C","gid":10005223,"risk":"MEDIUM","floodCodes":["064FWF9A3","064FWC1Kemsley","064FWF6Canterbury"],"floodNames":["Swalecliffe Brook","Coast from Kemsley to Seasalter","River Great Stour at Canterbury"]},"geometry":{"type":"LineString","coordinates":[[0.940643,51.338413],[0.942749,51.339004],[0.947183,51.337437],[0.953522,51.336925],[0.956858,51.336679],[0.962994,51.336172],[0.966999,51.335847],[0.972544,51.335413],[0.976876,51.33507],[0.982086,51.334672],[0.986683,51.334286],[0.991359,51.333913],[0.995541,51.333582],[0.999815,51.333238],[1.004434,51.332641],[1.007365,51.332263],[1.009985,51.332194],[1.014839,51.332069],[1.019435,51.33195],[1.024633,51.331816],[1.029359,51.331692],[1.03339,51.331586],[1.037115,51.330199],[1.042211,51.328319],[1.047024,51.326536],[1.05117,51.325012],[1.055172,51.323519],[1.057825,51.322553],[1.061733,51.321084],[1.065726,51.319612],[1.069745,51.318113],[1.074138,51.316482],[1.078796,51.314752],[1.082486,51.313382],[1.085305,51.312343],[1.089171,51.310919],[1.094435,51.308963],[1.097149,51.30676],[1.098516,51.305628],[1.102746,51.304387],[1.104115,51.301785],[1.100741,51.298964],[1.099885,51.296352],[1.097193,51.294982]]}},{"type":"Feature","properties":{"id":"ohl-672","kind":"ohl","name":"HEYSHAM- HUTTON - PENWORTHAM 1","voltage":"400","towers":"ZX ROUTE TWR (248R - 444R)","status":"C","gid":10005224,"risk":"MEDIUM","floodCodes":["012FWFL50A","012FWFL1","012FWBL34A","012FWCTL37A"],"floodNames":["River Lune at Halton, adjacent to river from Forgebank Walk to M6 bridge","River Wyre at Scorton","Ribble estuary at Riversway Docklands","Ribble estuary at Hutton and Longton"]},"geometry":{"type":"LineString","coordinates":[[-2.669841,54.297165],[-2.668174,54.2961],[-2.66557,54.294452],[-2.663264,54.29358],[-2.65886,54.291901],[-2.654338,54.290166],[-2.65338,54.28621],[-2.652931,54.284313],[-2.65291,54.280603],[-2.65289,54.277199],[-2.652878,54.275278],[-2.652855,54.271327],[-2.652836,54.268191],[-2.65282,54.265291],[-2.652809,54.263004],[-2.652785,54.259578],[-2.652772,54.25625],[-2.652752,54.253443],[-2.652732,54.249889],[-2.652715,54.246949],[-2.652692,54.242945],[-2.652667,54.238419],[-2.652657,54.235993],[-2.652642,54.233828],[-2.652781,54.232117],[-2.653103,54.228161],[-2.6533,54.225746],[-2.653575,54.22238],[-2.653774,54.219976],[-2.654053,54.216564],[-2.654323,54.213229],[-2.654575,54.210146],[-2.65482,54.20715],[-2.655084,54.203897],[-2.655536,54.20123],[-2.656095,54.197925],[-2.656556,54.195207],[-2.657108,54.191934],[-2.657677,54.18858],[-2.658059,54.186347],[-2.658435,54.184111],[-2.659883,54.182024],[-2.662471,54.178294],[-2.663987,54.176113],[-2.666449,54.172562],[-2.667662,54.170814],[-2.67004,54.167388],[-2.672014,54.16454],[-2.673955,54.161744],[-2.676102,54.158648],[-2.678455,54.155255],[-2.680558,54.15222],[-2.682742,54.149073],[-2.684849,54.146016],[-2.688355,54.143823],[-2.691921,54.141584],[-2.694829,54.139755],[-2.699178,54.13702],[-2.702968,54.134638],[-2.706447,54.132454],[-2.709827,54.130327],[-2.71161,54.128093],[-2.713868,54.125262],[-2.716305,54.122209],[-2.718882,54.118976],[-2.72136,54.115873],[-2.723799,54.112806],[-2.726418,54.110948],[-2.729662,54.108644],[-2.733292,54.106062],[-2.73592,54.104199],[-2.740063,54.101247],[-2.742619,54.099427],[-2.747008,54.096306],[-2.750244,54.094005],[-2.754134,54.091243],[-2.752508,54.088589],[-2.751059,54.086221],[-2.749106,54.083031],[-2.747299,54.080087],[-2.749026,54.076955],[-2.750945,54.073463],[-2.752683,54.070303],[-2.754197,54.067541],[-2.756393,54.063552],[-2.757809,54.060971],[-2.759532,54.057837],[-2.761267,54.054684],[-2.762533,54.052381],[-2.760655,54.049025],[-2.759214,54.046438],[-2.757535,54.043434],[-2.757793,54.040083],[-2.758026,54.037014],[-2.758327,54.033131],[-2.757239,54.029101],[-2.756511,54.026363],[-2.755837,54.023853],[-2.754683,54.019501],[-2.753616,54.01553],[-2.753381,54.012286],[-2.753133,54.009115],[-2.752878,54.005767],[-2.752615,54.002287],[-2.752357,53.998924],[-2.752158,53.99629],[-2.75399,53.994672],[-2.757323,53.991729],[-2.760485,53.988934],[-2.761484,53.986349],[-2.762667,53.983285],[-2.763441,53.981276],[-2.764114,53.97955],[-2.764105,53.976667],[-2.764104,53.974143],[-2.764098,53.970962],[-2.764091,53.967888],[-2.764086,53.964964],[-2.76408,53.962038],[-2.764074,53.958509],[-2.764067,53.955132],[-2.764063,53.951919],[-2.764055,53.948241],[-2.764047,53.946665],[-2.764803,53.943604],[-2.765458,53.940919],[-2.766197,53.93791],[-2.766877,53.935128],[-2.767383,53.933066],[-2.766702,53.929517],[-2.766107,53.926404],[-2.765536,53.923434],[-2.764957,53.92042],[-2.764425,53.917626],[-2.762989,53.914401],[-2.761675,53.911453],[-2.760388,53.908556],[-2.759071,53.905597],[-2.757744,53.902615],[-2.756642,53.900136],[-2.755214,53.89693],[-2.75387,53.893898],[-2.752476,53.891367],[-2.750889,53.888483],[-2.749408,53.885804],[-2.750779,53.883856],[-2.753005,53.880693],[-2.754562,53.878486],[-2.754067,53.875816],[-2.753657,53.873573],[-2.753188,53.870995],[-2.752603,53.867778],[-2.751998,53.864492],[-2.751726,53.860872],[-2.751522,53.85818],[-2.751295,53.855258],[-2.751017,53.851601],[-2.750768,53.848402],[-2.750552,53.845546],[-2.750364,53.843088],[-2.750154,53.840346],[-2.749875,53.83678],[-2.749508,53.834035],[-2.749105,53.83106],[-2.748749,53.82842],[-2.748363,53.825571],[-2.747961,53.822537],[-2.747859,53.82028],[-2.747704,53.816711],[-2.747566,53.813524],[-2.747423,53.810389],[-2.750223,53.807911],[-2.753023,53.805429],[-2.755954,53.802825],[-2.75946,53.799715],[-2.760673,53.798637],[-2.762005,53.797455],[-2.765327,53.794504],[-2.767502,53.792575],[-2.770062,53.790302],[-2.772497,53.788138],[-2.775403,53.785554],[-2.777336,53.783839],[-2.779583,53.781842],[-2.780735,53.779731],[-2.781971,53.777474],[-2.782652,53.774976],[-2.783638,53.771406],[-2.782933,53.769026],[-2.782124,53.766262],[-2.77783,53.764856],[-2.772979,53.763263],[-2.768273,53.761715],[-2.764731,53.760547],[-2.762463,53.756972],[-2.761296,53.755126],[-2.759106,53.751657],[-2.75811,53.750225],[-2.752824,53.747934],[-2.75309,53.746646],[-2.753407,53.744911],[-2.755472,53.744559]]}},{"type":"Feature","properties":{"id":"ohl-673","kind":"ohl","name":"HEYSHAM- HUTTON - PENWORTHAM 2","voltage":"400","towers":"ZX ROUTE TWR (444R - 445)","status":"C","gid":10005225,"risk":"SAFE","floodCodes":[],"floodNames":[]},"geometry":{"type":"LineString","coordinates":[[-2.755472,53.744559],[-2.75762,53.744148]]}},{"type":"Feature","properties":{"id":"ohl-674","kind":"ohl","name":"NORTON - SPENNYMOOR 1","voltage":"275","towers":"ZXC ROUTE TWR (015 - 060)","status":"C","gid":10005226,"risk":"SAFE","floodCodes":[],"floodNames":[]},"geometry":{"type":"LineString","coordinates":[[-1.551196,54.704722],[-1.546188,54.705724],[-1.541629,54.706643],[-1.535872,54.706828],[-1.52969,54.707035],[-1.523532,54.70724],[-1.519486,54.707371],[-1.515261,54.707515],[-1.509495,54.707707],[-1.505744,54.707833],[-1.499644,54.706736],[-1.49371,54.70567],[-1.487789,54.704607],[-1.48223,54.703608],[-1.478019,54.702852],[-1.47285,54.702323],[-1.467637,54.70179],[-1.463123,54.701328],[-1.458075,54.700811],[-1.453482,54.700341],[-1.447638,54.699743],[-1.442019,54.699166],[-1.439788,54.696883],[-1.437533,54.69458],[-1.434614,54.692033],[-1.432289,54.690011],[-1.42938,54.687474],[-1.426592,54.685045],[-1.424018,54.682791],[-1.423433,54.679672],[-1.422826,54.676452],[-1.422268,54.673431],[-1.421622,54.66997],[-1.421025,54.666769],[-1.420467,54.663804],[-1.4199,54.660766],[-1.419264,54.657353],[-1.418567,54.653619],[-1.417986,54.650499],[-1.41732,54.646924],[-1.414497,54.645004],[-1.410674,54.6424],[-1.406835,54.639784],[-1.402643,54.636928],[-1.398806,54.634307]]}},{"type":"Feature","properties":{"id":"ohl-675","kind":"ohl","name":"HAWTHORN PIT - NORTON 275KV","voltage":"275","towers":"ZXC ROUTE TWR (001A - 014 - 4TF015)","status":"C","gid":10005227,"risk":"SAFE","floodCodes":[],"floodNames":[]},"geometry":{"type":"LineString","coordinates":[[-1.397647,54.63525],[-1.393202,54.633516],[-1.3886,54.630381],[-1.385263,54.628112],[-1.380649,54.624974],[-1.377143,54.622589],[-1.372734,54.619593],[-1.369452,54.616874],[-1.366418,54.614363],[-1.363198,54.611697],[-1.360228,54.609237],[-1.360187,54.605658],[-1.360153,54.602434],[-1.360122,54.59911],[-1.363344,54.59697]]}},{"type":"Feature","properties":{"id":"ohl-676","kind":"ohl","name":"HINKLEY POINT - TAUNTON 1","voltage":"400","towers":"ZZ ROUTE TWR (001 - 004)","status":"C","gid":10005228,"risk":"MEDIUM","floodCodes":["112FWTSTE03","112FWTSTE02"],"floodNames":["Somerset coast at Steart, Stolford and Stretcholt","Somerset coast at Steart and Stolford, properties located behind the seafront"]},"geometry":{"type":"LineString","coordinates":[[-3.127991,51.202444],[-3.128159,51.205603]]}},{"type":"Feature","properties":{"id":"ohl-677","kind":"ohl","name":"HINKLEY POINT - TAUNTON 2","voltage":"400","towers":"ZZ ROUTE TWR (ZG001 - 002 - 003 - 004)","status":"C","gid":10005229,"risk":"MEDIUM","floodCodes":["112FWTSTE03","112FWTSTE02"],"floodNames":["Somerset coast at Steart, Stolford and Stretcholt","Somerset coast at Steart and Stolford, properties located behind the seafront"]},"geometry":{"type":"LineString","coordinates":[[-3.126968,51.20562],[-3.127355,51.204827],[-3.127596,51.203749],[-3.127991,51.202444]]}},{"type":"Feature","properties":{"id":"ohl-678","kind":"ohl","name":"HINKLEY POINT - TAUNTON 1","voltage":"400","towers":"ZZ ROUTE TWR (004 - 082)","status":"C","gid":10005230,"risk":"MEDIUM","floodCodes":["112FWTSTE03","112FWTSTE02","112FWFHAL10A","112FWFTON10A"],"floodNames":["Somerset coast at Steart, Stolford and Stretcholt","Somerset coast at Steart and Stolford, properties located behind the seafront","Halsewater Stream at Norton Fitzwarren","River Tone from Waterrow to Taunton"]},"geometry":{"type":"LineString","coordinates":[[-3.127991,51.202444],[-3.124154,51.200477],[-3.120939,51.198813],[-3.116522,51.196529],[-3.115137,51.193751],[-3.113608,51.190683],[-3.112169,51.187788],[-3.110987,51.185422],[-3.109257,51.181949],[-3.107804,51.179033],[-3.106562,51.176537],[-3.104983,51.173367],[-3.103381,51.170151],[-3.101821,51.167017],[-3.099948,51.163258],[-3.098575,51.160507],[-3.096547,51.157681],[-3.094126,51.15431],[-3.092346,51.151831],[-3.090133,51.148753],[-3.087659,51.145308],[-3.085915,51.142883],[-3.082657,51.140483],[-3.079389,51.138074],[-3.076466,51.135921],[-3.074147,51.134211],[-3.071191,51.132034],[-3.067789,51.128918],[-3.064835,51.12621],[-3.061755,51.123384],[-3.059155,51.121003],[-3.056433,51.118505],[-3.054243,51.116501],[-3.052179,51.113366],[-3.049855,51.109845],[-3.04786,51.106816],[-3.046023,51.104029],[-3.044193,51.101254],[-3.04208,51.098045],[-3.040367,51.095449],[-3.041454,51.093243],[-3.042637,51.090848],[-3.044487,51.087103],[-3.045595,51.084856],[-3.047761,51.08046],[-3.048831,51.078293],[-3.053157,51.07633],[-3.057892,51.074186],[-3.060878,51.072832],[-3.066031,51.070495],[-3.069343,51.069385],[-3.075478,51.067328],[-3.07807,51.06646],[-3.083746,51.064555],[-3.087993,51.063132],[-3.091513,51.061949],[-3.094796,51.060848],[-3.096636,51.059312],[-3.09908,51.057265],[-3.101954,51.054861],[-3.105823,51.051625],[-3.108066,51.049748],[-3.110982,51.047912],[-3.114586,51.045644],[-3.117579,51.043761],[-3.121303,51.04203],[-3.125301,51.040172],[-3.129078,51.038417],[-3.133079,51.036555],[-3.137803,51.034358],[-3.14145,51.032662],[-3.145923,51.032132],[-3.149431,51.031719],[-3.152476,51.030134],[-3.156303,51.028138],[-3.157919,51.025417],[-3.157486,51.02284],[-3.15696,51.019762],[-3.155243,51.018184]]}},{"type":"Feature","properties":{"id":"ohl-679","kind":"ohl","name":"EXETER - TAUNTON 1","voltage":"400","towers":"ZZ ROUTE TWR (082A - 192)","status":"C","gid":10005231,"risk":"MEDIUM","floodCodes":["112FWFTON10A","113FWF2G4A"],"floodNames":["River Tone from Waterrow to Taunton","River Culm (Upper) from Hemyock to Cullompton"]},"geometry":{"type":"LineString","coordinates":[[-3.155426,51.015862],[-3.15891,51.014783],[-3.164427,51.013406],[-3.169208,51.01221],[-3.172187,51.011466],[-3.175669,51.00886],[-3.179407,51.00607],[-3.183017,51.003376],[-3.186672,51.000645],[-3.191929,50.999153],[-3.197101,50.997679],[-3.202063,50.996264],[-3.206813,50.994911],[-3.211205,50.993659],[-3.216375,50.99321],[-3.22184,50.992736],[-3.226809,50.992302],[-3.231639,50.991881],[-3.236548,50.991454],[-3.241412,50.991029],[-3.246188,50.990614],[-3.248512,50.989198],[-3.251866,50.987157],[-3.256323,50.98558],[-3.258886,50.984671],[-3.264727,50.982603],[-3.268863,50.981139],[-3.273095,50.979641],[-3.277178,50.977389],[-3.280902,50.975336],[-3.285047,50.973052],[-3.289468,50.970614],[-3.293352,50.968468],[-3.297,50.966856],[-3.300319,50.965394],[-3.305477,50.963122],[-3.308537,50.961773],[-3.311883,50.9603],[-3.314021,50.95835],[-3.316712,50.9559],[-3.319844,50.953049],[-3.323045,50.950136],[-3.326237,50.94723],[-3.328756,50.944937],[-3.331566,50.942377],[-3.334474,50.93973],[-3.337375,50.937086],[-3.340124,50.934583],[-3.342602,50.932326],[-3.34553,50.929659],[-3.349198,50.927171],[-3.352828,50.924712],[-3.356323,50.922345],[-3.360017,50.919838],[-3.363303,50.917615],[-3.365664,50.914445],[-3.367845,50.911526],[-3.370173,50.908407],[-3.372609,50.905147],[-3.375089,50.901829],[-3.37742,50.898703],[-3.379231,50.896278],[-3.38102,50.894875],[-3.384214,50.89237],[-3.387484,50.889807],[-3.390663,50.887313],[-3.390769,50.884479],[-3.390886,50.88139],[-3.387918,50.879021],[-3.385454,50.877052],[-3.382654,50.874812],[-3.379625,50.872389],[-3.376363,50.869783],[-3.37314,50.867202],[-3.369778,50.864521],[-3.370332,50.86162],[-3.370956,50.858364],[-3.371577,50.855066],[-3.372202,50.851785],[-3.372818,50.848553],[-3.373527,50.844837],[-3.374156,50.841521],[-3.374851,50.837867],[-3.375339,50.8353],[-3.375804,50.832861],[-3.376369,50.829908],[-3.374723,50.826918],[-3.372965,50.823711],[-3.370981,50.820084],[-3.369281,50.816976],[-3.367593,50.813895],[-3.365531,50.811241],[-3.363212,50.808256],[-3.361389,50.805907],[-3.359628,50.803646],[-3.360474,50.801524],[-3.361393,50.799194],[-3.362343,50.796788],[-3.366198,50.794954],[-3.369761,50.793257],[-3.37329,50.791576],[-3.37622,50.790181],[-3.380275,50.788247],[-3.383271,50.786825],[-3.385117,50.784209],[-3.387065,50.781463],[-3.389204,50.778441],[-3.391772,50.776746],[-3.395591,50.77422],[-3.398783,50.772107],[-3.40202,50.769967]]}},{"type":"Feature","properties":{"id":"ohl-680","kind":"ohl","name":"EXETER - TAUNTON 2","voltage":"400","towers":"ZZ ROUTE TWR (192 - 193)","status":"C","gid":10005232,"risk":"SAFE","floodCodes":[],"floodNames":[]},"geometry":{"type":"LineString","coordinates":[[-3.40202,50.769967],[-3.404414,50.76839]]}},{"type":"Feature","properties":{"id":"ohl-681","kind":"ohl","name":"EXETER - TAUNTON 1","voltage":"400","towers":"ZZ ROUTE TWR (192 - 194)","status":"C","gid":10005233,"risk":"SAFE","floodCodes":[],"floodNames":[]},"geometry":{"type":"LineString","coordinates":[[-3.40202,50.769967],[-3.405396,50.768583]]}},{"type":"Feature","properties":{"id":"ohl-682","kind":"ohl","name":"BLYTH - SOUTH SHIELDS - TYNE 11KV SGT4","voltage":"400","towers":"ZZA ROUTE TWR (001A - 001)","status":"C","gid":10005234,"risk":"SAFE","floodCodes":[],"floodNames":[]},"geometry":{"type":"LineString","coordinates":[[-1.530253,55.139985],[-1.530862,55.140293]]}},{"type":"Feature","properties":{"id":"ohl-683","kind":"ohl","name":"BLYTH - SOUTH SHIELDS - TYNE 11KV SGT4","voltage":"400","towers":"ZZA ROUTE TWR (001 - 052A)","status":"C","gid":10005235,"risk":"SAFE","floodCodes":[],"floodNames":[]},"geometry":{"type":"LineString","coordinates":[[-1.501286,55.024354],[-1.5038,55.023681],[-1.506452,55.026287],[-1.509498,55.029203],[-1.51234,55.031942],[-1.516837,55.032026],[-1.521439,55.032114],[-1.525011,55.035008],[-1.522866,55.038455],[-1.522022,55.040663],[-1.521178,55.04285],[-1.523674,55.045445],[-1.526768,55.048663],[-1.529782,55.051797],[-1.531782,55.053881],[-1.532903,55.055038],[-1.535222,55.057635],[-1.537545,55.060237],[-1.535135,55.062431],[-1.536042,55.065595],[-1.536865,55.068488],[-1.537444,55.07055],[-1.5413,55.072937],[-1.544921,55.075181],[-1.546231,55.077137],[-1.547939,55.079681],[-1.549751,55.082382],[-1.55324,55.084927],[-1.556909,55.087603],[-1.560261,55.090043],[-1.561729,55.09304],[-1.563537,55.096709],[-1.565412,55.099211],[-1.567715,55.10227],[-1.569963,55.105262],[-1.57186,55.107787],[-1.573667,55.110176],[-1.573291,55.113595],[-1.573,55.116265],[-1.572676,55.119269],[-1.572282,55.122938],[-1.572017,55.125379],[-1.571751,55.127857],[-1.567042,55.129506],[-1.561117,55.131565],[-1.556957,55.132512],[-1.554089,55.13566],[-1.551708,55.138265],[-1.550028,55.140115],[-1.544655,55.140101],[-1.541321,55.140094],[-1.535358,55.140449],[-1.530253,55.139985]]}},{"type":"Feature","properties":{"id":"ohl-684","kind":"ohl","name":"BLYTH - SOUTH SHIELDS - TYNE 11KV SGT4","voltage":"400","towers":"ZZA ROUTE TWR (052A - 053A)","status":"C","gid":10005236,"risk":"SAFE","floodCodes":[],"floodNames":[]},"geometry":{"type":"LineString","coordinates":[[-1.50069,55.022846],[-1.501286,55.024354]]}},{"type":"Feature","properties":{"id":"ohl-685","kind":"ohl","name":"TYNEMOUTH - WEST BOLDON","voltage":"400","towers":"ZZA ROUTE TWR (071A - 072A)","status":"C","gid":10005237,"risk":"SAFE","floodCodes":[],"floodNames":[]},"geometry":{"type":"LineString","coordinates":[[-1.448574,54.972766],[-1.449577,54.974194]]}},{"type":"Feature","properties":{"id":"ohl-686","kind":"ohl","name":"SOUTH SHIELDS - WEST BOLDON","voltage":"400","towers":"ZZA ROUTE TWR (072A - 086)","status":"C","gid":10005238,"risk":"SAFE","floodCodes":[],"floodNames":[]},"geometry":{"type":"LineString","coordinates":[[-1.469731,54.940864],[-1.469144,54.942377],[-1.470397,54.944976],[-1.471718,54.947744],[-1.47323,54.950905],[-1.472049,54.954876],[-1.467326,54.956526],[-1.463848,54.957744],[-1.459023,54.959429],[-1.453063,54.961514],[-1.450706,54.964404],[-1.448936,54.966175],[-1.447866,54.968464],[-1.447514,54.970893],[-1.448574,54.972766]]}},{"type":"Feature","properties":{"id":"ohl-687","kind":"ohl","name":"HARTLEPOOL - WEST BOLDON","voltage":"400","towers":"ZZA ROUTE TWR (114A - 139B)","status":"C","gid":10005239,"risk":"SAFE","floodCodes":[],"floodNames":[]},"geometry":{"type":"LineString","coordinates":[[-1.405313,54.805711],[-1.409382,54.807779],[-1.413682,54.810002],[-1.418471,54.812464],[-1.423248,54.814665],[-1.423064,54.818061],[-1.422886,54.821203],[-1.42266,54.825146],[-1.422548,54.827172],[-1.422398,54.829773],[-1.422264,54.832109],[-1.424206,54.834733],[-1.426169,54.837397],[-1.428579,54.840668],[-1.43068,54.843511],[-1.432802,54.846398],[-1.433601,54.85039],[-1.434091,54.852863],[-1.434706,54.855938],[-1.438617,54.858782],[-1.44228,54.861438],[-1.446369,54.864407],[-1.450059,54.867083],[-1.450942,54.869156],[-1.455131,54.871861],[-1.455209,54.875357],[-1.455267,54.878094],[-1.458684,54.880442]]}},{"type":"Feature","properties":{"id":"ohl-688","kind":"ohl","name":"HARTLEPOOL - WEST BOLDON","voltage":"400","towers":"ZZA ROUTE TWR (139B - 140D)","status":"C","gid":10005240,"risk":"SAFE","floodCodes":[],"floodNames":[]},"geometry":{"type":"LineString","coordinates":[[-1.406262,54.80539],[-1.405313,54.805711]]}},{"type":"Feature","properties":{"id":"ohl-689","kind":"ohl","name":"HARTLEPOOL - WEST BOLDON","voltage":"400","towers":"ZZA ROUTE TWR (140D/C/B/A - 140 - 156)","status":"C","gid":10005241,"risk":"SAFE","floodCodes":[],"floodNames":[]},"geometry":{"type":"LineString","coordinates":[[-1.410672,54.760171],[-1.412047,54.762524],[-1.413764,54.765465],[-1.415267,54.768033],[-1.416734,54.770545],[-1.418666,54.773845],[-1.420763,54.777428],[-1.421872,54.779319],[-1.422047,54.781556],[-1.42226,54.784307],[-1.42246,54.786798],[-1.422717,54.790048],[-1.422939,54.792836],[-1.423222,54.796385],[-1.423455,54.799297],[-1.423643,54.801647],[-1.42388,54.804096],[-1.419271,54.806576],[-1.414245,54.806295],[-1.409022,54.806003],[-1.406262,54.80539]]}},{"type":"Feature","properties":{"id":"ohl-690","kind":"ohl","name":"HARTLEPOOL - WEST BOLDON","voltage":"400","towers":"ZZA ROUTE TWR (156 - 157B - 157)","status":"C","gid":10005242,"risk":"SAFE","floodCodes":[],"floodNames":[]},"geometry":{"type":"LineString","coordinates":[[-1.408449,54.756371],[-1.411216,54.757945],[-1.410672,54.760171]]}},{"type":"Feature","properties":{"id":"ohl-691","kind":"ohl","name":"HARTMOOR - HAWTHORN PIT","voltage":"400","towers":"ZZA ROUTE TWR (156 - 157A - 157)","status":"C","gid":10005243,"risk":"SAFE","floodCodes":[],"floodNames":[]},"geometry":{"type":"LineString","coordinates":[[-1.408449,54.756371],[-1.409627,54.75839],[-1.410672,54.760171]]}},{"type":"Feature","properties":{"id":"ohl-692","kind":"ohl","name":"HARTLEPOOL - WEST BOLDON","voltage":"400","towers":"ZZA ROUTE TWR (157 - 188)","status":"C","gid":10005244,"risk":"SAFE","floodCodes":[],"floodNames":[]},"geometry":{"type":"LineString","coordinates":[[-1.296498,54.703556],[-1.301974,54.704919],[-1.308452,54.704839],[-1.312906,54.704787],[-1.319713,54.704704],[-1.324846,54.704641],[-1.328713,54.706425],[-1.33309,54.708441],[-1.337638,54.710538],[-1.342486,54.712772],[-1.345673,54.714239],[-1.349176,54.715853],[-1.352353,54.718972],[-1.355355,54.721925],[-1.358529,54.72504],[-1.36041,54.726882],[-1.361748,54.729742],[-1.36274,54.731853],[-1.364258,54.735068],[-1.365793,54.73833],[-1.367024,54.740944],[-1.368775,54.744679],[-1.372408,54.745744],[-1.376758,54.747027],[-1.380954,54.748266],[-1.384532,54.749322],[-1.388696,54.750551],[-1.393002,54.75182],[-1.396884,54.752963],[-1.400426,54.754009],[-1.40421,54.755124],[-1.408449,54.756371]]}},{"type":"Feature","properties":{"id":"ohl-693","kind":"ohl","name":"HARTMOOR - HAWTHORN PIT","voltage":"400","towers":"ZZA ROUTE TWR (188 - 189)","status":"C","gid":10005245,"risk":"SAFE","floodCodes":[],"floodNames":[]},"geometry":{"type":"LineString","coordinates":[[-1.296498,54.703556],[-1.29261,54.701068]]}},{"type":"Feature","properties":{"id":"ohl-694","kind":"ohl","name":"HARTLEPOOL - WEST BOLDON","voltage":"400","towers":"ZZA ROUTE TWR (188 - 189A)","status":"C","gid":10005246,"risk":"SAFE","floodCodes":[],"floodNames":[]},"geometry":{"type":"LineString","coordinates":[[-1.29365,54.699814],[-1.296498,54.703556]]}},{"type":"Feature","properties":{"id":"ohl-695","kind":"ohl","name":"HARTLEPOOL - WEST BOLDON","voltage":"400","towers":"ZZA ROUTE TWR (189A - 191)","status":"C","gid":10005247,"risk":"SAFE","floodCodes":[],"floodNames":[]},"geometry":{"type":"LineString","coordinates":[[-1.292825,54.697917],[-1.29365,54.699814]]}},{"type":"Feature","properties":{"id":"ohl-696","kind":"ohl","name":"HARTLEPOOL - HARTMOOR","voltage":"400","towers":"ZZA ROUTE TWR (190 - 191)","status":"C","gid":10005248,"risk":"SAFE","floodCodes":[],"floodNames":[]},"geometry":{"type":"LineString","coordinates":[[-1.292825,54.697917],[-1.292008,54.699814]]}},{"type":"Feature","properties":{"id":"ohl-697","kind":"ohl","name":"HARTLEPOOL - WEST BOLDON","voltage":"400","towers":"ZZA ROUTE TWR (191 - 213)","status":"C","gid":10005249,"risk":"SAFE","floodCodes":[],"floodNames":[]},"geometry":{"type":"LineString","coordinates":[[-1.257502,54.627547],[-1.260284,54.630519],[-1.263168,54.633609],[-1.26603,54.636675],[-1.268504,54.639329],[-1.271412,54.642443],[-1.274369,54.645618],[-1.277177,54.64863],[-1.278088,54.651489],[-1.279016,54.654409],[-1.280175,54.658053],[-1.281282,54.661535],[-1.282333,54.664839],[-1.283478,54.668438],[-1.284334,54.67113],[-1.285431,54.674596],[-1.286526,54.678047],[-1.287486,54.681076],[-1.288294,54.683621],[-1.289416,54.687154],[-1.29048,54.69051],[-1.291597,54.69403],[-1.292825,54.697917]]}},{"type":"Feature","properties":{"id":"ohl-698","kind":"ohl","name":"HARTLEPOOL - SALTHOLME","voltage":"400","towers":"ZZA ROUTE TWR (214 - 220A)","status":"C","gid":10005250,"risk":"SAFE","floodCodes":[],"floodNames":[]},"geometry":{"type":"LineString","coordinates":[[-1.237371,54.606133],[-1.238828,54.607873],[-1.241528,54.610683],[-1.244194,54.613469],[-1.246595,54.615978],[-1.248819,54.6183],[-1.251639,54.621248],[-1.254139,54.624243]]}},{"type":"Feature","properties":{"id":"ohl-699","kind":"ohl","name":"HARTLEPOOL - TOD POINT","voltage":"400","towers":"ZZA ROUTE TWR (220A - 221)","status":"C","gid":10005251,"risk":"SAFE","floodCodes":[],"floodNames":[]},"geometry":{"type":"LineString","coordinates":[[-1.236354,54.60503],[-1.237371,54.606133]]}},{"type":"Feature","properties":{"id":"ohl-700","kind":"ohl","name":"ABERTHAW - UPPER BOAT 1","voltage":"275","towers":"ZZB ROUTE","status":"C","gid":10005252,"risk":"SAFE","floodCodes":[],"floodNames":[]},"geometry":{"type":"LineString","coordinates":[[-3.302327,51.57318],[-3.301581,51.570796],[-3.300327,51.566786],[-3.301561,51.563793],[-3.302899,51.56054],[-3.304387,51.556919],[-3.305488,51.554246],[-3.306246,51.552406],[-3.307314,51.54981],[-3.308598,51.546688],[-3.309657,51.544107],[-3.312314,51.543532],[-3.317652,51.542364],[-3.322452,51.541316],[-3.328365,51.540017],[-3.332524,51.539114],[-3.334238,51.53598],[-3.339194,51.534313],[-3.344525,51.534104],[-3.349775,51.533897],[-3.356044,51.533648],[-3.361029,51.533451],[-3.366351,51.533243],[-3.372377,51.531892],[-3.377018,51.530853],[-3.38113,51.529789],[-3.385146,51.528751],[-3.389754,51.527556],[-3.394987,51.526203],[-3.398419,51.525068],[-3.403077,51.523528],[-3.407117,51.522198],[-3.408684,51.52116],[-3.408154,51.517196],[-3.407718,51.513935],[-3.407341,51.511082],[-3.406762,51.506719],[-3.406408,51.504054],[-3.406003,51.50101],[-3.405605,51.498005],[-3.40515,51.494576],[-3.404683,51.491046],[-3.405284,51.488641],[-3.406237,51.484818],[-3.406821,51.482496],[-3.407128,51.479871],[-3.407411,51.477508],[-3.407804,51.474154],[-3.409988,51.472632],[-3.414493,51.469483],[-3.417251,51.467551],[-3.421686,51.464445],[-3.424791,51.462278],[-3.42446,51.459216],[-3.424112,51.455951],[-3.423754,51.45259],[-3.423376,51.448982],[-3.422147,51.446731],[-3.420465,51.44364],[-3.419312,51.441524],[-3.417675,51.438515],[-3.416123,51.435661],[-3.414588,51.432844],[-3.412515,51.429031],[-3.411091,51.426404],[-3.407209,51.424383],[-3.40268,51.422025],[-3.3989,51.420057],[-3.395095,51.418083],[-3.395813,51.415497],[-3.396699,51.412299],[-3.395649,51.408369],[-3.397138,51.405562],[-3.396075,51.40295],[-3.396031,51.399976],[-3.398374,51.39683],[-3.398455,51.39507],[-3.398561,51.392626],[-3.400237,51.390954],[-3.402186,51.388998]]}},{"type":"Feature","properties":{"id":"ohl-701","kind":"ohl","name":"ABERTHAW - UPPER BOAT 2","voltage":"275","towers":"ZZB ROUTE","status":"C","gid":10005253,"risk":"SAFE","floodCodes":[],"floodNames":[]},"geometry":{"type":"LineString","coordinates":[[-3.301737,51.574126],[-3.302327,51.57318]]}},{"type":"Feature","properties":{"id":"ohl-702","kind":"ohl","name":"ABERTHAW - UPPER BOAT 1","voltage":"275","towers":"ZZB ROUTE","status":"C","gid":10005254,"risk":"SAFE","floodCodes":[],"floodNames":[]},"geometry":{"type":"LineString","coordinates":[[-3.301974,51.574503],[-3.302327,51.57318]]}},{"type":"Feature","properties":{"id":"ohl-703","kind":"ohl","name":"STALYBRIDGE 400 - STALYBRIDGE 275","voltage":"400","towers":"ZZC ROUTE TWR (001A - 001B)","status":"C","gid":10005255,"risk":"MEDIUM","floodCodes":["013FWFGM24"],"floodNames":["River Tame, Fern Bank and Millbrook in Stalybridge"]},"geometry":{"type":"LineString","coordinates":[[-2.04275,53.492106],[-2.041615,53.492901]]}},{"type":"Feature","properties":{"id":"ohl-704","kind":"ohl","name":"MACCLESFIELD - STALYBRIDGE - STOCKSBRIDGE","voltage":"400","towers":"ZZC ROUTE TWR (001B - 001)","status":"C","gid":10005256,"risk":"MEDIUM","floodCodes":["013FWFGM24"],"floodNames":["River Tame, Fern Bank and Millbrook in Stalybridge"]},"geometry":{"type":"LineString","coordinates":[[-2.044038,53.490698],[-2.04275,53.492106]]}},{"type":"Feature","properties":{"id":"ohl-705","kind":"ohl","name":"BREDBURY - STALYBRIDGE","voltage":"400","towers":"ZZC ROUTE TWR (001 - 040R)","status":"C","gid":10005257,"risk":"MEDIUM","floodCodes":["013FWFGM57","013FWFGM24","013FWFGM58"],"floodNames":["River Etherow at Compstall","River Tame, Fern Bank and Millbrook in Stalybridge","River Goyt from Marple Dale to Offerton"]},"geometry":{"type":"LineString","coordinates":[[-2.105071,53.404223],[-2.100138,53.404484],[-2.093907,53.404822],[-2.08623,53.405239],[-2.081288,53.405505],[-2.077848,53.406788],[-2.072812,53.408664],[-2.069309,53.409968],[-2.063713,53.412052],[-2.061208,53.412981],[-2.059677,53.415899],[-2.056013,53.419324],[-2.053687,53.421492],[-2.049646,53.425267],[-2.047369,53.427391],[-2.044321,53.430244],[-2.042565,53.43149],[-2.039426,53.433727],[-2.035093,53.436812],[-2.031806,53.439156],[-2.028233,53.441701],[-2.024572,53.444311],[-2.022591,53.445725],[-2.022696,53.448977],[-2.022762,53.451031],[-2.022846,53.453656],[-2.022941,53.456553],[-2.023081,53.460884],[-2.022834,53.463803],[-2.022506,53.467636],[-2.022269,53.470405],[-2.022045,53.473001],[-2.024235,53.475198],[-2.026032,53.477001],[-2.029321,53.480296],[-2.031357,53.48235],[-2.033938,53.484271],[-2.036124,53.485903],[-2.039877,53.4887],[-2.044038,53.490698]]}},{"type":"Feature","properties":{"id":"ohl-706","kind":"ohl","name":"THORPE MARSH - WEST MELTON 1","voltage":"275","towers":"ZZG ROUTE","status":"C","gid":10005258,"risk":"MEDIUM","floodCodes":["123FWF677","123FWF669","123FWF680","123FWF674","123FWF679"],"floodNames":["Ea Beck at Toll Bar","Ea Beck at Adwick-le-Street including Adwick Station","Ea Beck at Thorpe Marsh and Almholme","Ea Beck at Carcroft","Ea Beck at Shaftholme"]},"geometry":{"type":"LineString","coordinates":[[-1.376491,53.502326],[-1.3756,53.505498],[-1.371814,53.508432],[-1.368904,53.510687],[-1.367033,53.513665],[-1.365425,53.516232],[-1.363032,53.52004],[-1.36119,53.522986],[-1.358513,53.525746],[-1.355727,53.528626],[-1.35295,53.531504],[-1.350626,53.533901],[-1.347814,53.5368],[-1.345458,53.54026],[-1.343362,53.543333],[-1.340983,53.546822],[-1.338844,53.549964],[-1.336672,53.553147],[-1.334468,53.556374],[-1.332295,53.559547],[-1.330012,53.562897],[-1.327817,53.566111],[-1.325037,53.56775],[-1.321954,53.569567],[-1.318829,53.571407],[-1.314561,53.57393],[-1.309339,53.575461],[-1.304436,53.576902],[-1.298806,53.578555],[-1.293695,53.580054],[-1.287931,53.581749],[-1.282825,53.58325],[-1.279372,53.584439],[-1.274291,53.586189],[-1.270813,53.587385],[-1.265476,53.589226],[-1.260947,53.589586],[-1.25686,53.589103],[-1.250893,53.588055],[-1.245817,53.587162],[-1.242278,53.586538],[-1.237632,53.58572],[-1.231919,53.584714],[-1.22682,53.583813],[-1.221372,53.582855],[-1.215151,53.581754],[-1.21009,53.580863],[-1.205378,53.580032],[-1.200615,53.57919],[-1.196603,53.578482],[-1.192349,53.577725],[-1.187345,53.577974],[-1.180931,53.578289],[-1.1749,53.578583],[-1.170016,53.577955],[-1.165206,53.577335],[-1.16023,53.576693],[-1.156082,53.576162],[-1.151721,53.575602],[-1.146047,53.574871],[-1.142001,53.57435],[-1.138522,53.574106],[-1.134289,53.573804],[-1.129265,53.573443],[-1.125053,53.573141],[-1.120184,53.572794],[-1.115372,53.572447],[-1.109201,53.572009],[-1.103803,53.57162],[-1.101004,53.573297],[-1.097913,53.575135]]}},{"type":"Feature","properties":{"id":"ohl-707","kind":"ohl","name":"THORPE MARSH - WEST MELTON 2","voltage":"275","towers":"ZZG ROUTE","status":"C","gid":10005259,"risk":"SAFE","floodCodes":[],"floodNames":[]},"geometry":{"type":"LineString","coordinates":[[-1.375906,53.501629],[-1.376491,53.502326]]}},{"type":"Feature","properties":{"id":"ohl-708","kind":"ohl","name":"THORPE MARSH - WEST MELTON 1","voltage":"275","towers":"ZZG ROUTE","status":"C","gid":10005260,"risk":"SAFE","floodCodes":[],"floodNames":[]},"geometry":{"type":"LineString","coordinates":[[-1.376491,53.502326],[-1.377341,53.501931]]}},{"type":"Feature","properties":{"id":"ohl-709","kind":"ohl","name":"DRAX - KEADBY - THORPE MARSH","voltage":"400","towers":"4VH ROUTE TWR (042 - ZDA064)","status":"C","gid":10005261,"risk":"SAFE","floodCodes":[],"floodNames":[]},"geometry":{"type":"LineString","coordinates":[[-1.064491,53.635974],[-1.069224,53.63659]]}},{"type":"Feature","properties":{"id":"ohl-710","kind":"ohl","name":"DRAX - KEADBY - THORPE MARSH","voltage":"400","towers":"ZZI ROUTE TWR (001A - 001B)","status":"C","gid":10005262,"risk":"MEDIUM","floodCodes":["123FWF680"],"floodNames":["Ea Beck at Thorpe Marsh and Almholme"]},"geometry":{"type":"LineString","coordinates":[[-1.088934,53.578145],[-1.089466,53.576737]]}},{"type":"Feature","properties":{"id":"ohl-711","kind":"ohl","name":"DRAX - KEADBY - THORPE MARSH","voltage":"400","towers":"ZZI ROUTE TWR (001B-001C-002-022-4VH042)","status":"C","gid":10005263,"risk":"MEDIUM","floodCodes":["123FWB651","123FWB652","123FWF680"],"floodNames":["River Don at Thorpe in Balne","River Don at Trumfleet","Ea Beck at Thorpe Marsh and Almholme"]},"geometry":{"type":"LineString","coordinates":[[-1.069224,53.63659],[-1.075497,53.636934],[-1.076576,53.634018],[-1.077704,53.630967],[-1.078779,53.62806],[-1.079923,53.624967],[-1.081049,53.621913],[-1.082094,53.61908],[-1.083116,53.616318],[-1.084214,53.613345],[-1.085592,53.610399],[-1.087059,53.607273],[-1.088441,53.604322],[-1.089659,53.601724],[-1.091218,53.598393],[-1.09282,53.594978],[-1.094172,53.592086],[-1.095154,53.589278],[-1.096087,53.586606],[-1.097384,53.582885],[-1.098499,53.579692],[-1.095915,53.577723],[-1.094083,53.576333],[-1.089466,53.576737]]}},{"type":"Feature","properties":{"id":"ohl-712","kind":"ohl","name":"IRONBRIDGE - LEGACY - SHREWSBURY","voltage":"400","towers":"ZZJ ROUTE TWR (ZZK103 - 055 - 089 - 131)","status":"C","gid":10005264,"risk":"MEDIUM","floodCodes":["031FWFSE250"],"floodNames":["River Severn at Ironbridge and Jackfield"]},"geometry":{"type":"LineString","coordinates":[[-2.811403,52.779973],[-2.807604,52.778063],[-2.803223,52.775858],[-2.799061,52.773764],[-2.794636,52.771757],[-2.790464,52.769864],[-2.78692,52.768256],[-2.782506,52.766252],[-2.778029,52.764218],[-2.773171,52.76193],[-2.768642,52.7598],[-2.763805,52.757518],[-2.759334,52.755414],[-2.755023,52.753381],[-2.750076,52.75105],[-2.745665,52.748971],[-2.742095,52.748561],[-2.737627,52.748047],[-2.732383,52.747443],[-2.726671,52.74679],[-2.721303,52.746171],[-2.716641,52.744408],[-2.713753,52.741361],[-2.711179,52.73865],[-2.707897,52.735194],[-2.705554,52.732729],[-2.702508,52.729517],[-2.699654,52.726515],[-2.697277,52.72401],[-2.695016,52.72164],[-2.694391,52.718633],[-2.693842,52.716026],[-2.6933,52.713474],[-2.693616,52.709558],[-2.69142,52.70868],[-2.686947,52.706722],[-2.682526,52.704788],[-2.677256,52.702731],[-2.6729,52.701033],[-2.668045,52.699141],[-2.66321,52.698305],[-2.656599,52.697159],[-2.652878,52.696514],[-2.647666,52.695613],[-2.642201,52.694666],[-2.63681,52.693739],[-2.633115,52.691565],[-2.628688,52.688971],[-2.625125,52.686882],[-2.62197,52.685033],[-2.618395,52.682935],[-2.614362,52.680569],[-2.609934,52.677971],[-2.606422,52.67591],[-2.601677,52.673125],[-2.598171,52.671068],[-2.594839,52.669111],[-2.590172,52.666374],[-2.586414,52.664169],[-2.582622,52.661946],[-2.579631,52.660192],[-2.575254,52.659282],[-2.570843,52.658367],[-2.565076,52.657168],[-2.560404,52.656197],[-2.554747,52.655023],[-2.549755,52.653377],[-2.545216,52.651878],[-2.540509,52.650327],[-2.535285,52.648604],[-2.53187,52.647477],[-2.528616,52.644166],[-2.525908,52.641393],[-2.522726,52.638158],[-2.519659,52.636023],[-2.518942,52.632744],[-2.51646,52.631372]]}},{"type":"Feature","properties":{"id":"ohl-713","kind":"ohl","name":"IRONBRIDGE - LEGACY - SHREWSBURY","voltage":"400","towers":"ZZJ ROUTE TWR (089 - 089A)","status":"C","gid":10005265,"risk":"SAFE","floodCodes":[],"floodNames":[]},"geometry":{"type":"LineString","coordinates":[[-2.69142,52.70868],[-2.692135,52.708554]]}},{"type":"Feature","properties":{"id":"ohl-714","kind":"ohl","name":"ABERTHAW - CARDIFF EAST - PYLE","voltage":"275","towers":"ZZS ROUTE","status":"C","gid":10005266,"risk":"SAFE","floodCodes":[],"floodNames":[]},"geometry":{"type":"LineString","coordinates":[[-3.402815,51.389375],[-3.402857,51.388853]]}},{"type":"Feature","properties":{"id":"ohl-715","kind":"ohl","name":"ABERTHAW - CARDIFF EAST - PYLE","voltage":"275","towers":"ZZS ROUTE","status":"C","gid":10005267,"risk":"SAFE","floodCodes":[],"floodNames":[]},"geometry":{"type":"LineString","coordinates":[[-3.406499,51.486411],[-3.406602,51.485402],[-3.40715,51.483275],[-3.410505,51.48041],[-3.413687,51.477691],[-3.416724,51.47511],[-3.417264,51.473116],[-3.417994,51.470426],[-3.419934,51.468288],[-3.423401,51.464469],[-3.425557,51.462107],[-3.425228,51.459243],[-3.42485,51.455886],[-3.424488,51.452609],[-3.424085,51.448921],[-3.422847,51.446658],[-3.421167,51.443561],[-3.419694,51.440845],[-3.418371,51.43841],[-3.416782,51.435484],[-3.415278,51.432715],[-3.413314,51.429093],[-3.411706,51.426138],[-3.407949,51.424127],[-3.403809,51.421913],[-3.399571,51.419651],[-3.395801,51.417643],[-3.396476,51.415348],[-3.397375,51.412304],[-3.396671,51.408522],[-3.397796,51.405572],[-3.396496,51.402583],[-3.396527,51.39984],[-3.398947,51.397402],[-3.399153,51.394619],[-3.399313,51.392428],[-3.402815,51.389375]]}},{"type":"Feature","properties":{"id":"ohl-716","kind":"ohl","name":"KEMSLEY - LITTLEBROOK - ROWDOWN 1","voltage":"400","towers":"TP ROUTE TWR (018 - 119)","status":"C","gid":10005268,"risk":"MEDIUM","floodCodes":["064FWT1Medway","064FWT8TidalMed"],"floodNames":["Tidal River Medway and Medway estuary","Tidal River Medway from Allington to Cuxton"]},"geometry":{"type":"LineString","coordinates":[[0.374636,51.399253],[0.376717,51.397965],[0.3801,51.395915],[0.38406,51.393497],[0.386684,51.391891],[0.390605,51.389493],[0.392672,51.388226],[0.395465,51.386519],[0.39846,51.384684],[0.401602,51.382765],[0.402702,51.380628],[0.403916,51.378268],[0.406297,51.374956],[0.41072,51.371987],[0.412528,51.370769],[0.415851,51.368538],[0.41743,51.367476],[0.420773,51.365234],[0.42241,51.362856],[0.425164,51.361507],[0.429208,51.359506],[0.433629,51.358573],[0.440894,51.358719],[0.446206,51.356097],[0.448509,51.353448],[0.451229,51.350315],[0.453125,51.348135],[0.455825,51.345026],[0.458338,51.342135],[0.460609,51.339521],[0.462172,51.337141],[0.463357,51.335337],[0.465569,51.332342],[0.467331,51.329956],[0.470914,51.328244],[0.47369,51.326916],[0.47776,51.324971],[0.482183,51.322854],[0.486088,51.320988],[0.489472,51.320027],[0.493974,51.318746],[0.49899,51.317321],[0.502173,51.316415],[0.506955,51.315054],[0.511472,51.31377],[0.516264,51.313568],[0.519325,51.313435],[0.522931,51.313278],[0.530048,51.314834],[0.534279,51.315591],[0.538618,51.316365],[0.543392,51.317219],[0.547676,51.317985],[0.551127,51.318601],[0.555855,51.319444],[0.560282,51.320698],[0.564134,51.321787],[0.568313,51.32297],[0.571994,51.324011],[0.575344,51.324957],[0.581201,51.326612],[0.5851,51.327712],[0.588878,51.328783],[0.59185,51.329619],[0.595505,51.331487],[0.597643,51.332579],[0.60158,51.334589],[0.604621,51.336141],[0.608421,51.338082],[0.611657,51.339734],[0.615186,51.341531],[0.618247,51.343104],[0.622898,51.345464],[0.625823,51.346956],[0.628024,51.348074],[0.630828,51.350661],[0.633535,51.353156],[0.636412,51.355805],[0.638826,51.358038],[0.640261,51.359375],[0.645423,51.361156],[0.649918,51.362711],[0.653418,51.363936],[0.658391,51.364026],[0.660882,51.364073],[0.666605,51.364178],[0.670874,51.36426],[0.675287,51.364342],[0.681731,51.364463],[0.68485,51.364519],[0.689661,51.36461],[0.693544,51.364683],[0.69736,51.364752],[0.702388,51.364845],[0.706528,51.364921],[0.711892,51.36502],[0.716694,51.364957],[0.720962,51.366336],[0.725637,51.367845],[0.730282,51.369347],[0.735076,51.370901],[0.740763,51.369658]]}},{"type":"Feature","properties":{"id":"ohl-717","kind":"ohl","name":"PENTIR - WYLFA 1","voltage":"400","towers":"4ZA ROUTE TWR (004 - 108)","status":"C","gid":10005269,"risk":"SAFE","floodCodes":[],"floodNames":[]},"geometry":{"type":"LineString","coordinates":[[-4.478088,53.414612],[-4.476621,53.412263],[-4.47463,53.409194],[-4.473373,53.407232],[-4.469945,53.405521],[-4.46531,53.403185],[-4.461127,53.401076],[-4.456872,53.398933],[-4.452883,53.39692],[-4.448704,53.394811],[-4.443721,53.392622],[-4.440404,53.391159],[-4.436846,53.389594],[-4.433427,53.388088],[-4.42908,53.386877],[-4.423979,53.385455],[-4.418882,53.384031],[-4.413517,53.382534],[-4.408883,53.381242],[-4.403943,53.379864],[-4.398715,53.378405],[-4.396504,53.375432],[-4.395221,53.373712],[-4.391739,53.371985],[-4.388095,53.370178],[-4.384649,53.368466],[-4.380237,53.366247],[-4.375363,53.363797],[-4.371813,53.362009],[-4.367999,53.360087],[-4.364018,53.35809],[-4.3592,53.355662],[-4.354909,53.353502],[-4.349929,53.350997],[-4.346561,53.349298],[-4.342843,53.347428],[-4.339369,53.345344],[-4.335697,53.343152],[-4.331066,53.340388],[-4.328839,53.337688],[-4.326585,53.334975],[-4.324366,53.332307],[-4.322496,53.330057],[-4.318346,53.328],[-4.314021,53.325856],[-4.309625,53.323681],[-4.308047,53.320231],[-4.306571,53.317005],[-4.304953,53.313473],[-4.303357,53.309984],[-4.30172,53.306423],[-4.300154,53.302986],[-4.297159,53.30039],[-4.294459,53.298055],[-4.292494,53.294406],[-4.29083,53.291337],[-4.289236,53.288389],[-4.287369,53.284933],[-4.285567,53.281603],[-4.283928,53.278571],[-4.282418,53.275777],[-4.280655,53.272512],[-4.278818,53.269116],[-4.277064,53.265877],[-4.275511,53.263003],[-4.273934,53.26009],[-4.272247,53.256977],[-4.270743,53.254208],[-4.269118,53.251202],[-4.267628,53.248448],[-4.265901,53.245256],[-4.263931,53.241588],[-4.261326,53.238851],[-4.25868,53.236053],[-4.252888,53.23535],[-4.247066,53.234635],[-4.241225,53.233919],[-4.236086,53.233288],[-4.23194,53.232781],[-4.227163,53.2322],[-4.224646,53.22975],[-4.222169,53.227343],[-4.22,53.225235],[-4.217584,53.222891],[-4.214911,53.22028],[-4.210095,53.220319],[-4.205208,53.220362],[-4.200431,53.219772],[-4.195693,53.219086],[-4.190886,53.218676],[-4.188802,53.217173],[-4.185066,53.214547],[-4.183052,53.213122],[-4.180116,53.210989],[-4.176703,53.208501],[-4.173842,53.206421],[-4.171839,53.204961],[-4.169362,53.203158],[-4.166008,53.200712],[-4.163975,53.199236],[-4.162568,53.197084],[-4.160644,53.194143],[-4.159042,53.191693],[-4.157863,53.18989],[-4.157004,53.188585]]}},{"type":"Feature","properties":{"id":"ohl-718","kind":"ohl","name":"KEMSLEY - LITTLEBROOK - ROWDOWN 1","voltage":"400","towers":"ZZT ROUTE TWR (005 - 079)","status":"C","gid":10005270,"risk":"MEDIUM","floodCodes":["064FWF7Otford"],"floodNames":["River Darent from Otford to Darenth"]},"geometry":{"type":"LineString","coordinates":[[0.051561,51.346564],[0.053927,51.346334],[0.057491,51.346008],[0.061777,51.34562],[0.0634,51.343362],[0.065751,51.340126],[0.066651,51.338874],[0.069313,51.338666],[0.073587,51.338327],[0.077049,51.339816],[0.080748,51.341401],[0.084889,51.341455],[0.091082,51.341534],[0.09518,51.341587],[0.098991,51.341638],[0.103081,51.341694],[0.106298,51.342788],[0.108759,51.343625],[0.113156,51.345121],[0.116546,51.346612],[0.120794,51.348483],[0.123716,51.349769],[0.128296,51.351782],[0.131748,51.353311],[0.134366,51.35446],[0.138255,51.356222],[0.143021,51.358383],[0.14735,51.360341],[0.150292,51.361677],[0.153283,51.363035],[0.156747,51.364427],[0.16071,51.366017],[0.163717,51.368058],[0.166764,51.370135],[0.170037,51.369769],[0.17444,51.371536],[0.177954,51.372948],[0.1824,51.374733],[0.186061,51.376205],[0.189938,51.377764],[0.191583,51.379451],[0.193357,51.381272],[0.195176,51.383143],[0.197496,51.385535],[0.200106,51.388211],[0.201883,51.390034],[0.204781,51.393005],[0.207744,51.396045],[0.210202,51.398595],[0.213231,51.398645],[0.218222,51.398734],[0.222898,51.398817],[0.227062,51.399479],[0.230879,51.400084],[0.235349,51.399707],[0.239896,51.39932],[0.244024,51.398969],[0.249423,51.39851],[0.253541,51.398158],[0.25897,51.397696],[0.264378,51.397237],[0.267425,51.39698],[0.270982,51.398401],[0.27476,51.399911],[0.278817,51.401535],[0.282587,51.40304],[0.288107,51.405247],[0.291374,51.406345],[0.295435,51.407711],[0.299291,51.409004],[0.301475,51.410065],[0.303827,51.412276],[0.306167,51.414475],[0.308343,51.416521],[0.31056,51.41861],[0.312612,51.420549]]}},{"type":"Feature","properties":{"id":"ohl-719","kind":"ohl","name":"KEMSLEY - LITTLEBROOK - ROWDOWN 1","voltage":"400","towers":"ZZT ROUTE TWR (083 - 093)","status":"C","gid":10005271,"risk":"SAFE","floodCodes":[],"floodNames":[]},"geometry":{"type":"LineString","coordinates":[[-0.003037,51.351623],[-0.000457,51.350668],[0.003062,51.349355],[0.007427,51.348985],[0.011761,51.348618],[0.014337,51.3484],[0.021655,51.347782],[0.025423,51.347459],[0.029541,51.347109],[0.034021,51.345943],[0.036342,51.345337],[0.036342,51.345337]]}},{"type":"Feature","properties":{"id":"ohl-720","kind":"ohl","name":"KEMSLEY - LITTLEBROOK - ROWDOWN 2","voltage":"400","towers":"ZZT ROUTE TWR (079-080S-081S-082S-083)","status":"C","gid":10005272,"risk":"SAFE","floodCodes":[],"floodNames":[]},"geometry":{"type":"LineString","coordinates":[[0.036342,51.345337],[0.03932,51.345362],[0.042428,51.345661],[0.048118,51.346211],[0.051561,51.346564]]}},{"type":"Feature","properties":{"id":"ohl-721","kind":"ohl","name":"KEMSLEY - LITTLEBROOK - ROWDOWN 1","voltage":"400","towers":"ZZT ROUTE TWR (079-080N-081N-082N-083)","status":"C","gid":10005273,"risk":"SAFE","floodCodes":[],"floodNames":[]},"geometry":{"type":"LineString","coordinates":[[0.036342,51.345337],[0.039202,51.345728],[0.042344,51.345987],[0.048013,51.346555],[0.051561,51.346564]]}},{"type":"Feature","properties":{"id":"ohl-722","kind":"ohl","name":"KEADBY - WEST BURTON 1","voltage":"400","towers":"4TM ROUTE TWR (001 - 081)","status":"C","gid":10005274,"risk":"MEDIUM","floodCodes":["034FWBTRKEADBY","034FWBTRLEA","034FWBTRBECKHAM","034FWBTROWSTON","034FWBTRCROWLE","034FWBTRHATFIELD"],"floodNames":["River Trent at Keadby","River Trent at Lea","River Trent at Beckingham Marsh","River Trent at Owston Ferry","River Trent at Crowle","River Trent at Hatfield Chase"]},"geometry":{"type":"LineString","coordinates":[[-0.757685,53.596895],[-0.758189,53.594161],[-0.754651,53.591326],[-0.75607,53.588525],[-0.757549,53.585608],[-0.758896,53.582951],[-0.76051,53.579769],[-0.762108,53.576614],[-0.763944,53.572985],[-0.765538,53.569842],[-0.767113,53.566738],[-0.768572,53.563408],[-0.77004,53.560057],[-0.771587,53.556525],[-0.7726,53.554209],[-0.774111,53.550768],[-0.775379,53.547866],[-0.776635,53.545025],[-0.778012,53.541908],[-0.779212,53.539192],[-0.780344,53.536624],[-0.781612,53.533757],[-0.78322,53.53011],[-0.784682,53.526796],[-0.785881,53.52408],[-0.787234,53.520994],[-0.788586,53.517921],[-0.790234,53.514146],[-0.791436,53.511406],[-0.792762,53.508375],[-0.79378,53.506051],[-0.795219,53.50277],[-0.796815,53.499131],[-0.797811,53.49685],[-0.798839,53.4945],[-0.800297,53.49122],[-0.80162,53.488235],[-0.802862,53.48545],[-0.8042,53.482449],[-0.80573,53.478996],[-0.806914,53.476325],[-0.807732,53.474485],[-0.808575,53.472585],[-0.809786,53.469861],[-0.81113,53.466833],[-0.812232,53.46436],[-0.813453,53.461603],[-0.814853,53.458429],[-0.817339,53.455484],[-0.820167,53.452106],[-0.822532,53.449297],[-0.823648,53.44566],[-0.824686,53.442282],[-0.825376,53.440086],[-0.824595,53.436606],[-0.823798,53.432991],[-0.823103,53.429862],[-0.822356,53.426477],[-0.82176,53.423786],[-0.821151,53.421034],[-0.820493,53.418003],[-0.81797,53.415602],[-0.813951,53.412824],[-0.810057,53.410129],[-0.806087,53.407381],[-0.802255,53.404728],[-0.798412,53.402063],[-0.798948,53.398716],[-0.799539,53.395092],[-0.800097,53.391628],[-0.800673,53.388087],[-0.801231,53.384637],[-0.801695,53.381797],[-0.802262,53.378309],[-0.802837,53.374765],[-0.803378,53.3713],[-0.806845,53.368136],[-0.810779,53.365259],[-0.814162,53.362794],[-0.813429,53.360481],[-0.810977,53.3581]]}},{"type":"Feature","properties":{"id":"ohl-723","kind":"ohl","name":"EAST CLAYDON - LEIGHTON BUZZARD - SUNDON","voltage":"400","towers":"4YJ ROUTE TWR (040 - 086)","status":"C","gid":10005275,"risk":"SAFE","floodCodes":[],"floodNames":[]},"geometry":{"type":"LineString","coordinates":[[-0.905858,51.924917],[-0.905533,51.925287],[-0.901224,51.92562],[-0.89541,51.926338],[-0.890145,51.926989],[-0.884511,51.92769],[-0.878953,51.928377],[-0.874714,51.928908],[-0.870601,51.928475],[-0.865445,51.927939],[-0.860703,51.927445],[-0.85478,51.92683],[-0.849862,51.926318],[-0.844718,51.925783],[-0.840703,51.925364],[-0.835376,51.92481],[-0.829646,51.924272],[-0.824315,51.923768],[-0.819174,51.923285],[-0.812909,51.922693],[-0.80812,51.922243],[-0.803203,51.921778],[-0.797935,51.921279],[-0.79297,51.920809],[-0.788404,51.920377],[-0.783986,51.919653],[-0.780019,51.919003],[-0.774906,51.918165],[-0.770405,51.917427],[-0.764647,51.916483],[-0.760783,51.915851],[-0.756273,51.915112],[-0.751649,51.91464],[-0.747282,51.914194],[-0.74269,51.913725],[-0.737215,51.913167],[-0.731723,51.912604],[-0.727307,51.912155],[-0.722931,51.911708],[-0.718654,51.911046],[-0.713215,51.910208],[-0.707481,51.909323],[-0.702046,51.908482],[-0.696152,51.907571],[-0.690768,51.906739],[-0.687073,51.906168],[-0.683855,51.905669],[-0.67771,51.904721]]}},{"type":"Feature","properties":{"id":"ohl-724","kind":"ohl","name":"EAST CLAYDON - LEIGHTON BUZZARD - SUNDON","voltage":"400","towers":"4YJ ROUTE TWR (002 - 040)","status":"C","gid":10005276,"risk":"SAFE","floodCodes":[],"floodNames":[]},"geometry":{"type":"LineString","coordinates":[[-0.67771,51.904721],[-0.673285,51.904549],[-0.669805,51.904416],[-0.665964,51.904267],[-0.661378,51.904087],[-0.65592,51.903873],[-0.65133,51.903697],[-0.645713,51.903476],[-0.64051,51.903271],[-0.634948,51.903054],[-0.630008,51.902862],[-0.6232,51.902624],[-0.618646,51.902465],[-0.612887,51.902263],[-0.608714,51.902115],[-0.603497,51.901932],[-0.598136,51.901744],[-0.593369,51.901575],[-0.589835,51.90145],[-0.584421,51.901259],[-0.578646,51.901054],[-0.574306,51.900901],[-0.570148,51.902998],[-0.566631,51.904769],[-0.562971,51.906612],[-0.557849,51.909192],[-0.553794,51.911235],[-0.549164,51.913566],[-0.544744,51.91579],[-0.540739,51.917806],[-0.53707,51.919653],[-0.533214,51.921591],[-0.528735,51.923842],[-0.525741,51.925352],[-0.522221,51.926524],[-0.517513,51.928098],[-0.511962,51.929953],[-0.508669,51.931046],[-0.507848,51.934117]]}},{"type":"Feature","properties":{"id":"ohl-725","kind":"ohl","name":"BRAMFORD - PELHAM","voltage":"400","towers":"4YL ROUTE TWR (073 - 191)","status":"C","gid":10005277,"risk":"MEDIUM","floodCodes":["051FWFEF4A","062FWF51Claverin","052FWFUCNL"],"floodNames":["The River Colne from Castle Hedingham to upstream of Halstead","River Stort at Clavering and Manuden","River Cam at Henham, Newport and Littlebury"]},"geometry":{"type":"LineString","coordinates":[[0.725502,52.000409],[0.721,52.000529],[0.715677,52.000685],[0.710696,52.000828],[0.704948,52.000993],[0.699463,52.00115],[0.693873,52.001312],[0.6879,52.001485],[0.683099,52.001424],[0.677854,52.001362],[0.672309,52.001296],[0.666185,52.001222],[0.661415,52.001164],[0.656527,52.001104],[0.651783,52.001047],[0.646433,52.000982],[0.641064,52.000915],[0.635624,52.000781],[0.629472,52.000629],[0.623967,52.000493],[0.618056,52.000345],[0.612317,52.000203],[0.606497,52.000057],[0.601123,51.999922],[0.595666,51.999786],[0.589895,51.999655],[0.584556,51.999536],[0.579586,51.99942],[0.573783,51.999288],[0.56791,51.999148],[0.561463,51.999536],[0.556635,51.999821],[0.550005,52.000215],[0.545716,52.000468],[0.541469,52.00072],[0.537905,52.000929],[0.534036,52.001158],[0.52898,52.001456],[0.524786,52.001704],[0.519471,52.002016],[0.514774,52.002294],[0.509092,52.00247],[0.503546,52.002643],[0.499467,52.002772],[0.493741,52.00295],[0.487854,52.003141],[0.482417,52.002144],[0.477443,52.001238],[0.472263,52.000297],[0.466753,51.999293],[0.461111,51.998266],[0.456203,51.997374],[0.451523,51.996522],[0.447191,51.995731],[0.441559,51.994705],[0.435965,51.993681],[0.429959,51.993289],[0.424578,51.992935],[0.420288,51.992654],[0.414489,51.99227],[0.408836,51.991898],[0.403111,51.991522],[0.397469,51.991152],[0.39265,51.990175],[0.387089,51.989053],[0.381594,51.987946],[0.376029,51.986821],[0.370824,51.985781],[0.366785,51.983358],[0.363241,51.981244],[0.359586,51.979064],[0.35577,51.976787],[0.352197,51.974643],[0.347054,51.973698],[0.341945,51.972748],[0.336497,51.971735],[0.331024,51.970717],[0.325987,51.969778],[0.320815,51.968817],[0.315598,51.967847],[0.310133,51.966829],[0.304986,51.965871],[0.298906,51.964737],[0.295528,51.964106],[0.290615,51.963199],[0.286886,51.961346],[0.283132,51.95949],[0.279672,51.957781],[0.275812,51.955875],[0.271188,51.95359],[0.267387,51.951711],[0.264058,51.950056],[0.258606,51.949295],[0.253287,51.948543],[0.247263,51.94769],[0.241904,51.946929],[0.237881,51.946494],[0.232881,51.945949],[0.228442,51.945466],[0.223181,51.944895],[0.217941,51.944325],[0.211577,51.94363],[0.20723,51.943158],[0.201631,51.942545],[0.196432,51.941984],[0.191334,51.940813],[0.185475,51.939487],[0.180597,51.938372],[0.174569,51.936992],[0.169624,51.93586],[0.163913,51.934551],[0.158674,51.93335],[0.152961,51.932043],[0.147718,51.930848],[0.142842,51.931482],[0.137453,51.932185],[0.13266,51.932812],[0.127558,51.933478],[0.122795,51.934091]]}},{"type":"Feature","properties":{"id":"ohl-726","kind":"ohl","name":"RATCLIFFE ON SOAR - STOKE BARDOLPH","voltage":"400","towers":"ZD ROUTE TWR (061 - 137)","status":"C","gid":10005278,"risk":"MEDIUM","floodCodes":["034FWFTRRADTRNT","034FWFTRSTKEBAR","034FWFTRHLMPIER"],"floodNames":["River Trent at Radcliffe on Trent","River Trent at Stoke Bardolph","River Trent at Holme Pierrepont"]},"geometry":{"type":"LineString","coordinates":[[-1.254608,52.862582],[-1.251229,52.862022],[-1.246466,52.86124],[-1.240911,52.86033],[-1.2362,52.859556],[-1.23198,52.860859],[-1.227176,52.862343],[-1.22395,52.863336],[-1.220561,52.865113],[-1.216532,52.867219],[-1.212364,52.869398],[-1.208325,52.871511],[-1.204249,52.873643],[-1.199735,52.873774],[-1.19414,52.87394],[-1.190052,52.874061],[-1.185585,52.874193],[-1.180706,52.874338],[-1.176532,52.874457],[-1.171497,52.874897],[-1.166787,52.875305],[-1.162146,52.875707],[-1.157542,52.876106],[-1.152812,52.876514],[-1.148384,52.876897],[-1.144078,52.877571],[-1.139193,52.878336],[-1.134758,52.879029],[-1.130217,52.87974],[-1.125614,52.88046],[-1.120259,52.881296],[-1.1157,52.88201],[-1.109916,52.882913],[-1.106441,52.883456],[-1.101149,52.884281],[-1.096226,52.885051],[-1.092472,52.885338],[-1.087071,52.885753],[-1.082656,52.886092],[-1.07767,52.886475],[-1.071866,52.886919],[-1.06724,52.887625],[-1.062064,52.888412],[-1.057352,52.889132],[-1.053301,52.889748],[-1.04856,52.890468],[-1.044699,52.891484],[-1.040628,52.89255],[-1.035637,52.893858],[-1.031053,52.895063],[-1.026666,52.896211],[-1.025719,52.898812],[-1.024695,52.901597],[-1.02381,52.903998],[-1.02234,52.907998],[-1.021703,52.909731],[-1.021253,52.913193],[-1.020921,52.915784],[-1.020572,52.918507],[-1.020111,52.922066],[-1.019716,52.925073],[-1.024219,52.927043],[-1.027101,52.928311],[-1.030831,52.929949],[-1.035267,52.931896],[-1.039315,52.933677],[-1.042686,52.935159],[-1.046364,52.936775],[-1.050322,52.938514],[-1.054261,52.940248],[-1.055091,52.942978],[-1.053762,52.946146],[-1.052725,52.948623],[-1.051774,52.950899],[-1.050885,52.953019],[-1.049754,52.95572],[-1.048461,52.958805]]}},{"type":"Feature","properties":{"id":"ohl-727","kind":"ohl","name":"HIGM MARNHAM - STOKE BARDOLPH","voltage":"400","towers":"ZD ROUTE TWR (002 - 061)","status":"C","gid":10005279,"risk":"MEDIUM","floodCodes":["034FWFTRROLLSTN","034FWFTRAVRSTAY","034FWFTRHOVNGHM","034FWFTRGUNTHRP","034FWFTRCAYTHOR","034FWFTRSHLFDMNR","034FWFTRSTKEBAR"],"floodNames":["River Trent at Rolleston","River Trent at Averham, Staythorpe and Kelham","River Trent at Hoveringham","River Trent at Gunthorpe including the A6097","River Trent at Caythorpe","River Trent at Shelford for Shelford Manor and The Holmes","River Trent at Stoke Bardolph"]},"geometry":{"type":"LineString","coordinates":[[-1.048461,52.958805],[-1.047181,52.961863],[-1.045877,52.964976],[-1.044541,52.968163],[-1.043489,52.97069],[-1.041474,52.971892],[-1.037922,52.974017],[-1.03502,52.975752],[-1.030863,52.978236],[-1.027277,52.98038],[-1.023174,52.982833],[-1.020655,52.984339],[-1.016558,52.986788],[-1.012907,52.988971],[-1.009211,52.991177],[-1.005466,52.993415],[-1.001467,52.995803],[-0.998237,52.997732],[-0.99474,52.999149],[-0.991478,53.000469],[-0.988468,53.001688],[-0.984467,53.003305],[-0.980699,53.004831],[-0.97869,53.007912],[-0.977236,53.010142],[-0.975338,53.013063],[-0.973396,53.016037],[-0.971667,53.018686],[-0.969809,53.021536],[-0.967734,53.024719],[-0.966255,53.026989],[-0.964378,53.029867],[-0.963183,53.03171],[-0.960569,53.033511],[-0.957544,53.035603],[-0.954386,53.037792],[-0.951769,53.039601],[-0.948655,53.041757],[-0.94559,53.043876],[-0.941517,53.046063],[-0.937599,53.048165],[-0.934004,53.050096],[-0.930392,53.052035],[-0.926551,53.054095],[-0.923323,53.055827],[-0.922344,53.058512],[-0.921447,53.060965],[-0.920192,53.064405],[-0.919213,53.067085],[-0.918284,53.069635],[-0.913276,53.07095],[-0.908464,53.072218],[-0.904971,53.073138],[-0.900781,53.074242],[-0.896581,53.07535],[-0.89284,53.076335],[-0.886838,53.077919],[-0.883332,53.07884],[-0.878876,53.080017],[-0.873709,53.079274],[-0.873687,53.07927]]}},{"type":"Feature","properties":{"id":"ohl-728","kind":"ohl","name":"EATON SOCON - WYMONDLEY MAIN 1","voltage":"400","towers":"4VK ROUTE (TWR 378A - 476)","status":"C","gid":10005280,"risk":"MEDIUM","floodCodes":["052FWFLOESSN1"],"floodNames":["Areas close to the River Great Ouse at Wyboston, Eaton Socon, Eynesbury, Eaton Ford, and St Neots"]},"geometry":{"type":"LineString","coordinates":[[-0.299698,52.214255],[-0.298793,52.212223],[-0.297884,52.209208],[-0.296765,52.205454],[-0.294876,52.203214],[-0.292608,52.20049],[-0.290784,52.198303],[-0.288702,52.195809],[-0.285975,52.192533],[-0.283668,52.18976],[-0.281113,52.186695],[-0.279053,52.183706],[-0.277192,52.181005],[-0.274961,52.177766],[-0.273308,52.17537],[-0.270849,52.171794],[-0.271613,52.168386],[-0.272379,52.164996],[-0.27315,52.161577],[-0.273921,52.158168],[-0.27462,52.155066],[-0.275355,52.151828],[-0.276129,52.148393],[-0.276883,52.145064],[-0.277647,52.141684],[-0.278164,52.139385],[-0.27508,52.136692],[-0.271849,52.133867],[-0.269318,52.131651],[-0.266671,52.129335],[-0.264076,52.127062],[-0.261469,52.124783],[-0.25857,52.122244],[-0.255846,52.119857],[-0.253522,52.117823],[-0.250853,52.115486],[-0.2475,52.112547],[-0.244791,52.110173],[-0.24121,52.107033],[-0.239125,52.103802],[-0.23693,52.100404],[-0.234857,52.097193],[-0.232759,52.093941],[-0.230845,52.090974],[-0.228561,52.087436],[-0.226438,52.084143],[-0.224381,52.080955],[-0.222192,52.077564],[-0.220119,52.07435],[-0.217934,52.07096],[-0.215796,52.067643],[-0.213884,52.064676],[-0.211495,52.060973],[-0.209588,52.058013],[-0.207548,52.054865],[-0.207527,52.051347],[-0.207492,52.048004],[-0.207462,52.044711],[-0.20743,52.041372],[-0.207394,52.037547],[-0.207359,52.03416],[-0.207349,52.031272],[-0.204831,52.02837],[-0.202321,52.025449],[-0.199632,52.022322],[-0.196947,52.0192],[-0.194279,52.016081],[-0.19482,52.012828],[-0.195162,52.010806],[-0.195616,52.00814],[-0.196086,52.005372],[-0.196674,52.00186],[-0.197781,51.9985],[-0.198903,51.995067],[-0.200066,51.991516],[-0.201068,51.988452],[-0.20176,51.98633],[-0.198341,51.98301],[-0.19794,51.980487],[-0.1976,51.97846],[-0.197069,51.975273],[-0.196586,51.972481],[-0.198921,51.968969],[-0.201927,51.966258],[-0.205124,51.963367],[-0.20793,51.960812],[-0.212398,51.958761],[-0.216933,51.956668],[-0.221378,51.954622],[-0.225414,51.952761],[-0.22935,51.950944],[-0.234021,51.948799],[-0.238546,51.946722],[-0.240635,51.943873],[-0.243232,51.940365],[-0.244788,51.938259],[-0.246969,51.935313],[-0.248704,51.932969],[-0.251178,51.92966],[-0.250506,51.928743]]}},{"type":"Feature","properties":{"id":"ohl-729","kind":"ohl","name":"CREYKE BECK - SALT END NORTH","voltage":"275","towers":"YYW ROUTE","status":"C","gid":10005281,"risk":"LOW","floodCodes":["122FWT020"],"floodNames":["North Bank of the Humber estuary at Saltend"]},"geometry":{"type":"LineString","coordinates":[[-0.232543,53.748116],[-0.234197,53.746036],[-0.235859,53.743953],[-0.237496,53.741894]]}},{"type":"Feature","properties":{"id":"ohl-730","kind":"ohl","name":"CREYKE BECK - SALT END NORTH","voltage":"275","towers":"YYW ROUTE","status":"C","gid":10005282,"risk":"MEDIUM","floodCodes":["122FWF129","122FWF134","122FWF105","122FWF032"],"floodNames":["River Hull at Kingswood","Beverley and Barmston Drain at Dunswell and Plaxton Bridge","Beverley and Barmston Drain at Dunswell and Thearne","Creyke, Mill and Broadlane Becks at Cottingham"]},"geometry":{"type":"LineString","coordinates":[[-0.415626,53.79903],[-0.411918,53.800468],[-0.407769,53.800905],[-0.401316,53.800212],[-0.395901,53.799216],[-0.390677,53.800611],[-0.385944,53.801885],[-0.381689,53.803031],[-0.377203,53.802632],[-0.373222,53.802277],[-0.366462,53.801678],[-0.362749,53.801353],[-0.358318,53.804071],[-0.354364,53.806497],[-0.350179,53.809069],[-0.346548,53.811297],[-0.343108,53.813403],[-0.338652,53.813846],[-0.333087,53.814393],[-0.327336,53.81496],[-0.321212,53.815562],[-0.316514,53.816024],[-0.310905,53.816576],[-0.305385,53.817119],[-0.301038,53.817543],[-0.296249,53.818015],[-0.292136,53.818422],[-0.288398,53.816678],[-0.284692,53.814954],[-0.280586,53.813044],[-0.277425,53.811573],[-0.274061,53.810007],[-0.271586,53.808855],[-0.267376,53.808494],[-0.263095,53.808128],[-0.258545,53.807739],[-0.253529,53.807309],[-0.249351,53.806953],[-0.245669,53.806639],[-0.243849,53.804217],[-0.241929,53.801673],[-0.240263,53.799462],[-0.238251,53.796793],[-0.236423,53.794365],[-0.234483,53.791791],[-0.231988,53.789496],[-0.229491,53.787196],[-0.226995,53.784898],[-0.224487,53.782587],[-0.222514,53.780771],[-0.219451,53.778912],[-0.2167,53.777249],[-0.217224,53.774953],[-0.217759,53.772566],[-0.218414,53.769642],[-0.219011,53.766971],[-0.219586,53.764421],[-0.221953,53.762173],[-0.224845,53.75943],[-0.227319,53.757082],[-0.229304,53.753673],[-0.230804,53.7511],[-0.232543,53.748116]]}},{"type":"Feature","properties":{"id":"ohl-731","kind":"ohl","name":"BRAMLEY - MELKSHAM 1","voltage":"400","towers":"YYM ROUTE TWR (109-229)","status":"C","gid":10005283,"risk":"LOW","floodCodes":["111FWGBOU1"],"floodNames":["Groundwater flooding in the Bourne Valley - The Collingbournes"]},"geometry":{"type":"LineString","coordinates":[[-1.07865,51.33485],[-1.081449,51.332473],[-1.083821,51.331149],[-1.088703,51.330398],[-1.092432,51.329821],[-1.096883,51.329134],[-1.102829,51.328214],[-1.107712,51.327459],[-1.113252,51.326602],[-1.118256,51.32583],[-1.123172,51.32507],[-1.126958,51.323339],[-1.130877,51.321552],[-1.135347,51.319512],[-1.138842,51.317914],[-1.143779,51.318099],[-1.148377,51.318264],[-1.153341,51.318441],[-1.158729,51.318635],[-1.164107,51.31883],[-1.168283,51.318985],[-1.172264,51.318418],[-1.177123,51.317733],[-1.181896,51.317065],[-1.187744,51.316244],[-1.192991,51.315512],[-1.197957,51.31337],[-1.202218,51.311535],[-1.207178,51.309398],[-1.210458,51.307985],[-1.213878,51.306508],[-1.219061,51.304273],[-1.223305,51.302438],[-1.22715,51.300777],[-1.232098,51.30025],[-1.237888,51.299634],[-1.242718,51.299121],[-1.247025,51.298662],[-1.252451,51.298084],[-1.257693,51.297525],[-1.262626,51.296999],[-1.268551,51.296368],[-1.273063,51.296001],[-1.277901,51.295606],[-1.283504,51.295148],[-1.287962,51.294783],[-1.292931,51.294372],[-1.298393,51.293933],[-1.304386,51.293441],[-1.309064,51.293519],[-1.315282,51.293623],[-1.320457,51.293705],[-1.326474,51.293803],[-1.330638,51.29387],[-1.335394,51.293947],[-1.340643,51.29403],[-1.34549,51.294111],[-1.350549,51.293261],[-1.355356,51.292455],[-1.359523,51.291756],[-1.365096,51.290821],[-1.370633,51.289892],[-1.374892,51.289178],[-1.381003,51.288151],[-1.385963,51.287318],[-1.390397,51.286573],[-1.396317,51.286489],[-1.400866,51.286424],[-1.406753,51.286341],[-1.410556,51.286286],[-1.414828,51.286224],[-1.421529,51.286128],[-1.426331,51.286057],[-1.432311,51.28597],[-1.437596,51.285893],[-1.441929,51.285825],[-1.447021,51.289026],[-1.450046,51.290926],[-1.453356,51.293005],[-1.456732,51.295125],[-1.460145,51.297268],[-1.46343,51.29933],[-1.466932,51.301529],[-1.471391,51.304328],[-1.475054,51.306626],[-1.479576,51.307772],[-1.485332,51.309229],[-1.489923,51.310394],[-1.494874,51.311646],[-1.499938,51.312925],[-1.504363,51.314042],[-1.507872,51.315568],[-1.513819,51.31815],[-1.517336,51.319678],[-1.52207,51.321733],[-1.526164,51.323511],[-1.52996,51.325158],[-1.535232,51.327445],[-1.539241,51.329186],[-1.543045,51.330836],[-1.54745,51.332748],[-1.551725,51.334603],[-1.555888,51.33641],[-1.560438,51.33838],[-1.564396,51.3401],[-1.569056,51.34039],[-1.573672,51.340678],[-1.57939,51.341036],[-1.583283,51.34128],[-1.588817,51.341629],[-1.594788,51.342],[-1.599363,51.342286],[-1.603983,51.341342],[-1.609395,51.340237],[-1.614018,51.339293],[-1.618137,51.338452],[-1.623331,51.337391],[-1.628638,51.336306],[-1.632427,51.335529],[-1.638552,51.335903],[-1.642951,51.336169]]}},{"type":"Feature","properties":{"id":"ohl-732","kind":"ohl","name":"BLYTH - SOUTH SHIELDS - TYNE 11KV SGT4","voltage":"400","towers":"ZZA ROUTE TWR (053A - 071A)","status":"C","gid":10005284,"risk":"SAFE","floodCodes":[],"floodNames":[]},"geometry":{"type":"LineString","coordinates":[[-1.449577,54.974194],[-1.449107,54.976245],[-1.455632,54.977687],[-1.460921,54.978865],[-1.466512,54.979778],[-1.470215,54.980378],[-1.472332,54.983148],[-1.473396,54.985852],[-1.474925,54.989711],[-1.476188,54.992944],[-1.479191,54.995499],[-1.478573,54.998275],[-1.481727,55.001631],[-1.484319,55.004393],[-1.48659,55.006811],[-1.489218,55.009607],[-1.490781,55.011273],[-1.493985,55.014344],[-1.497041,55.017271],[-1.500188,55.020286],[-1.50069,55.022846]]}},{"type":"Feature","properties":{"id":"ohl-733","kind":"ohl","name":"BRAMFORD - SIZEWELL 3","voltage":"400","towers":"4ZX ROUTE TWR (001B - 001A - 001 - 120)","status":"C","gid":10005285,"risk":"MEDIUM","floodCodes":["054FWFSF3B","054FWCDV3B10","054FWFSF3A","054FWFSF4C","054FWFSF4B","054FWCDV3B12","054FWFSF4G"],"floodNames":["The Thorpeness Hundred River from Knodishall to Aldringham","Minsmere Marshes on the Suffolk coast","The Rivers Minsmere and Yox, from Sibton and Peasenhall to the Minsmere Levels","The River Lark from Clopton to Martlesham","The River Deben from downstream of Cretingham to Ufford","Snape and Iken","The River Gipping from Needham Market to London Road Bridge, Ipswich"]},"geometry":{"type":"LineString","coordinates":[[1.615236,52.215513],[1.61326,52.212734],[1.613032,52.210711],[1.612651,52.207724],[1.608622,52.20532],[1.60497,52.203139],[1.600841,52.200673],[1.597553,52.198708],[1.591692,52.198072],[1.585895,52.197446],[1.580059,52.196822],[1.574787,52.196252],[1.571144,52.19586],[1.567456,52.195454],[1.56145,52.19622],[1.556071,52.1969],[1.551155,52.197519],[1.546947,52.198051],[1.541849,52.198694],[1.537891,52.199194],[1.53307,52.199797],[1.528212,52.197974],[1.523752,52.196298],[1.518961,52.194497],[1.514069,52.192654],[1.508999,52.190746],[1.504145,52.18892],[1.499628,52.187221],[1.496299,52.185973],[1.492991,52.184154],[1.488724,52.181821],[1.48486,52.179702],[1.4813,52.177752],[1.477223,52.175518],[1.473441,52.173445],[1.469112,52.171074],[1.465714,52.169194],[1.460852,52.168255],[1.454912,52.167095],[1.449733,52.166082],[1.443753,52.164913],[1.438531,52.163891],[1.43343,52.162894],[1.427512,52.161735],[1.422232,52.160701],[1.417712,52.159817],[1.413114,52.158916],[1.408021,52.157918],[1.402769,52.156886],[1.398547,52.15481],[1.393959,52.152553],[1.389675,52.150444],[1.385111,52.148196],[1.380356,52.146344],[1.376149,52.144702],[1.372163,52.143145],[1.368138,52.141575],[1.364442,52.140123],[1.358669,52.139636],[1.35284,52.139137],[1.347091,52.138643],[1.341286,52.138145],[1.335536,52.137651],[1.329783,52.137264],[1.325038,52.136944],[1.318889,52.136529],[1.313881,52.136193],[1.308658,52.13584],[1.303759,52.13551],[1.299014,52.13519],[1.294749,52.134908],[1.290361,52.133569],[1.285037,52.131949],[1.279964,52.130408],[1.274994,52.128898],[1.269954,52.127372],[1.26568,52.125866],[1.261333,52.124338],[1.256398,52.122602],[1.252468,52.121224],[1.246555,52.119143],[1.242584,52.117747],[1.238197,52.116205],[1.234145,52.11478],[1.229529,52.113154],[1.22557,52.111762],[1.220596,52.110013],[1.215924,52.108364],[1.211018,52.107488],[1.205529,52.106499],[1.199891,52.105485],[1.195066,52.104619],[1.188926,52.103518],[1.184014,52.102465],[1.179187,52.101435],[1.174355,52.100402],[1.168952,52.099248],[1.164026,52.098195],[1.159409,52.097208],[1.154464,52.096147],[1.149937,52.09518],[1.144555,52.09403],[1.140153,52.093045],[1.135557,52.092018],[1.129609,52.090688],[1.124813,52.089615],[1.118966,52.088308],[1.114456,52.087297],[1.111701,52.086682],[1.109149,52.08611],[1.104698,52.085115],[1.099374,52.085414],[1.094175,52.085706],[1.087724,52.08607],[1.082677,52.086353],[1.076324,52.086707],[1.073231,52.084382],[1.069185,52.081348],[1.06588,52.07887],[1.062865,52.076608],[1.063184,52.074099],[1.062938,52.072198],[1.061509,52.072305]]}},{"type":"Feature","properties":{"id":"ohl-734","kind":"ohl","name":"KEMSLEY - LITTLEBROOK - ROWDOWN 1","voltage":"400","towers":"4TP ROUTE TWR(018 - 002 - 001 - ZZT005)","status":"C","gid":10005286,"risk":"SAFE","floodCodes":[],"floodNames":[]},"geometry":{"type":"LineString","coordinates":[[0.374636,51.399253],[0.37224,51.399973],[0.369163,51.40186],[0.36567,51.40397],[0.361631,51.406413],[0.358028,51.408588],[0.354444,51.410763],[0.349696,51.41175],[0.344666,51.4128],[0.339934,51.414414],[0.337034,51.415413],[0.33577,51.418343],[0.334347,51.42168],[0.331919,51.423334],[0.327554,51.424284],[0.322314,51.426298],[0.316811,51.42471],[0.316787,51.424705],[0.312395,51.42348],[0.312612,51.420549]]}},{"type":"Feature","properties":{"id":"ohl-735","kind":"ohl","name":"BRAINTREE - PELHAM - RAYLEIGH MAIN","voltage":"400","towers":"4VB ROUTE TWR (001 - 093)","status":"C","gid":10005287,"risk":"MEDIUM","floodCodes":["051FWFEF5C","051FWFEF6D","051FWFEF7A"],"floodNames":["The River Brain through Braintree, to and including Witham","The River Chelmer from the A138 at Chelmsford to Maldon","The River Crouch from Noak Bridge to Runwell"]},"geometry":{"type":"LineString","coordinates":[[0.573678,51.86043],[0.575679,51.857366],[0.577824,51.854048],[0.576706,51.851051],[0.575238,51.847148],[0.574058,51.844003],[0.572687,51.840338],[0.571483,51.837133],[0.570253,51.833884],[0.566477,51.83167],[0.56307,51.829685],[0.558663,51.827113],[0.555003,51.824977],[0.550683,51.822455],[0.546916,51.820265],[0.543587,51.81729],[0.540253,51.81432],[0.536908,51.81134],[0.533927,51.808681],[0.535723,51.805576],[0.537625,51.802274],[0.539367,51.799249],[0.541161,51.796147],[0.543017,51.792919],[0.544825,51.789781],[0.546706,51.786523],[0.548511,51.783414],[0.548166,51.78124],[0.547719,51.77832],[0.547176,51.774799],[0.543723,51.771953],[0.540307,51.76915],[0.536882,51.76632],[0.535423,51.765113],[0.533724,51.763724],[0.533605,51.761351],[0.533466,51.758343],[0.533273,51.754236],[0.533124,51.751137],[0.532975,51.747937],[0.53283,51.744795],[0.532671,51.7414],[0.532521,51.738066],[0.530155,51.735197],[0.527762,51.732274],[0.525215,51.729176],[0.523285,51.726822],[0.522268,51.724094],[0.521342,51.721615],[0.520176,51.718498],[0.519288,51.716115],[0.519542,51.712994],[0.519868,51.709017],[0.520084,51.706379],[0.520296,51.70383],[0.520495,51.701436],[0.52186,51.698934],[0.523127,51.696621],[0.524883,51.693425],[0.522209,51.690695],[0.519381,51.687791],[0.516793,51.685139],[0.518043,51.682502],[0.51963,51.67915],[0.521317,51.675591],[0.522546,51.67301],[0.523756,51.670449],[0.525285,51.667224],[0.526161,51.6642],[0.527011,51.66128],[0.527897,51.658229],[0.528565,51.655927],[0.529481,51.652797],[0.529903,51.649151],[0.530303,51.645669],[0.533141,51.64254],[0.534699,51.639019],[0.535035,51.636302],[0.535505,51.632557],[0.535942,51.629098],[0.53633,51.626018],[0.536743,51.622705],[0.541074,51.620252],[0.544737,51.618167],[0.548469,51.616053],[0.552211,51.613193],[0.551303,51.611644],[0.551185,51.608],[0.554924,51.605336],[0.558003,51.60314],[0.560727,51.601198],[0.563566,51.599164],[0.564262,51.596308],[0.564803,51.593988]]}},{"type":"Feature","properties":{"id":"ohl-736","kind":"ohl","name":"CANTERBURY NORTH - KEMSLEY","voltage":"400","towers":"ZV ROUTE TWR (122 - 165)","status":"C","gid":10005288,"risk":"MEDIUM","floodCodes":["064FWC1Kemsley"],"floodNames":["Coast from Kemsley to Seasalter"]},"geometry":{"type":"LineString","coordinates":[[0.743602,51.369125],[0.746311,51.367326],[0.747397,51.363857],[0.748706,51.361499],[0.750295,51.359012],[0.755079,51.357577],[0.758817,51.356445],[0.764008,51.354866],[0.770203,51.354216],[0.776157,51.354209],[0.78139,51.354175],[0.786049,51.352906],[0.791037,51.351481],[0.79447,51.350536],[0.798793,51.349362],[0.80321,51.348106],[0.806557,51.347169],[0.810852,51.345988],[0.814894,51.344836],[0.819335,51.344411],[0.823542,51.344019],[0.828437,51.343532],[0.833802,51.343004],[0.838816,51.342534],[0.843373,51.342075],[0.847709,51.341653],[0.852445,51.341193],[0.858355,51.340619],[0.86361,51.340113],[0.868307,51.339674],[0.872359,51.339256],[0.878344,51.338674],[0.882537,51.338282],[0.886936,51.337836],[0.893327,51.337617],[0.897395,51.337462],[0.903182,51.337257],[0.909291,51.337984],[0.914339,51.338019],[0.918282,51.338043],[0.923337,51.338075],[0.929022,51.338126],[0.933657,51.338141],[0.938347,51.338183]]}},{"type":"Feature","properties":{"id":"ohl-737","kind":"ohl","name":"IRONBRIDGE - RUGELEY","voltage":"400","towers":"ZN ROUTE TWR (046 - 106)","status":"C","gid":10005289,"risk":"MEDIUM","floodCodes":["033FWF3WYRLEY"],"floodNames":["Wash Brook and Wyrley Brook at Churchbridge"]},"geometry":{"type":"LineString","coordinates":[[-2.109328,52.666778],[-2.104201,52.66716],[-2.099021,52.667544],[-2.092967,52.667994],[-2.088472,52.668327],[-2.085872,52.66852],[-2.080282,52.669449],[-2.075444,52.668971],[-2.074057,52.668349],[-2.071697,52.669573],[-2.069147,52.669759],[-2.064079,52.670134],[-2.058485,52.670546],[-2.053208,52.670936],[-2.04884,52.671166],[-2.045716,52.671332],[-2.041904,52.671533],[-2.036387,52.672137],[-2.031282,52.671602],[-2.025884,52.672383],[-2.022818,52.6716],[-2.02032,52.671962],[-2.016294,52.671872],[-2.013455,52.671545],[-2.011661,52.672732],[-2.006812,52.673987],[-2.004322,52.674631],[-1.999334,52.675927],[-1.994684,52.677128],[-1.990734,52.678153],[-1.985553,52.679499],[-1.981605,52.680519],[-1.977357,52.68162],[-1.971132,52.683234],[-1.966459,52.684441],[-1.960583,52.685966],[-1.956281,52.687077],[-1.950895,52.688472],[-1.94633,52.689657],[-1.944257,52.690193],[-1.939595,52.691399],[-1.934299,52.692769],[-1.930045,52.693261],[-1.924203,52.693931],[-1.919498,52.694472],[-1.915795,52.694897],[-1.912044,52.696883],[-1.908621,52.698692],[-1.905207,52.700499],[-1.90158,52.702415],[-1.898561,52.704015],[-1.894563,52.706134],[-1.890658,52.7082],[-1.887282,52.709985],[-1.883399,52.711515],[-1.877788,52.713725],[-1.872795,52.715689],[-1.868095,52.716432],[-1.863133,52.717211],[-1.858315,52.717969],[-1.852339,52.7189],[-1.848312,52.721736],[-1.84556,52.723665],[-1.843469,52.725131],[-1.839737,52.727765]]}},{"type":"Feature","properties":{"id":"ohl-738","kind":"ohl","name":"HAMS HALL - WILLINGTON EAST","voltage":"400","towers":"ZS ROUTE TWR (ZSA014 - 042 - 043)","status":"C","gid":10005290,"risk":"SAFE","floodCodes":[],"floodNames":[]},"geometry":{"type":"MultiLineString","coordinates":[[[-1.513595,52.826082],[-1.514345,52.82746]],[[-1.513592,52.826076],[-1.511368,52.825767]]]}},{"type":"Feature","properties":{"id":"ohl-739","kind":"ohl","name":"CANTERBURY NORTH- SELLINDGE GIS 1","voltage":"400","towers":"ZY ROUTE TWR (078 - 079)","status":"C","gid":10005291,"risk":"MEDIUM","floodCodes":["064FWF6EastStour"],"floodNames":["East Stour from Sellinge to South Ashford"]},"geometry":{"type":"LineString","coordinates":[[0.9747,51.107719],[0.972612,51.106493]]}},{"type":"Feature","properties":{"id":"ohl-740","kind":"ohl","name":"CANTERBURY NORTH - SELLINDGE 1","voltage":"400","towers":"ZY ROUTE TWR (001A - 001 - 078)","status":"C","gid":10005292,"risk":"MEDIUM","floodCodes":["064FWF6Canterbury"],"floodNames":["River Great Stour at Canterbury"]},"geometry":{"type":"LineString","coordinates":[[1.098278,51.294442],[1.100691,51.29501],[1.105104,51.294962],[1.109928,51.292959],[1.115076,51.291369],[1.12031,51.289752],[1.125083,51.288276],[1.127548,51.285829],[1.129604,51.283782],[1.13047,51.279874],[1.131226,51.276506],[1.126682,51.273636],[1.123332,51.271508],[1.119643,51.269165],[1.115397,51.266469],[1.113019,51.264956],[1.110373,51.262559],[1.10689,51.259385],[1.104343,51.257076],[1.10254,51.254032],[1.100643,51.250843],[1.09868,51.247538],[1.096992,51.244692],[1.095315,51.241872],[1.095375,51.238702],[1.095462,51.233873],[1.0955,51.231797],[1.095538,51.229405],[1.097194,51.226727],[1.098848,51.224032],[1.100574,51.221222],[1.102147,51.218665],[1.103752,51.216048],[1.104324,51.213213],[1.103675,51.209683],[1.102229,51.206368],[1.100978,51.203499],[1.09997,51.201173],[1.098103,51.198425],[1.095628,51.194764],[1.093671,51.191873],[1.092486,51.190123],[1.090955,51.187271],[1.089168,51.183936],[1.087624,51.181062],[1.086186,51.178379],[1.083257,51.175937],[1.081708,51.172638],[1.081068,51.171272],[1.078016,51.169715],[1.074867,51.168108],[1.069683,51.165464],[1.065933,51.163544],[1.061387,51.161224],[1.057358,51.159167],[1.053725,51.157039],[1.050362,51.155074],[1.046917,51.153059],[1.042598,51.150533],[1.039405,51.148663],[1.034523,51.145806],[1.032979,51.144905],[1.028663,51.142378],[1.025385,51.140461],[1.02149,51.138182],[1.017985,51.136126],[1.013422,51.133456],[1.009273,51.131029],[1.005629,51.128894],[1.002768,51.126836],[0.999727,51.124643],[0.996701,51.122465],[0.993121,51.119886],[0.98924,51.117092],[0.986061,51.114801],[0.983066,51.112788],[0.979589,51.110456],[0.976391,51.108313],[0.9747,51.107719]]}},{"type":"Feature","properties":{"id":"ohl-741","kind":"ohl","name":"LACKENBY - NORTON 400KV 1","voltage":"400","towers":"XA ROUTE","status":"C","gid":10005293,"risk":"SAFE","floodCodes":[],"floodNames":[]},"geometry":{"type":"LineString","coordinates":[[-1.149292,54.587971],[-1.153268,54.587531],[-1.157007,54.586703],[-1.161579,54.585686],[-1.165541,54.584802],[-1.170383,54.584292],[-1.176153,54.58487],[-1.176773,54.589229],[-1.180965,54.590786],[-1.187872,54.593343],[-1.191879,54.594819],[-1.191597,54.598916],[-1.192394,54.600854],[-1.193644,54.603916]]}},{"type":"Feature","properties":{"id":"ohl-742","kind":"ohl","name":"EAK ROUTE","voltage":"400","towers":"EAK ROUTE","status":"E","gid":10005294,"risk":"SAFE","floodCodes":[],"floodNames":[]},"geometry":{"type":"LineString","coordinates":[[-0.990478,53.140328],[-0.989312,53.141585],[-0.987883,53.143218],[-0.986741,53.144737],[-0.985873,53.146689],[-0.986597,53.14834]]}},{"type":"Feature","properties":{"id":"ohl-743","kind":"ohl","name":"LACKENBY - NORTON 400KV 1","voltage":"400","towers":"ZZA ROUTE TWR (XA014 -244 - 245)","status":"C","gid":10005295,"risk":"SAFE","floodCodes":[],"floodNames":[]},"geometry":{"type":"MultiLineString","coordinates":[[[-1.149292,54.587971],[-1.149194,54.584129]],[[-1.147047,54.581683],[-1.149195,54.58413]]]}},{"type":"Feature","properties":{"id":"ohl-744","kind":"ohl","name":"LACKENBY - NORTON 400KV 1","voltage":"400","towers":"ZZA ROUTE TWR (241 - 242 - XA014)","status":"C","gid":10005296,"risk":"SAFE","floodCodes":[],"floodNames":[]},"geometry":{"type":"LineString","coordinates":[[-1.149292,54.587971],[-1.147606,54.590038],[-1.146124,54.592174]]}},{"type":"Feature","properties":{"id":"ohl-745","kind":"ohl","name":"FERRYBRIDGE 'B' - BRAM - HARR","voltage":"275","towers":"PHG ROUTE TWR (078 - 133)","status":"C","gid":10005297,"risk":"MEDIUM","floodCodes":["122FWF407"],"floodNames":["River Nidd at Knaresborough Caravan Parks and Goldsborough Mill Farm"]},"geometry":{"type":"LineString","coordinates":[[-1.48683,54.030965],[-1.486984,54.029167],[-1.482829,54.028755],[-1.479765,54.028446],[-1.474543,54.027918],[-1.47023,54.027485],[-1.465864,54.025898],[-1.462396,54.023797],[-1.458578,54.021478],[-1.452291,54.020488],[-1.44927,54.018622],[-1.445363,54.016216],[-1.444027,54.015401],[-1.444625,54.01262],[-1.442697,54.009059],[-1.441372,54.006603],[-1.439706,54.003503],[-1.437559,54.000104],[-1.435657,53.997088],[-1.434096,53.994609],[-1.432252,53.991687],[-1.430867,53.989484],[-1.429164,53.986784],[-1.427455,53.984182],[-1.426009,53.981975],[-1.423663,53.978394],[-1.42172,53.975431],[-1.419956,53.97274],[-1.418063,53.969853],[-1.41651,53.967473],[-1.40999,53.965872],[-1.405089,53.964666],[-1.40117,53.963701],[-1.39514,53.962215],[-1.389895,53.960925],[-1.38507,53.959742],[-1.379575,53.958387],[-1.3743,53.957088],[-1.369966,53.955999],[-1.365628,53.954239],[-1.361786,53.952686],[-1.35807,53.951182],[-1.353219,53.94922],[-1.348674,53.947396],[-1.347537,53.944562],[-1.346124,53.941075],[-1.344752,53.937729],[-1.343551,53.934778],[-1.342348,53.93185],[-1.341233,53.929045],[-1.340052,53.926109],[-1.338835,53.923082],[-1.337551,53.919881],[-1.336414,53.91704],[-1.333809,53.914474],[-1.330657,53.911364],[-1.328092,53.908855],[-1.32917,53.906246],[-1.330632,53.902632],[-1.332106,53.898976],[-1.333136,53.896421],[-1.334203,53.893768],[-1.335292,53.891058],[-1.336493,53.888074],[-1.33709,53.884023],[-1.337531,53.881063],[-1.337988,53.878001],[-1.338384,53.875391]]}},{"type":"Feature","properties":{"id":"ohl-746","kind":"ohl","name":"KNARESBOROUGH - MONK FRYSTON","voltage":"275","towers":"XD ROUTE","status":"C","gid":10005298,"risk":"SAFE","floodCodes":[],"floodNames":[]},"geometry":{"type":"LineString","coordinates":[[-1.297042,53.86958],[-1.302341,53.870002],[-1.3066,53.870456],[-1.311813,53.871018],[-1.31624,53.871492],[-1.321989,53.872102],[-1.326202,53.872553],[-1.330338,53.872986],[-1.334701,53.874298],[-1.338384,53.875391]]}},{"type":"Feature","properties":{"id":"ohl-747","kind":"ohl","name":"PC ROUTE","voltage":"400","towers":"PC ROUTE","status":"C","gid":10005299,"risk":"MEDIUM","floodCodes":["064FWC1Marshside","064FWB6StourMarsh","064FWF6Canterbury"],"floodNames":["Chislet Marshes and Wade Marsh","River Stour between Stodmarsh and Ash Level","River Great Stour at Canterbury"]},"geometry":{"type":"LineString","coordinates":[[1.097845,51.294801],[1.099086,51.295438],[1.101163,51.296334],[1.106474,51.297845],[1.108755,51.301106],[1.106457,51.303574],[1.103451,51.306851],[1.102148,51.310071],[1.10348,51.313531],[1.108726,51.315116],[1.113043,51.315701],[1.118579,51.316452],[1.123804,51.31716],[1.128909,51.317401],[1.133857,51.317634],[1.138719,51.317864],[1.143189,51.318074],[1.14867,51.318316],[1.151893,51.320139],[1.156578,51.322758],[1.159506,51.324412],[1.165907,51.32482],[1.170948,51.32515],[1.177195,51.325558],[1.182323,51.325893],[1.186839,51.327729],[1.19055,51.32927],[1.19568,51.331376],[1.199691,51.333022],[1.204046,51.333496],[1.209867,51.33413],[1.214177,51.334599],[1.219068,51.335131],[1.22351,51.335614],[1.228263,51.335156],[1.232544,51.334744],[1.237434,51.334273],[1.242775,51.333759],[1.248028,51.333252],[1.252708,51.332801],[1.258005,51.33229],[1.26259,51.331848],[1.268757,51.331252],[1.273202,51.330822],[1.277185,51.330437],[1.281895,51.328674],[1.286401,51.326986],[1.290815,51.325332],[1.295393,51.323617],[1.299965,51.321903],[1.304507,51.320201],[1.308684,51.318635],[1.31323,51.31693],[1.31769,51.315258],[1.322092,51.313607],[1.326519,51.311946],[1.330505,51.310451],[1.334911,51.308797],[1.337947,51.308545],[1.340772,51.309273],[1.342245,51.310431],[1.343346,51.311034]]}},{"type":"Feature","properties":{"id":"ohl-748","kind":"ohl","name":"Dungeness-Nineield 2","voltage":"400","towers":"4ZJ ROUTE TWR (006 - 134)","status":"C","gid":10005300,"risk":"MEDIUM","floodCodes":["064FWC9"],"floodNames":["Coast from Dungeness to Rye"]},"geometry":{"type":"LineString","coordinates":[[0.89077,50.941333],[0.891954,50.94309],[0.892555,50.943357],[0.896809,50.943548]]}},{"type":"Feature","properties":{"id":"ohl-749","kind":"ohl","name":"COTTAM - EATON SOCON - WYMONDLEY 2","voltage":"400","towers":"4VK ROUTE (TWR 376 - 377B)","status":"C","gid":10005301,"risk":"SAFE","floodCodes":[],"floodNames":[]},"geometry":{"type":"LineString","coordinates":[[-0.299698,52.214255],[-0.299892,52.215413],[-0.302888,52.218567]]}},{"type":"Feature","properties":{"id":"ohl-750","kind":"ohl","name":"COTTAM - EATON SOCON - WYMONDLEY 2","voltage":"400","towers":"4VK ROUTE (TWR 001 - 001B)","status":"C","gid":10005302,"risk":"MEDIUM","floodCodes":["052FWFABHA","034FWBTRCOTTAM","034FWBTRCLIFTON","034FWBTRGIRTON","034FWBTRBESTHRP","034FWBTRTORKSEY","055FWFEWGL03","053FWFPUWI01"],"floodNames":["Alconbury Brook at Hamerton, Alconbury Weston, Alconbury, Little Stukeley and Brampton","River Trent at Cottam","River Trent at North Clifton and South Clifton","River Trent at Girton","River Trent at Besthorpe","River Trent at Torksey","River Tham in Castle Bytham and Little Bytham","Isolated properties and villages near the River Witham from South Witham to Marston"]},"geometry":{"type":"MultiLineString","coordinates":[[[-0.778536,53.300168],[-0.779503,53.301123]],[[-0.778536,53.300168],[-0.779271,53.300302]],[[-0.30078,52.215061],[-0.301087,52.215576],[-0.30289,52.218569],[-0.305128,52.222043],[-0.307123,52.225138],[-0.309295,52.228508],[-0.311242,52.231527],[-0.311427,52.234008],[-0.311632,52.236801],[-0.311827,52.239436],[-0.312103,52.243156],[-0.312304,52.245907],[-0.312501,52.248536],[-0.312732,52.25166],[-0.312959,52.254754],[-0.313195,52.258072],[-0.315234,52.261475],[-0.317245,52.264862],[-0.318931,52.267695],[-0.321012,52.271187],[-0.322854,52.274283],[-0.325066,52.277997],[-0.326639,52.280638],[-0.328623,52.28399],[-0.331662,52.286359],[-0.334694,52.288735],[-0.337867,52.291223],[-0.340544,52.293323],[-0.344534,52.296451],[-0.347426,52.29871],[-0.34646,52.3019],[-0.345442,52.305294],[-0.344433,52.308645],[-0.340433,52.311313],[-0.33652,52.313918],[-0.333142,52.316159],[-0.33045,52.318587],[-0.32661,52.322046],[-0.323822,52.324557],[-0.320643,52.327416],[-0.317261,52.330458],[-0.314225,52.33319],[-0.311003,52.336088],[-0.308597,52.338253],[-0.304426,52.342],[-0.302327,52.343899],[-0.30228,52.347747],[-0.302247,52.351013],[-0.302214,52.354759],[-0.302184,52.35802],[-0.302151,52.361148],[-0.302117,52.364565],[-0.302086,52.367867],[-0.302052,52.371279],[-0.302022,52.374455],[-0.301989,52.378007],[-0.301956,52.381427],[-0.301919,52.385087],[-0.301887,52.388584],[-0.301855,52.392043],[-0.301829,52.394542],[-0.301795,52.398],[-0.301762,52.401316],[-0.301729,52.404597],[-0.301699,52.407943],[-0.30451,52.410802],[-0.307309,52.413652],[-0.309869,52.416254],[-0.31207,52.418494],[-0.314965,52.421435],[-0.317345,52.423854],[-0.320261,52.426817],[-0.322651,52.42925],[-0.32589,52.432539],[-0.328488,52.435177],[-0.331198,52.437928],[-0.333469,52.44023],[-0.335534,52.443592],[-0.337615,52.446958],[-0.339656,52.450266],[-0.341682,52.453545],[-0.343492,52.456472],[-0.345658,52.459984],[-0.347519,52.462993],[-0.34944,52.466106],[-0.351399,52.469275],[-0.353426,52.472557],[-0.355383,52.475705],[-0.35599,52.479633],[-0.356499,52.48287],[-0.357085,52.4866],[-0.35756,52.489612],[-0.35807,52.492867],[-0.358578,52.496089],[-0.359068,52.499204],[-0.359608,52.502651],[-0.360168,52.506198],[-0.360733,52.50981],[-0.361284,52.513325],[-0.361805,52.51663],[-0.362334,52.520009],[-0.362799,52.522972],[-0.363329,52.526342],[-0.363862,52.529755],[-0.364431,52.533381],[-0.364989,52.536921],[-0.365539,52.540435],[-0.366115,52.544139],[-0.367653,52.546979],[-0.369239,52.549913],[-0.370911,52.553019],[-0.372639,52.556216],[-0.37441,52.559497],[-0.376023,52.562499],[-0.375071,52.565639],[-0.375268,52.568899],[-0.375482,52.572599],[-0.375664,52.575745],[-0.375845,52.578836],[-0.376038,52.582198],[-0.37621,52.585147],[-0.374376,52.587486],[-0.372067,52.590426],[-0.369993,52.593066],[-0.368229,52.595317],[-0.366441,52.59759],[-0.364637,52.599885],[-0.362478,52.602636],[-0.360454,52.605216],[-0.358054,52.608265],[-0.35602,52.610837],[-0.35614,52.614406],[-0.356238,52.617694],[-0.356339,52.621095],[-0.356433,52.624247],[-0.356519,52.627484],[-0.358061,52.630319],[-0.359881,52.633694],[-0.361501,52.636688],[-0.363163,52.639763],[-0.365012,52.643189],[-0.369708,52.644992],[-0.370963,52.647419],[-0.373524,52.650256],[-0.378706,52.651571],[-0.384474,52.653034],[-0.389477,52.654302],[-0.393635,52.655354],[-0.398315,52.656539],[-0.403963,52.657966],[-0.408794,52.659187],[-0.41442,52.660609],[-0.419786,52.661974],[-0.423242,52.664755],[-0.425552,52.666625],[-0.427902,52.668525],[-0.430688,52.670781],[-0.433568,52.673112],[-0.436558,52.675527],[-0.43982,52.678166],[-0.442821,52.680591],[-0.445954,52.683127],[-0.449473,52.685399],[-0.453183,52.6878],[-0.460452,52.692505],[-0.463888,52.69473],[-0.4673,52.696935],[-0.4704,52.698939],[-0.473244,52.70078],[-0.476991,52.703209],[-0.478291,52.706507],[-0.47976,52.710259],[-0.48092,52.713217],[-0.48213,52.716311],[-0.483528,52.719923],[-0.48678,52.72278],[-0.489511,52.725197],[-0.492655,52.727975],[-0.496276,52.731175],[-0.499388,52.733918],[-0.501473,52.737008],[-0.503608,52.740159],[-0.505565,52.74305],[-0.506926,52.745053],[-0.509093,52.748251],[-0.511373,52.751622],[-0.513364,52.754559],[-0.515561,52.757801],[-0.517694,52.760944],[-0.51967,52.763857],[-0.521941,52.767207],[-0.523629,52.769147],[-0.526214,52.772128],[-0.528939,52.77526],[-0.531626,52.778355],[-0.534136,52.78124],[-0.53633,52.783768],[-0.538686,52.786478],[-0.541116,52.789264],[-0.54265,52.791988],[-0.544406,52.7951],[-0.546344,52.798529],[-0.54796,52.801388],[-0.549395,52.803928],[-0.551256,52.807222],[-0.552883,52.810093],[-0.554301,52.81261],[-0.556491,52.816472],[-0.5581,52.819324],[-0.559451,52.821729],[-0.56339,52.824521],[-0.566625,52.826826],[-0.568912,52.828455],[-0.573223,52.83152],[-0.576601,52.833927],[-0.580703,52.836847],[-0.584189,52.839326],[-0.586993,52.841316],[-0.590386,52.843739],[-0.594432,52.845546],[-0.598988,52.84758],[-0.603179,52.849454],[-0.60735,52.851321],[-0.611614,52.853226],[-0.616089,52.855224],[-0.6173,52.858267],[-0.618742,52.861885],[-0.619961,52.864944],[-0.622908,52.866772],[-0.626383,52.868925],[-0.629681,52.870967],[-0.632748,52.872866],[-0.636577,52.875238],[-0.640449,52.877634],[-0.643897,52.879767],[-0.647832,52.882203],[-0.651952,52.884752],[-0.655285,52.886814],[-0.659776,52.889593],[-0.661709,52.892256],[-0.663416,52.894614],[-0.666398,52.897401],[-0.669839,52.900622],[-0.672854,52.903445],[-0.675956,52.906346],[-0.678844,52.909043],[-0.680167,52.912463],[-0.681226,52.915178],[-0.682453,52.918329],[-0.683553,52.921131],[-0.686663,52.922738],[-0.691073,52.925014],[-0.695733,52.927418],[-0.69921,52.929213],[-0.70404,52.931702],[-0.708005,52.933747],[-0.712701,52.936165],[-0.717121,52.938445],[-0.721477,52.940692],[-0.725143,52.942579],[-0.729428,52.944785],[-0.734057,52.947169],[-0.738112,52.949252],[-0.740003,52.951322],[-0.741983,52.953479],[-0.743971,52.955642],[-0.747057,52.959006],[-0.749367,52.961518],[-0.751899,52.964276],[-0.754786,52.967416],[-0.757118,52.969956],[-0.759622,52.972689],[-0.762154,52.975452],[-0.764768,52.978306],[-0.767454,52.981233],[-0.770111,52.984133],[-0.772347,52.986582],[-0.7715,52.98965],[-0.770556,52.993048],[-0.769536,52.996718],[-0.768586,53.000129],[-0.767572,53.003773],[-0.766604,53.007262],[-0.765712,53.010473],[-0.764867,53.01394],[-0.763998,53.01751],[-0.76314,53.021038],[-0.76229,53.024529],[-0.76149,53.027829],[-0.760799,53.030675],[-0.759985,53.034013],[-0.75922,53.037162],[-0.758298,53.040411],[-0.757287,53.043996],[-0.756314,53.047435],[-0.755596,53.049976],[-0.754651,53.053319],[-0.753768,53.056434],[-0.752762,53.059988],[-0.751827,53.063305],[-0.750925,53.0665],[-0.750039,53.069618],[-0.749171,53.072698],[-0.74827,53.075888],[-0.747317,53.079243],[-0.746368,53.082539],[-0.74758,53.085494],[-0.748907,53.088771],[-0.750191,53.091941],[-0.751464,53.095075],[-0.752684,53.098091],[-0.754027,53.101391],[-0.755247,53.104402],[-0.756348,53.107111],[-0.75757,53.110126],[-0.759736,53.113747],[-0.76147,53.116648],[-0.763314,53.119735],[-0.765071,53.122679],[-0.766821,53.125602],[-0.768558,53.12851],[-0.770171,53.131213],[-0.772107,53.134429],[-0.772158,53.138033],[-0.772212,53.141152],[-0.772266,53.144328],[-0.772326,53.147904],[-0.772387,53.151462],[-0.772441,53.154847],[-0.772502,53.15847],[-0.772561,53.161928],[-0.772623,53.165683],[-0.772688,53.168776],[-0.770778,53.172752],[-0.769432,53.175577],[-0.768232,53.178059],[-0.768464,53.180145],[-0.768767,53.182975],[-0.769146,53.186413],[-0.768291,53.189389],[-0.76728,53.192949],[-0.766572,53.195438],[-0.765773,53.198192],[-0.766983,53.200557],[-0.768448,53.203457],[-0.770328,53.207168],[-0.771828,53.210131],[-0.773691,53.213818],[-0.775252,53.216895],[-0.77687,53.2201],[-0.778676,53.223647],[-0.778384,53.225721],[-0.777909,53.229163],[-0.777383,53.232935],[-0.777013,53.235612],[-0.776664,53.238158],[-0.776184,53.241675],[-0.774274,53.245262],[-0.772613,53.248403],[-0.770857,53.25173],[-0.769371,53.25453],[-0.768262,53.256621],[-0.766873,53.259572],[-0.765637,53.26221],[-0.764005,53.265673],[-0.762558,53.268745],[-0.760954,53.272171],[-0.762534,53.275032],[-0.764417,53.278428],[-0.766141,53.281534],[-0.767959,53.28481],[-0.769938,53.288377],[-0.771359,53.290941],[-0.772928,53.293768],[-0.774257,53.296165],[-0.775521,53.298411],[-0.778536,53.300168]]]}},{"type":"Feature","properties":{"id":"ohl-751","kind":"ohl","name":"EAK ROUTE","voltage":"400","towers":"EAK ROUTE","status":"E","gid":10005303,"risk":"SAFE","floodCodes":[],"floodNames":[]},"geometry":{"type":"LineString","coordinates":[[-0.990181,53.140244],[-0.989312,53.141585]]}},{"type":"Feature","properties":{"id":"ohl-752","kind":"ohl","name":"EAK ROUTE","voltage":"400","towers":"EAK ROUTE","status":"E","gid":10005304,"risk":"SAFE","floodCodes":[],"floodNames":[]},"geometry":{"type":"LineString","coordinates":[[-0.985873,53.146689],[-0.986043,53.148353]]}},{"type":"Feature","properties":{"id":"ohl-753","kind":"ohl","name":"Dungeness-Sellindge 2","voltage":"400","towers":"4ZJ ROUTE TWR (006 - 026)","status":"C","gid":10005305,"risk":"MEDIUM","floodCodes":["064FWC9"],"floodNames":["Coast from Dungeness to Rye"]},"geometry":{"type":"LineString","coordinates":[[0.892629,50.942785],[0.891775,50.943766]]}},{"type":"Feature","properties":{"id":"ohl-754","kind":"ohl","name":"JP ROUTE","voltage":"400","towers":"JP ROUTE","status":"C","gid":10064227,"risk":"MEDIUM","floodCodes":["112FWTSTE03","112FWTSTE02"],"floodNames":["Somerset coast at Steart, Stolford and Stretcholt","Somerset coast at Steart and Stolford, properties located behind the seafront"]},"geometry":{"type":"LineString","coordinates":[[-3.136421,51.202718],[-3.132885,51.201239],[-3.128722,51.202435],[-3.127596,51.203749],[-3.127355,51.204827],[-3.126969,51.205616]]}},{"type":"Feature","properties":{"id":"ohl-755","kind":"ohl","name":"LD001 HINKLEY POINT - SANDFORD","voltage":"400","towers":"LD ROUTE","status":"C","gid":10065161,"risk":"MEDIUM","floodCodes":["112FWTPRT01","112FWTAVN02","112FWTAVN01","112FWTKIN02","112FWTPRT02","112FWTCLE03","112FWTKIN03","112FWFCON10A"],"floodNames":["Somerset coast at Portishead and Portbury Dock, seafront properties and Portbury Dock areas","Severn Estuary at Avonmouth","Severn Estuary at Avonmouth, seafront properties","Somerset coast at Kingston Seymour","Somerset coast at Portishead and Portbury Dock, Portbury Wharf and Common and Gordano Valley areas","Somerset coast at Clevedon","Somerset coast at Kingston Seymour, Wick St Lawrence, Hewish and Kenn","Congresbury Yeo from Wrington to Congresbury"]},"geometry":{"type":"LineString","coordinates":[[-2.840453,51.341102],[-2.839858,51.341331],[-2.840229,51.341444],[-2.840294,51.342648],[-2.839408,51.344471],[-2.838651,51.347021],[-2.837813,51.349868],[-2.836907,51.352932],[-2.836176,51.35541],[-2.836534,51.358465],[-2.836942,51.361942],[-2.837318,51.365257],[-2.837677,51.368356],[-2.838052,51.3716],[-2.83846,51.375068],[-2.838803,51.378086],[-2.840025,51.38046],[-2.841708,51.383703],[-2.842885,51.385979],[-2.844509,51.389105],[-2.845925,51.391864],[-2.847475,51.394847],[-2.848742,51.397302],[-2.849561,51.399589],[-2.848579,51.401673],[-2.845294,51.403621],[-2.841186,51.405359],[-2.836577,51.407307],[-2.832054,51.40921],[-2.827873,51.410966],[-2.823121,51.412969],[-2.819439,51.414523],[-2.816534,51.416117],[-2.81286,51.41813],[-2.808844,51.420333],[-2.804627,51.422655],[-2.801151,51.424558],[-2.797262,51.426689],[-2.793814,51.428574],[-2.789653,51.430859],[-2.785535,51.433116],[-2.782357,51.434855],[-2.778109,51.437185],[-2.774232,51.439306],[-2.772767,51.442004],[-2.771609,51.444134],[-2.768045,51.446118],[-2.763264,51.447623],[-2.758884,51.449001],[-2.753201,51.450791],[-2.751173,51.452647],[-2.749695,51.454662],[-2.747175,51.458068],[-2.745471,51.460389],[-2.743837,51.462603],[-2.741809,51.465349],[-2.739358,51.468673],[-2.73965,51.470704],[-2.740575,51.473593],[-2.74212,51.476505],[-2.743843,51.47974],[-2.743124,51.482496],[-2.741709,51.485796],[-2.738914,51.487549],[-2.734433,51.488324],[-2.729469,51.487753],[-2.724434,51.487172],[-2.719617,51.486761],[-2.714267,51.486308],[-2.708816,51.485847],[-2.703465,51.485394],[-2.699116,51.48631],[-2.697677,51.489277],[-2.695876,51.493028],[-2.694608,51.495814],[-2.697787,51.497449],[-2.701634,51.499369],[-2.70417,51.501233],[-2.702802,51.503183],[-2.698653,51.504134],[-2.696407,51.5052],[-2.692187,51.50473],[-2.687271,51.504165],[-2.682639,51.503653],[-2.67802,51.505037],[-2.673272,51.506476],[-2.669093,51.508407],[-2.665631,51.510984],[-2.663423,51.51356],[-2.662637,51.516221],[-2.661772,51.519229],[-2.660135,51.522601],[-2.658806,51.525387],[-2.662057,51.527949],[-2.664929,51.530226],[-2.664451,51.532054],[-2.665957,51.5345],[-2.668781,51.536345]]}},{"type":"Feature","properties":{"id":"ohl-756","kind":"ohl","name":"HARTMOOR - HARTLEPOOL 4","voltage":"400","towers":"ZZA ROUTE","status":"C","gid":0,"risk":"MEDIUM","floodCodes":["121FWT565"],"floodNames":["Tees estuary at Greatham Creek"]},"geometry":{"type":"LineString","coordinates":[[-1.236354,54.60503],[-1.23121,54.605098],[-1.226071,54.605163],[-1.221489,54.605221],[-1.216285,54.605287],[-1.21138,54.605344],[-1.208803,54.604479],[-1.204234,54.604461],[-1.19944,54.604446],[-1.193644,54.603916]]}},{"type":"Feature","properties":{"id":"ohl-757","kind":"ohl","name":"SHURTON - TAUNTON 1","voltage":"400","towers":null,"status":"C","gid":0,"risk":"MEDIUM","floodCodes":["112FWTSTE03","112FWTSTE02"],"floodNames":["Somerset coast at Steart, Stolford and Stretcholt","Somerset coast at Steart and Stolford, properties located behind the seafront"]},"geometry":{"type":"LineString","coordinates":[[-3.138796,51.202153],[-3.135704,51.199646],[-3.131742,51.199385],[-3.127418,51.199121],[-3.121701,51.198808],[-3.116522,51.196529]]}},{"type":"Feature","properties":{"id":"ohl-758","kind":"ohl","name":"STALYBRIDGE - THORPE MARSH","voltage":"400","towers":"4ZO ROUTE (TWR 200 - 251B)","status":"C","gid":0,"risk":"SAFE","floodCodes":[],"floodNames":[]},"geometry":{"type":"LineString","coordinates":[[-1.738543,53.520665],[-1.739562,53.520045]]}},{"type":"Feature","properties":{"id":"ohl-759","kind":"ohl","name":"LD001 HINKLEY POINT - SANDFORD","voltage":"400","towers":"LD ROUTE","status":"C","gid":0,"risk":"MEDIUM","floodCodes":["112FWTBRE03","112FWTBUR03"],"floodNames":["Somerset coast at Brean and Lympsham","Somerset coast at Burnham-on-Sea, Huntspill, Highbridge and Berrow"]},"geometry":{"type":"LineString","coordinates":[[-2.945485,51.182688],[-2.941397,51.185005],[-2.938062,51.187046],[-2.934076,51.189479],[-2.929991,51.191985],[-2.926895,51.193879],[-2.924574,51.196604],[-2.92235,51.199203],[-2.919986,51.201982],[-2.917776,51.204562],[-2.914147,51.207063],[-2.910673,51.209455],[-2.907311,51.211765],[-2.90654,51.214055],[-2.905756,51.216408],[-2.907193,51.219589],[-2.90878,51.223084],[-2.909584,51.226099],[-2.90953,51.228437],[-2.90947,51.231207],[-2.907357,51.233732],[-2.904658,51.236352],[-2.901551,51.239352],[-2.901252,51.24234],[-2.900905,51.245832],[-2.900556,51.249251],[-2.900222,51.25268],[-2.899872,51.256036],[-2.899537,51.259438],[-2.899202,51.26283],[-2.898854,51.266295],[-2.898775,51.269587],[-2.8987,51.272321],[-2.898634,51.275585],[-2.898996,51.278667],[-2.899354,51.281596],[-2.899697,51.284452],[-2.900137,51.286427],[-2.89975,51.286448]]}},{"type":"Feature","properties":{"id":"ohl-760","kind":"ohl","name":"SB001  SUTTON BRIDGE - XXXX  1","voltage":"132","towers":"General Electric International Inc","status":"C","gid":0,"risk":"MEDIUM","floodCodes":["055FWTNENE2C","055FWTNENE1A"],"floodNames":["Wash Frontage and the right bank of the Tidal Nene from Walton Dam to Admiralty Point","Tidal River Nene in Sutton Bridge"]},"geometry":{"type":"LineString","coordinates":[[0.190306,52.755227],[0.19089,52.752105],[0.189226,52.74906],[0.18787,52.746532],[0.186139,52.743327],[0.184505,52.740282],[0.182578,52.736712],[0.185144,52.734408],[0.188577,52.732564],[0.191084,52.729982],[0.196847,52.727889]]}},{"type":"Feature","properties":{"id":"ohl-761","kind":"ohl","name":"HINKLEY POINT - MELKSHAM 1","voltage":"400","towers":"ZG ROUTE TWR (004 - 259)","status":"C","gid":0,"risk":"MEDIUM","floodCodes":["112FWTBUR03"],"floodNames":["Somerset coast at Burnham-on-Sea, Huntspill, Highbridge and Berrow"]},"geometry":{"type":"LineString","coordinates":[[-2.929639,51.181986],[-2.934057,51.182168],[-2.93857,51.18293],[-2.942446,51.183947],[-2.941397,51.185005]]}},{"type":"Feature","properties":{"id":"ohl-762","kind":"ohl","name":"Unnamed circuit","voltage":"400","towers":null,"status":"C","gid":0,"risk":"MEDIUM","floodCodes":["112FWTBUR03","112FWTCOM02"],"floodNames":["Somerset coast at Burnham-on-Sea, Huntspill, Highbridge and Berrow","Tidal River Parrett at Chilton Trinity, Combwich and Dunball"]},"geometry":{"type":"LineString","coordinates":[[-2.971404,51.154719],[-2.968579,51.157098],[-2.965619,51.15959],[-2.962322,51.162189],[-2.960184,51.163874],[-2.955767,51.165043],[-2.951169,51.166259],[-2.948254,51.168677],[-2.945322,51.171108],[-2.942501,51.173447],[-2.939699,51.17634],[-2.936895,51.179234],[-2.934057,51.182168]]}}]}