{"type":"FeatureCollection","features":[{"type":"Feature","properties":{"id":"substation-0","kind":"substation","name":"DAMHEAD CREEK 400KV S/S","voltage":"400kV","status":"C","gid":10051888,"risk":"HIGH","floodCodes":["064FWT1Medway"],"floodNames":["Tidal River Medway and Medway estuary"],"lng":0.598701,"lat":51.424366},"geometry":{"type":"Polygon","coordinates":[[[0.598817,51.424462],[0.598829,51.424228],[0.598527,51.424221],[0.598515,51.424456],[0.598817,51.424462]]]}},{"type":"Feature","properties":{"id":"substation-1","kind":"substation","name":"MONK FRYSTON 275KV S/S","voltage":"275kV","status":"C","gid":10051889,"risk":"SAFE","floodCodes":[],"floodNames":[],"lng":-1.266902,"lat":53.756893},"geometry":{"type":"Polygon","coordinates":[[[-1.267142,53.756529],[-1.267163,53.756465],[-1.267558,53.756516],[-1.267604,53.756359],[-1.268039,53.756474],[-1.268107,53.756664],[-1.268269,53.756677],[-1.268253,53.756754],[-1.268313,53.756759],[-1.26827,53.756941],[-1.268266,53.756951],[-1.267922,53.757241],[-1.267538,53.757561],[-1.267339,53.757722],[-1.267312,53.757775],[-1.267073,53.757749],[-1.265511,53.757556],[-1.26546,53.757686],[-1.264176,53.757529],[-1.264481,53.756653],[-1.265034,53.756722],[-1.265207,53.756234],[-1.266087,53.756354],[-1.266068,53.756405],[-1.266113,53.756411],[-1.267142,53.756529]]]}},{"type":"Feature","properties":{"id":"substation-2","kind":"substation","name":"MONK FRYSTON 275KV S/S","voltage":"275kV","status":"C","gid":10051890,"risk":"SAFE","floodCodes":[],"floodNames":[],"lng":-1.267539,"lat":53.755771},"geometry":{"type":"Polygon","coordinates":[[[-1.265284,53.756014],[-1.265368,53.755768],[-1.265755,53.754658],[-1.266407,53.754737],[-1.267823,53.754914],[-1.268016,53.754936],[-1.268076,53.754899],[-1.26829,53.754927],[-1.26835,53.754975],[-1.268154,53.755615],[-1.268436,53.75566],[-1.26851,53.75547],[-1.268766,53.755498],[-1.268653,53.75583],[-1.268357,53.755786],[-1.268299,53.755921],[-1.268418,53.755936],[-1.268357,53.756114],[-1.268636,53.756152],[-1.268571,53.756351],[-1.268441,53.756334],[-1.268378,53.756522],[-1.268039,53.756474],[-1.267604,53.756359],[-1.26721,53.756315],[-1.267233,53.756245],[-1.26617,53.756119],[-1.266087,53.756354],[-1.265207,53.756234],[-1.265284,53.756014]]]}},{"type":"Feature","properties":{"id":"substation-3","kind":"substation","name":"ACTON LANE 22KV S/S","voltage":"25kV","status":"C","gid":10051891,"risk":"SAFE","floodCodes":[],"floodNames":[],"lng":-0.25894,"lat":51.53403},"geometry":{"type":"Polygon","coordinates":[[[-0.259775,51.534139],[-0.259683,51.534271],[-0.259565,51.53424],[-0.259543,51.534271],[-0.258881,51.534097],[-0.258901,51.534067],[-0.258749,51.534027],[-0.258758,51.534015],[-0.258634,51.533982],[-0.258636,51.53398],[-0.258605,51.533971],[-0.258497,51.533944],[-0.258469,51.533937],[-0.258505,51.533883],[-0.258535,51.533841],[-0.2587,51.533884],[-0.258715,51.533861],[-0.259775,51.534139]]]}},{"type":"Feature","properties":{"id":"substation-4","kind":"substation","name":"ACTON LANE 22KV S/S","voltage":"25kV","status":"C","gid":10051892,"risk":"SAFE","floodCodes":[],"floodNames":[],"lng":-0.257935,"lat":51.533141},"geometry":{"type":"Polygon","coordinates":[[[-0.258115,51.532945],[-0.258152,51.533241],[-0.258016,51.533249],[-0.258018,51.533277],[-0.257996,51.533285],[-0.257884,51.533291],[-0.257748,51.533298],[-0.257743,51.533258],[-0.257768,51.533245],[-0.257875,51.533241],[-0.257958,51.533238],[-0.257939,51.533061],[-0.257881,51.533064],[-0.257866,51.532988],[-0.257889,51.532972],[-0.257917,51.532969],[-0.257951,51.532964],[-0.258115,51.532945]]]}},{"type":"Feature","properties":{"id":"substation-5","kind":"substation","name":"RYE HOUSE 400KV S/S","voltage":"400kV","status":"C","gid":10051893,"risk":"HIGH","floodCodes":["062FWF53Hoddesdn"],"floodNames":["Lower River Lee at Hoddesdon and Cheshunt"],"lng":0.008656,"lat":51.759065},"geometry":{"type":"Polygon","coordinates":[[[0.008457,51.759399],[0.0091,51.759185],[0.00892,51.758976],[0.008958,51.758964],[0.008692,51.758655],[0.008007,51.75888],[0.008457,51.759399]]]}},{"type":"Feature","properties":{"id":"substation-6","kind":"substation","name":"ST JOHNS WOOD 400KV S/S","voltage":"400kV","status":"C","gid":10051894,"risk":"SAFE","floodCodes":[],"floodNames":[],"lng":-0.169435,"lat":51.527542},"geometry":{"type":"Polygon","coordinates":[[[-0.170355,51.527486],[-0.169972,51.52766],[-0.169564,51.527853],[-0.16918,51.528027],[-0.169157,51.528025],[-0.169149,51.528021],[-0.168896,51.527808],[-0.168893,51.5278],[-0.1689,51.527787],[-0.168948,51.527763],[-0.168871,51.527698],[-0.168914,51.527677],[-0.16871,51.527506],[-0.168895,51.52742],[-0.169081,51.527332],[-0.169163,51.527294],[-0.169343,51.527197],[-0.169676,51.527042],[-0.169811,51.526987],[-0.16998,51.52714],[-0.170065,51.52721],[-0.170176,51.5273],[-0.170386,51.527477],[-0.170355,51.527486]]]}},{"type":"Feature","properties":{"id":"substation-7","kind":"substation","name":"RYE HOUSE 400KV S/S","voltage":"400kV","status":"C","gid":10051895,"risk":"HIGH","floodCodes":["062FWF53Hoddesdn"],"floodNames":["Lower River Lee at Hoddesdon and Cheshunt"],"lng":0.01063,"lat":51.758691},"geometry":{"type":"Polygon","coordinates":[[[0.010074,51.759063],[0.011342,51.759128],[0.01146,51.758129],[0.010202,51.758071],[0.010074,51.759063]]]}},{"type":"Feature","properties":{"id":"substation-8","kind":"substation","name":"CITY ROAD 400KV S/S","voltage":"400kV","status":"C","gid":10051897,"risk":"SAFE","floodCodes":[],"floodNames":[],"lng":-0.095674,"lat":51.530229},"geometry":{"type":"Polygon","coordinates":[[[-0.09546,51.530438],[-0.095242,51.530111],[-0.09599,51.529917],[-0.096216,51.530244],[-0.09546,51.530438]]]}},{"type":"Feature","properties":{"id":"substation-9","kind":"substation","name":"CITY ROAD 400KV S/S","voltage":"400kV","status":"C","gid":10051898,"risk":"SAFE","floodCodes":[],"floodNames":[],"lng":-0.096185,"lat":51.530768},"geometry":{"type":"Polygon","coordinates":[[[-0.096534,51.530741],[-0.09576,51.530949],[-0.095662,51.530809],[-0.096434,51.530598],[-0.096534,51.530741]]]}},{"type":"Feature","properties":{"id":"substation-10","kind":"substation","name":"DAMHEAD CREEK 400KV S/S","voltage":"400kV","status":"C","gid":10051899,"risk":"HIGH","floodCodes":["064FWT1Medway"],"floodNames":["Tidal River Medway and Medway estuary"],"lng":0.601356,"lat":51.424479},"geometry":{"type":"Polygon","coordinates":[[[0.600586,51.424607],[0.60249,51.424647],[0.60251,51.424288],[0.600605,51.424248],[0.600586,51.424607]]]}},{"type":"Feature","properties":{"id":"substation-11","kind":"substation","name":"ST JOHNS WOOD 400KV S/S","voltage":"400kV","status":"C","gid":10051900,"risk":"SAFE","floodCodes":[],"floodNames":[],"lng":-0.1695,"lat":51.528335},"geometry":{"type":"Polygon","coordinates":[[[-0.169239,51.528582],[-0.169141,51.528501],[-0.169381,51.528389],[-0.169238,51.52827],[-0.17001,51.527909],[-0.170251,51.52811],[-0.169239,51.528582]]]}},{"type":"Feature","properties":{"id":"substation-12","kind":"substation","name":"PENN 400KV S/S","voltage":"400kV","status":"C","gid":10051901,"risk":"SAFE","floodCodes":[],"floodNames":[],"lng":-2.209582,"lat":52.556961},"geometry":{"type":"Polygon","coordinates":[[[-2.208918,52.556964],[-2.208907,52.556765],[-2.210649,52.556747],[-2.210664,52.557035],[-2.210508,52.557055],[-2.210151,52.557066],[-2.209179,52.557084],[-2.208985,52.556973],[-2.208946,52.556954],[-2.208918,52.556964]]]}},{"type":"Feature","properties":{"id":"substation-13","kind":"substation","name":"PENN 400KV S/S","voltage":"400kV","status":"C","gid":10051902,"risk":"SAFE","floodCodes":[],"floodNames":[],"lng":-2.209382,"lat":52.555359},"geometry":{"type":"Polygon","coordinates":[[[-2.208831,52.555199],[-2.210173,52.555154],[-2.210221,52.555607],[-2.208852,52.555637],[-2.208831,52.555199]]]}},{"type":"Feature","properties":{"id":"substation-14","kind":"substation","name":"BRIDGWATER 400KV S/S","voltage":"275kV","status":"C","gid":10051903,"risk":"HIGH","floodCodes":["112FWTBRI03"],"floodNames":["Tidal River Parrett at Bridgwater, Moorland, Burrowbridge and Stathe"],"lng":-2.969791,"lat":51.117445},"geometry":{"type":"Polygon","coordinates":[[[-2.969539,51.11811],[-2.969088,51.117999],[-2.969582,51.117207],[-2.969684,51.117048],[-2.969784,51.116892],[-2.96987,51.116756],[-2.970493,51.11691],[-2.970237,51.117313],[-2.970131,51.11735],[-2.969826,51.117836],[-2.969722,51.117809],[-2.969539,51.11811]]]}},{"type":"Feature","properties":{"id":"substation-15","kind":"substation","name":"STALYBRIDGE 275KV S/S","voltage":"275kV","status":"C","gid":10051905,"risk":"HIGH","floodCodes":["013FWFGM24"],"floodNames":["River Tame, Fern Bank and Millbrook in Stalybridge"],"lng":-2.044578,"lat":53.491955},"geometry":{"type":"Polygon","coordinates":[[[-2.044039,53.493024],[-2.042527,53.492246],[-2.042608,53.491848],[-2.043578,53.491168],[-2.043555,53.490907],[-2.044382,53.490311],[-2.046429,53.491359],[-2.046271,53.491465],[-2.045995,53.491663],[-2.045594,53.491944],[-2.045164,53.492243],[-2.044927,53.492408],[-2.044843,53.492465],[-2.04469,53.492573],[-2.044607,53.49263],[-2.044039,53.493024]]]}},{"type":"Feature","properties":{"id":"substation-16","kind":"substation","name":"CHESSINGTON 275KV S/S","voltage":"275kV","status":"C","gid":10051906,"risk":"SAFE","floodCodes":[],"floodNames":[],"lng":-0.32223,"lat":51.344032},"geometry":{"type":"Polygon","coordinates":[[[-0.323606,51.344673],[-0.323153,51.344533],[-0.323067,51.344642],[-0.322786,51.344557],[-0.322734,51.344621],[-0.322071,51.344415],[-0.322121,51.34435],[-0.321769,51.344237],[-0.321693,51.344086],[-0.321233,51.34395],[-0.321328,51.343829],[-0.321352,51.343837],[-0.321622,51.343491],[-0.321572,51.343474],[-0.321615,51.343424],[-0.321648,51.343434],[-0.321754,51.3433],[-0.322027,51.343379],[-0.322062,51.343575],[-0.324021,51.344181],[-0.323606,51.344673]]]}},{"type":"Feature","properties":{"id":"substation-17","kind":"substation","name":"DUNGENESS 275KV S/S","voltage":"275kV","status":"C","gid":10051907,"risk":"HIGH","floodCodes":["064FWC9"],"floodNames":["Coast from Dungeness to Rye"],"lng":0.963778,"lat":50.91427},"geometry":{"type":"Polygon","coordinates":[[[0.964702,50.914488],[0.964709,50.914412],[0.964716,50.913941],[0.964072,50.913935],[0.964071,50.914006],[0.963628,50.914002],[0.963631,50.91393],[0.962973,50.913925],[0.962963,50.91448],[0.963169,50.914482],[0.963169,50.914503],[0.96338,50.914504],[0.96338,50.91448],[0.963409,50.914479],[0.964702,50.914488]]]}},{"type":"Feature","properties":{"id":"substation-18","kind":"substation","name":"BRINSWORTH 400KV S/S","voltage":"400kV","status":"C","gid":10051908,"risk":"SAFE","floodCodes":[],"floodNames":[],"lng":-1.34953,"lat":53.400913},"geometry":{"type":"Polygon","coordinates":[[[-1.349097,53.40064],[-1.349202,53.400584],[-1.349614,53.400432],[-1.349773,53.400459],[-1.349972,53.400493],[-1.350295,53.400544],[-1.350675,53.400604],[-1.350128,53.4018],[-1.349307,53.401665],[-1.349226,53.401653],[-1.34858,53.401546],[-1.348917,53.400807],[-1.349097,53.40064]]]}},{"type":"Feature","properties":{"id":"substation-19","kind":"substation","name":"BUSTLEHOLM 275KV S/S","voltage":"275kV","status":"C","gid":10051909,"risk":"HIGH","floodCodes":["033FWF3TAME006"],"floodNames":["River Tame at Ray Hall Water Works"],"lng":-1.959975,"lat":52.553403},"geometry":{"type":"Polygon","coordinates":[[[-1.961948,52.552994],[-1.961931,52.553111],[-1.961738,52.554169],[-1.960186,52.554074],[-1.960182,52.554098],[-1.960099,52.554094],[-1.960078,52.55422],[-1.959842,52.554204],[-1.959829,52.554154],[-1.95968,52.554144],[-1.959722,52.553936],[-1.95975,52.553924],[-1.959789,52.553921],[-1.95982,52.553924],[-1.959827,52.553883],[-1.95977,52.553879],[-1.959731,52.553857],[-1.959728,52.553839],[-1.959736,52.553792],[-1.959764,52.553631],[-1.959702,52.553628],[-1.95948,52.553615],[-1.959291,52.553604],[-1.959198,52.553599],[-1.959039,52.553586],[-1.959056,52.553489],[-1.959081,52.553343],[-1.959117,52.553134],[-1.958981,52.553119],[-1.958995,52.553041],[-1.95901,52.552959],[-1.958123,52.552896],[-1.958168,52.552628],[-1.95825,52.552153],[-1.959986,52.552272],[-1.959984,52.55231],[-1.961111,52.552381],[-1.961315,52.552393],[-1.961966,52.552434],[-1.962034,52.552506],[-1.96195,52.55299],[-1.961948,52.552994]]]}},{"type":"Feature","properties":{"id":"substation-20","kind":"substation","name":"FIDDLERS FERRY 275KV S/S","voltage":"275kV","status":"C","gid":10051910,"risk":"SAFE","floodCodes":[],"floodNames":[],"lng":-2.689348,"lat":53.371352},"geometry":{"type":"Polygon","coordinates":[[[-2.68998,53.372259],[-2.687687,53.370562],[-2.688202,53.370314],[-2.689352,53.371158],[-2.689414,53.37113],[-2.689542,53.371224],[-2.68948,53.371254],[-2.690497,53.372007],[-2.68998,53.372259]]]}},{"type":"Feature","properties":{"id":"substation-21","kind":"substation","name":"GARTH CABLE COMPOUND","voltage":"400kV","status":"C","gid":10051911,"risk":"SAFE","floodCodes":[],"floodNames":[],"lng":-4.090158,"lat":52.928131},"geometry":{"type":"Polygon","coordinates":[[[-4.090293,52.928283],[-4.090116,52.92828],[-4.089959,52.928277],[-4.089974,52.92783],[-4.090314,52.927834],[-4.090293,52.928283]]]}},{"type":"Feature","properties":{"id":"substation-22","kind":"substation","name":"HORSESHOE POINT 400KV CABLE COMPOUND","voltage":"400kV","status":"C","gid":10051912,"risk":"HIGH","floodCodes":["064FWT1Grain"],"floodNames":["Isle of Grain and Stoke"],"lng":0.705406,"lat":51.43574},"geometry":{"type":"Polygon","coordinates":[[[0.70476,51.43593],[0.705017,51.435988],[0.705813,51.436167],[0.706074,51.435717],[0.705865,51.435613],[0.705604,51.435555],[0.705644,51.435485],[0.705552,51.435465],[0.704976,51.43555],[0.70476,51.43593]]]}},{"type":"Feature","properties":{"id":"substation-23","kind":"substation","name":"MACCLESFIELD 400KV S/S","voltage":"400kV","status":"C","gid":10051913,"risk":"LOW","floodCodes":["013FWFCH20"],"floodNames":["River Bollin at Macclesfield riverside properties"],"lng":-2.121501,"lat":53.26894},"geometry":{"type":"Polygon","coordinates":[[[-2.121467,53.269127],[-2.121455,53.269195],[-2.121012,53.269183],[-2.120667,53.269028],[-2.121359,53.268278],[-2.12204,53.268508],[-2.121714,53.268861],[-2.122002,53.268958],[-2.121831,53.26914],[-2.121467,53.269127]]]}},{"type":"Feature","properties":{"id":"substation-24","kind":"substation","name":"AUST 400KV S/S","voltage":"400kV","status":"C","gid":10051914,"risk":"LOW","floodCodes":["112FWTOLD03","112FWTOLD01","112FWTOLD02"],"floodNames":["Severn Estuary at Oldbury-on-Severn, Westend, Cowhill and Olveston areas","Severn Estuary at Oldbury-on-Severn, Oldbury Naite and Littleton Warth areas","Severn Estuary at Oldbury-on-Severn, Chapel Road and Olveston Common areas"],"lng":-2.615601,"lat":51.608485},"geometry":{"type":"Polygon","coordinates":[[[-2.61556,51.608839],[-2.615474,51.608785],[-2.615368,51.608719],[-2.615058,51.608524],[-2.615046,51.607998],[-2.61549,51.607996],[-2.615561,51.607996],[-2.615744,51.607995],[-2.615802,51.608034],[-2.615801,51.608603],[-2.615804,51.608611],[-2.615929,51.608675],[-2.615932,51.608831],[-2.615889,51.608832],[-2.61556,51.608839]]]}},{"type":"Feature","properties":{"id":"substation-25","kind":"substation","name":"HARKER 132KV S/S","voltage":"132kV","status":"C","gid":10051915,"risk":"SAFE","floodCodes":[],"floodNames":[],"lng":-2.964329,"lat":54.941481},"geometry":{"type":"Polygon","coordinates":[[[-2.964704,54.942677],[-2.96376,54.942638],[-2.963781,54.942463],[-2.963819,54.942137],[-2.963858,54.941831],[-2.963879,54.941638],[-2.963887,54.941555],[-2.96395,54.940956],[-2.964056,54.940365],[-2.964063,54.94031],[-2.964126,54.940313],[-2.965078,54.940496],[-2.965065,54.940625],[-2.965045,54.940806],[-2.965023,54.941004],[-2.964801,54.94268],[-2.964704,54.942677]]]}},{"type":"Feature","properties":{"id":"substation-26","kind":"substation","name":"MOULSFORD DOWN 400KV S/S","voltage":"400kV","status":"C","gid":10051916,"risk":"SAFE","floodCodes":[],"floodNames":[],"lng":-1.160369,"lat":51.535092},"geometry":{"type":"Polygon","coordinates":[[[-1.161011,51.535229],[-1.159841,51.535384],[-1.159718,51.534983],[-1.159774,51.534936],[-1.160857,51.534791],[-1.161011,51.535229]]]}},{"type":"Feature","properties":{"id":"substation-27","kind":"substation","name":"ABERTHAW 132KV S/S","voltage":"132kV","status":"C","gid":10051917,"risk":"SAFE","floodCodes":[],"floodNames":[],"lng":-3.40344,"lat":51.385255},"geometry":{"type":"Polygon","coordinates":[[[-3.403852,51.385653],[-3.403809,51.385681],[-3.403799,51.385674],[-3.403794,51.385678],[-3.403749,51.38571],[-3.403743,51.385705],[-3.403155,51.385365],[-3.402491,51.38498],[-3.402488,51.38498],[-3.40253,51.384952],[-3.40252,51.384945],[-3.402798,51.384756],[-3.402814,51.384765],[-3.402891,51.384712],[-3.403076,51.384818],[-3.40312,51.384843],[-3.403417,51.385016],[-3.403617,51.385131],[-3.403847,51.385265],[-3.403895,51.385293],[-3.403917,51.385305],[-3.403971,51.385337],[-3.404146,51.385439],[-3.404076,51.385487],[-3.404089,51.385494],[-3.403852,51.385653]]]}},{"type":"Feature","properties":{"id":"substation-28","kind":"substation","name":"FAWLEY 400KV S/S","voltage":"400kV","status":"C","gid":10051918,"risk":"HIGH","floodCodes":["065FWC0201"],"floodNames":["Fawley"],"lng":-1.328387,"lat":50.821358},"geometry":{"type":"Polygon","coordinates":[[[-1.328635,50.820473],[-1.329377,50.821102],[-1.329744,50.821404],[-1.33049,50.822035],[-1.32846,50.822999],[-1.32674,50.821548],[-1.326764,50.821536],[-1.326628,50.821422],[-1.328392,50.820587],[-1.328635,50.820473]]]}},{"type":"Feature","properties":{"id":"substation-29","kind":"substation","name":"WYLFA 400KV S/S","voltage":"400kV","status":"C","gid":10051919,"risk":"SAFE","floodCodes":[],"floodNames":[],"lng":-4.480607,"lat":53.415586},"geometry":{"type":"Polygon","coordinates":[[[-4.480968,53.415987],[-4.48091,53.416058],[-4.480689,53.415994],[-4.480531,53.416186],[-4.480183,53.416085],[-4.480112,53.416064],[-4.479114,53.415773],[-4.479063,53.415759],[-4.478718,53.415658],[-4.479871,53.414246],[-4.48167,53.41477],[-4.481519,53.414954],[-4.48175,53.415022],[-4.481469,53.415363],[-4.481246,53.415297],[-4.48096,53.415643],[-4.481192,53.41571],[-4.480968,53.415987]]]}},{"type":"Feature","properties":{"id":"substation-30","kind":"substation","name":"KEARSLEY 275KV S/S","voltage":"275kV","status":"C","gid":10051920,"risk":"LOW","floodCodes":["013FWFGM26"],"floodNames":["River Irwell at Kearsley"],"lng":-2.357487,"lat":53.537684},"geometry":{"type":"Polygon","coordinates":[[[-2.357932,53.538521],[-2.35742,53.53824],[-2.357241,53.538141],[-2.356445,53.537706],[-2.356395,53.537656],[-2.356384,53.53762],[-2.356391,53.537579],[-2.356362,53.53751],[-2.356534,53.537374],[-2.356078,53.537124],[-2.356755,53.536689],[-2.356972,53.536677],[-2.357412,53.536922],[-2.357298,53.536995],[-2.357222,53.536953],[-2.356985,53.537105],[-2.357021,53.537153],[-2.357096,53.537126],[-2.357188,53.537118],[-2.35725,53.537127],[-2.357332,53.537156],[-2.357855,53.537442],[-2.35827,53.53767],[-2.358824,53.537984],[-2.35886,53.538036],[-2.358866,53.538081],[-2.35884,53.538129],[-2.3588,53.538165],[-2.358256,53.53852],[-2.358183,53.53855],[-2.358125,53.538561],[-2.358047,53.538558],[-2.357985,53.538544],[-2.357932,53.538521]]]}},{"type":"Feature","properties":{"id":"substation-31","kind":"substation","name":"LACKENBY 275KV S/S","voltage":"275kV","status":"C","gid":10051921,"risk":"SAFE","floodCodes":[],"floodNames":[],"lng":-1.131699,"lat":54.567104},"geometry":{"type":"Polygon","coordinates":[[[-1.130981,54.568119],[-1.129367,54.567059],[-1.129968,54.566745],[-1.130292,54.566954],[-1.130574,54.56681],[-1.130405,54.566699],[-1.132169,54.565804],[-1.132212,54.565828],[-1.132758,54.565921],[-1.133941,54.566704],[-1.133441,54.566981],[-1.133318,54.567043],[-1.132701,54.567362],[-1.132495,54.567467],[-1.132248,54.567578],[-1.131643,54.567876],[-1.131435,54.567981],[-1.131352,54.567927],[-1.130981,54.568119]]]}},{"type":"Feature","properties":{"id":"substation-32","kind":"substation","name":"ENDERBY 400KV S/S","voltage":"400kV","status":"C","gid":10051922,"risk":"SAFE","floodCodes":[],"floodNames":[],"lng":-1.217094,"lat":52.597283},"geometry":{"type":"Polygon","coordinates":[[[-1.21574,52.598724],[-1.215748,52.598526],[-1.215398,52.598521],[-1.21541,52.597399],[-1.215664,52.597404],[-1.215724,52.597368],[-1.21573,52.596952],[-1.215727,52.596661],[-1.215763,52.596661],[-1.215912,52.596662],[-1.216093,52.596662],[-1.216101,52.596523],[-1.216223,52.596524],[-1.216584,52.596527],[-1.216976,52.596529],[-1.217041,52.59653],[-1.21778,52.596531],[-1.217847,52.596532],[-1.217869,52.596532],[-1.218262,52.596535],[-1.218517,52.596537],[-1.218589,52.596538],[-1.21861,52.596538],[-1.21861,52.596545],[-1.218604,52.597109],[-1.218605,52.597389],[-1.218597,52.597514],[-1.218596,52.598002],[-1.218595,52.598143],[-1.218592,52.598408],[-1.218588,52.598422],[-1.217469,52.598721],[-1.215894,52.598724],[-1.21574,52.598724]]]}},{"type":"Feature","properties":{"id":"substation-33","kind":"substation","name":"HEYSHAM 400KV S/S","voltage":"400kV","status":"C","gid":10051923,"risk":"SAFE","floodCodes":[],"floodNames":[],"lng":-2.890923,"lat":54.032221},"geometry":{"type":"Polygon","coordinates":[[[-2.889175,54.031343],[-2.89044,54.031135],[-2.890495,54.031255],[-2.891884,54.03103],[-2.892136,54.031582],[-2.892178,54.031576],[-2.892442,54.032132],[-2.892654,54.032586],[-2.892692,54.032597],[-2.893059,54.03254],[-2.893239,54.032585],[-2.893403,54.032936],[-2.89311,54.033236],[-2.891731,54.033455],[-2.890594,54.03364],[-2.889941,54.033535],[-2.889902,54.033486],[-2.889706,54.033042],[-2.8893,54.032173],[-2.889213,54.031996],[-2.8892,54.031852],[-2.889191,54.031697],[-2.889045,54.031398],[-2.88916,54.031378],[-2.889175,54.031343]]]}},{"type":"Feature","properties":{"id":"substation-34","kind":"substation","name":"WYMONDLEY 400KV S/S","voltage":"400kV","status":"C","gid":10051924,"risk":"SAFE","floodCodes":[],"floodNames":[],"lng":-0.249998,"lat":51.927484},"geometry":{"type":"Polygon","coordinates":[[[-0.247759,51.92672],[-0.247741,51.926677],[-0.247728,51.926635],[-0.24773,51.926601],[-0.247766,51.92655],[-0.249105,51.925666],[-0.249621,51.925644],[-0.251413,51.926706],[-0.252808,51.927536],[-0.252798,51.927638],[-0.2521,51.92809],[-0.252422,51.928286],[-0.251479,51.928892],[-0.251157,51.928704],[-0.251005,51.928697],[-0.250143,51.928197],[-0.250058,51.928248],[-0.249959,51.928189],[-0.249923,51.928208],[-0.249679,51.928059],[-0.249794,51.927992],[-0.247759,51.92672]]]}},{"type":"Feature","properties":{"id":"substation-35","kind":"substation","name":"ST MARYLEBONE 132KV S/S","voltage":"132kV","status":"C","gid":10051925,"risk":"SAFE","floodCodes":[],"floodNames":[],"lng":-0.173998,"lat":51.525596},"geometry":{"type":"Polygon","coordinates":[[[-0.174167,51.525644],[-0.174136,51.525667],[-0.174045,51.525738],[-0.173743,51.525586],[-0.173866,51.525492],[-0.173948,51.525532],[-0.173938,51.52554],[-0.17398,51.525561],[-0.173989,51.525555],[-0.174167,51.525644]]]}},{"type":"Feature","properties":{"id":"substation-36","kind":"substation","name":"WILLINGTON EAST 400KV S/S","voltage":"400kV","status":"C","gid":10051926,"risk":"LOW","floodCodes":["034FWFTRWLLNGTN"],"floodNames":["River Trent at Willington"],"lng":-1.552024,"lat":52.855627},"geometry":{"type":"Polygon","coordinates":[[[-1.552558,52.856644],[-1.552421,52.856461],[-1.550596,52.856965],[-1.550095,52.856318],[-1.550049,52.856258],[-1.549734,52.855851],[-1.549824,52.855696],[-1.549681,52.855524],[-1.549905,52.855451],[-1.550747,52.855209],[-1.551451,52.855135],[-1.551514,52.855193],[-1.551794,52.855125],[-1.551911,52.855137],[-1.552223,52.855052],[-1.552525,52.854979],[-1.555122,52.854255],[-1.555554,52.854818],[-1.554751,52.855035],[-1.555391,52.855852],[-1.554121,52.856201],[-1.552558,52.856644]]]}},{"type":"Feature","properties":{"id":"substation-37","kind":"substation","name":"DRAX 132KV S/S","voltage":"132kV","status":"C","gid":10051927,"risk":"LOW","floodCodes":["123FWF154"],"floodNames":["River Aire at Drax"],"lng":-0.992246,"lat":53.732538},"geometry":{"type":"Polygon","coordinates":[[[-0.992846,53.733395],[-0.991698,53.73325],[-0.991688,53.733249],[-0.991675,53.733249],[-0.991665,53.733246],[-0.991654,53.733241],[-0.99165,53.733238],[-0.991646,53.733233],[-0.99164,53.733225],[-0.991637,53.733216],[-0.991635,53.733211],[-0.991636,53.733202],[-0.991639,53.733193],[-0.991643,53.733187],[-0.992229,53.731589],[-0.992232,53.731585],[-0.992238,53.731577],[-0.992243,53.731574],[-0.992249,53.731571],[-0.992254,53.731568],[-0.99226,53.731565],[-0.992266,53.731564],[-0.992278,53.731561],[-0.992292,53.73156],[-0.992298,53.73156],[-0.992304,53.731561],[-0.99346,53.731712],[-0.993507,53.731733],[-0.993245,53.732441],[-0.993157,53.732689],[-0.992895,53.733382],[-0.992891,53.733386],[-0.992885,53.733389],[-0.992846,53.733395]]]}},{"type":"Feature","properties":{"id":"substation-38","kind":"substation","name":"HEYSHAM 132KV S/S","voltage":"132kV","status":"C","gid":10051928,"risk":"SAFE","floodCodes":[],"floodNames":[],"lng":-2.889107,"lat":54.032761},"geometry":{"type":"Polygon","coordinates":[[[-2.889702,54.03304],[-2.888625,54.033216],[-2.888215,54.032343],[-2.889294,54.032168],[-2.889702,54.03304]]]}},{"type":"Feature","properties":{"id":"substation-39","kind":"substation","name":"ABERTHAW 275KV S/S","voltage":"275kV","status":"C","gid":10051929,"risk":"SAFE","floodCodes":[],"floodNames":[],"lng":-3.403122,"lat":51.388222},"geometry":{"type":"Polygon","coordinates":[[[-3.402791,51.388404],[-3.402474,51.388215],[-3.402315,51.388122],[-3.402242,51.388079],[-3.402152,51.388025],[-3.401986,51.387928],[-3.40217,51.387806],[-3.402221,51.387774],[-3.402498,51.38759],[-3.402659,51.387686],[-3.402581,51.387738],[-3.402746,51.387835],[-3.402825,51.387781],[-3.403151,51.387973],[-3.403069,51.388026],[-3.403223,51.388117],[-3.403303,51.388063],[-3.403786,51.388349],[-3.403707,51.3884],[-3.403849,51.388484],[-3.404012,51.38858],[-3.40409,51.388528],[-3.404418,51.388721],[-3.404341,51.388774],[-3.404348,51.388781],[-3.403914,51.389067],[-3.403747,51.388968],[-3.402791,51.388404]]]}},{"type":"Feature","properties":{"id":"substation-40","kind":"substation","name":"WALPOLE 400KV S/S","voltage":"400kV","status":"C","gid":10051930,"risk":"HIGH","floodCodes":["055FWTNENE2C"],"floodNames":["Wash Frontage and the right bank of the Tidal Nene from Walton Dam to Admiralty Point"],"lng":0.198704,"lat":52.726262},"geometry":{"type":"Polygon","coordinates":[[[0.199559,52.726874],[0.199651,52.726838],[0.199978,52.726708],[0.200235,52.726607],[0.200382,52.726547],[0.200548,52.726479],[0.200554,52.726473],[0.200589,52.726383],[0.20067,52.72635],[0.200464,52.726159],[0.200213,52.725929],[0.20015,52.72587],[0.199956,52.725692],[0.199661,52.725415],[0.199509,52.725269],[0.199407,52.725306],[0.199237,52.72537],[0.199176,52.725395],[0.199112,52.725419],[0.199074,52.725431],[0.199041,52.725439],[0.199016,52.725443],[0.198991,52.725445],[0.198971,52.725446],[0.198952,52.725447],[0.198933,52.725445],[0.19892,52.725442],[0.198899,52.725437],[0.19889,52.725434],[0.198798,52.725409],[0.198735,52.7254],[0.198679,52.725406],[0.198617,52.725422],[0.198613,52.725423],[0.198536,52.725451],[0.198453,52.725482],[0.198372,52.72552],[0.198351,52.725537],[0.198333,52.725558],[0.198313,52.725591],[0.198305,52.725634],[0.198305,52.725644],[0.19831,52.725674],[0.198309,52.725686],[0.198305,52.7257],[0.198294,52.72572],[0.198281,52.725735],[0.198255,52.725755],[0.198101,52.725818],[0.197803,52.725934],[0.196774,52.726338],[0.196247,52.726546],[0.195436,52.72687],[0.196567,52.727928],[0.196977,52.727768],[0.19701,52.727796],[0.197109,52.72776],[0.197261,52.727781],[0.197493,52.727692],[0.197792,52.72757],[0.197884,52.727539],[0.19798,52.7275],[0.198053,52.727471],[0.198335,52.727352],[0.198358,52.727344],[0.198406,52.727326],[0.198504,52.727289],[0.198543,52.727272],[0.198628,52.727238],[0.198666,52.727225],[0.198705,52.727209],[0.198976,52.727106],[0.199228,52.727006],[0.199537,52.726882],[0.199559,52.726874]]]}},{"type":"Feature","properties":{"id":"substation-41","kind":"substation","name":"LANDULPH 400KV S/S","voltage":"400kV","status":"C","gid":10051931,"risk":"SAFE","floodCodes":[],"floodNames":[],"lng":-4.242509,"lat":50.445143},"geometry":{"type":"Polygon","coordinates":[[[-4.241275,50.445006],[-4.241365,50.444966],[-4.241609,50.444888],[-4.24243,50.44462],[-4.242745,50.444519],[-4.242945,50.444452],[-4.24314,50.444387],[-4.243266,50.444344],[-4.24345,50.444285],[-4.243561,50.444432],[-4.243726,50.44466],[-4.243782,50.444919],[-4.244377,50.445665],[-4.243206,50.446031],[-4.243162,50.446034],[-4.243125,50.44599],[-4.242418,50.44622],[-4.24231,50.446082],[-4.242031,50.446159],[-4.241308,50.445309],[-4.241254,50.445225],[-4.241217,50.445147],[-4.24123,50.445081],[-4.241275,50.445006]]]}},{"type":"Feature","properties":{"id":"substation-42","kind":"substation","name":"COWLEY 400KV S/S","voltage":"400kV","status":"C","gid":10051932,"risk":"SAFE","floodCodes":[],"floodNames":[],"lng":-1.189924,"lat":51.711126},"geometry":{"type":"Polygon","coordinates":[[[-1.187772,51.711182],[-1.187869,51.711167],[-1.188029,51.711027],[-1.188539,51.710967],[-1.189509,51.710852],[-1.189809,51.710818],[-1.190144,51.710766],[-1.190565,51.710718],[-1.190568,51.710723],[-1.192478,51.710497],[-1.192698,51.710598],[-1.192817,51.710585],[-1.193228,51.711927],[-1.190879,51.712205],[-1.188191,51.712533],[-1.187839,51.711398],[-1.187772,51.711182]]]}},{"type":"Feature","properties":{"id":"substation-43","kind":"substation","name":"CULHAM JET 400KV S/S","voltage":"400kV","status":"C","gid":10051933,"risk":"SAFE","floodCodes":[],"floodNames":[],"lng":-1.228275,"lat":51.661237},"geometry":{"type":"Polygon","coordinates":[[[-1.227896,51.661417],[-1.227756,51.661217],[-1.227645,51.661058],[-1.227932,51.66098],[-1.228231,51.660899],[-1.228673,51.660779],[-1.228997,51.661231],[-1.228954,51.661295],[-1.228601,51.66139],[-1.228651,51.661462],[-1.228248,51.661572],[-1.228098,51.661365],[-1.227896,51.661417]]]}},{"type":"Feature","properties":{"id":"substation-44","kind":"substation","name":"HURST 275KV S/S","voltage":"275kV","status":"C","gid":10051934,"risk":"SAFE","floodCodes":[],"floodNames":[],"lng":0.154686,"lat":51.432822},"geometry":{"type":"Polygon","coordinates":[[[0.154394,51.431565],[0.154331,51.431691],[0.153746,51.432867],[0.153663,51.432845],[0.15344,51.433277],[0.153428,51.433292],[0.153731,51.433349],[0.153711,51.433388],[0.153817,51.433409],[0.15379,51.433475],[0.153822,51.433484],[0.153695,51.433739],[0.154038,51.43381],[0.154103,51.43368],[0.154181,51.433526],[0.154672,51.433624],[0.154693,51.433577],[0.155053,51.433646],[0.155083,51.433558],[0.155117,51.433565],[0.155179,51.433427],[0.155201,51.433379],[0.155207,51.433368],[0.155249,51.433279],[0.155084,51.433249],[0.155411,51.432604],[0.156031,51.432733],[0.156409,51.431965],[0.155836,51.431852],[0.155803,51.431832],[0.15532,51.431744],[0.155363,51.431652],[0.15519,51.431617],[0.155204,51.431574],[0.155031,51.431541],[0.154961,51.431673],[0.154394,51.431565]]]}},{"type":"Feature","properties":{"id":"substation-45","kind":"substation","name":"BARKING 275KV S/S","voltage":"275kV","status":"C","gid":10051935,"risk":"HIGH","floodCodes":["063FWT23Barking"],"floodNames":["Tidal Thames from The Mardyke to Barking Creek"],"lng":0.114449,"lat":51.520833},"geometry":{"type":"Polygon","coordinates":[[[0.115899,51.522036],[0.115865,51.521886],[0.115834,51.521871],[0.11577,51.521685],[0.115938,51.521406],[0.115609,51.520302],[0.115482,51.520237],[0.115475,51.52016],[0.115508,51.520138],[0.11547,51.519907],[0.115209,51.519824],[0.114594,51.519819],[0.11445,51.51972],[0.11262,51.519681],[0.112251,51.519675],[0.112127,51.519731],[0.112087,51.520492],[0.11212,51.520518],[0.113289,51.520546],[0.113482,51.520776],[0.113704,51.521538],[0.113932,51.522268],[0.114241,51.522345],[0.114377,51.522223],[0.115899,51.522036]]]}},{"type":"Feature","properties":{"id":"substation-46","kind":"substation","name":"CARDIFF EAST 275KV S/S","voltage":"275kV","status":"C","gid":10051936,"risk":"SAFE","floodCodes":[],"floodNames":[],"lng":-3.145326,"lat":51.494903},"geometry":{"type":"Polygon","coordinates":[[[-3.144229,51.494923],[-3.144319,51.494788],[-3.144363,51.494801],[-3.144745,51.494261],[-3.144775,51.494255],[-3.144816,51.494258],[-3.146859,51.494844],[-3.146518,51.495331],[-3.146421,51.495487],[-3.146368,51.49546],[-3.146274,51.495508],[-3.144229,51.494923]]]}},{"type":"Feature","properties":{"id":"substation-47","kind":"substation","name":"NECHELLS 275KV S/S","voltage":"275kV","status":"C","gid":10051937,"risk":"LOW","floodCodes":["033FWF3TAME011"],"floodNames":["River Tame at Gravelly Hill"],"lng":-1.852337,"lat":52.506784},"geometry":{"type":"Polygon","coordinates":[[[-1.85147,52.50713],[-1.851346,52.506768],[-1.851339,52.506751],[-1.85134,52.506734],[-1.851351,52.506716],[-1.851363,52.506708],[-1.851387,52.506705],[-1.851412,52.506702],[-1.852854,52.506512],[-1.85291,52.506507],[-1.85296,52.506507],[-1.852997,52.506509],[-1.853245,52.506584],[-1.853258,52.506597],[-1.85327,52.506623],[-1.853364,52.506882],[-1.853369,52.506901],[-1.853363,52.506912],[-1.853358,52.506921],[-1.853316,52.506928],[-1.851522,52.507161],[-1.851482,52.507154],[-1.85147,52.50713]]]}},{"type":"Feature","properties":{"id":"substation-48","kind":"substation","name":"NORTON LEES 275KV S/S","voltage":"275kV","status":"C","gid":10051938,"risk":"SAFE","floodCodes":[],"floodNames":[],"lng":-1.47152,"lat":53.348565},"geometry":{"type":"Polygon","coordinates":[[[-1.470984,53.348455],[-1.471719,53.348217],[-1.471904,53.348422],[-1.472024,53.348556],[-1.471712,53.348655],[-1.471678,53.348652],[-1.471632,53.348667],[-1.471623,53.348684],[-1.471288,53.348791],[-1.47117,53.348659],[-1.470984,53.348455]]]}},{"type":"Feature","properties":{"id":"substation-49","kind":"substation","name":"WEST BURTON 132KV S/S","voltage":"132kV","status":"C","gid":10051939,"risk":"LOW","floodCodes":["034FWBTRCOTTAM"],"floodNames":["River Trent at Cottam"],"lng":-0.807137,"lat":53.360392},"geometry":{"type":"Polygon","coordinates":[[[-0.806695,53.360642],[-0.8066,53.360524],[-0.806537,53.360541],[-0.806499,53.360495],[-0.806533,53.360485],[-0.806553,53.360512],[-0.806583,53.360503],[-0.806535,53.360443],[-0.806643,53.360412],[-0.806596,53.360355],[-0.806709,53.360321],[-0.80682,53.360288],[-0.806944,53.360252],[-0.806982,53.360299],[-0.807176,53.360242],[-0.807141,53.360197],[-0.807253,53.360164],[-0.807376,53.360127],[-0.80749,53.360093],[-0.807506,53.360113],[-0.807587,53.36009],[-0.807604,53.360111],[-0.80756,53.360124],[-0.807575,53.360143],[-0.807648,53.360122],[-0.807807,53.36032],[-0.807707,53.360349],[-0.807761,53.360417],[-0.807763,53.36042],[-0.807576,53.360471],[-0.807541,53.360481],[-0.807424,53.360513],[-0.807371,53.360446],[-0.807337,53.360456],[-0.807367,53.36049],[-0.807225,53.360531],[-0.807196,53.360497],[-0.807169,53.360505],[-0.807225,53.360572],[-0.807027,53.360631],[-0.806985,53.360642],[-0.80687,53.360676],[-0.806813,53.360607],[-0.806695,53.360642]]]}},{"type":"Feature","properties":{"id":"substation-50","kind":"substation","name":"CELLARHEAD 132KV S/S","voltage":"132kV","status":"C","gid":10051940,"risk":"SAFE","floodCodes":[],"floodNames":[],"lng":-2.085862,"lat":53.040881},"geometry":{"type":"Polygon","coordinates":[[[-2.085375,53.041856],[-2.085349,53.041858],[-2.085273,53.041677],[-2.085154,53.04139],[-2.085125,53.04132],[-2.084839,53.040621],[-2.084848,53.040615],[-2.084866,53.04061],[-2.085089,53.040578],[-2.085951,53.040453],[-2.085985,53.040448],[-2.08602,53.040445],[-2.086045,53.040444],[-2.08607,53.040444],[-2.086088,53.040448],[-2.086114,53.040454],[-2.086124,53.040458],[-2.086142,53.040465],[-2.086159,53.040472],[-2.086178,53.040484],[-2.086193,53.040497],[-2.086225,53.040549],[-2.086255,53.040625],[-2.086318,53.040774],[-2.086409,53.040992],[-2.086431,53.041062],[-2.086503,53.04122],[-2.086676,53.041657],[-2.086681,53.041669],[-2.085375,53.041856]]]}},{"type":"Feature","properties":{"id":"substation-51","kind":"substation","name":"RASSAU 400KV S/S","voltage":"400kV","status":"C","gid":10051941,"risk":"SAFE","floodCodes":[],"floodNames":[],"lng":-3.227107,"lat":51.808286},"geometry":{"type":"Polygon","coordinates":[[[-3.22641,51.808922],[-3.226369,51.808873],[-3.225794,51.808177],[-3.227213,51.80772],[-3.227344,51.807872],[-3.227299,51.807919],[-3.227297,51.807921],[-3.227278,51.807957],[-3.227383,51.808018],[-3.227481,51.808148],[-3.227486,51.808157],[-3.227492,51.808172],[-3.227534,51.808365],[-3.227513,51.8087],[-3.227404,51.808732],[-3.22641,51.808922]]]}},{"type":"Feature","properties":{"id":"substation-52","kind":"substation","name":"SIZEWELL 400KV S/S","voltage":"400kV","status":"C","gid":10051942,"risk":"LOW","floodCodes":["054FWCDV3B10","054FWFSF3A"],"floodNames":["Minsmere Marshes on the Suffolk coast","The Rivers Minsmere and Yox, from Sibton and Peasenhall to the Minsmere Levels"],"lng":1.616661,"lat":52.21501},"geometry":{"type":"Polygon","coordinates":[[[1.615883,52.215763],[1.616571,52.215739],[1.616684,52.215775],[1.617217,52.215755],[1.617314,52.215689],[1.617183,52.214357],[1.617093,52.21428],[1.617023,52.21428],[1.617015,52.214211],[1.61634,52.214246],[1.615728,52.21426],[1.615883,52.215763]]]}},{"type":"Feature","properties":{"id":"substation-53","kind":"substation","name":"WOOD LANE CABLE COMPOUND","voltage":"400kV","status":"C","gid":10051943,"risk":"SAFE","floodCodes":[],"floodNames":[],"lng":-2.321342,"lat":53.331477},"geometry":{"type":"Polygon","coordinates":[[[-2.321553,53.331515],[-2.321345,53.331729],[-2.321004,53.331608],[-2.320865,53.331562],[-2.321302,53.331123],[-2.321772,53.331292],[-2.321553,53.331515]]]}},{"type":"Feature","properties":{"id":"substation-54","kind":"substation","name":"SELLINDGE 400KV S/S ICB ASSETS","voltage":"400kV","status":"C","gid":10051944,"risk":"HIGH","floodCodes":["064FWF6EastStour"],"floodNames":["East Stour from Sellinge to South Ashford"],"lng":0.974967,"lat":51.105528},"geometry":{"type":"Polygon","coordinates":[[[0.972943,51.105945],[0.972967,51.106013],[0.972981,51.106051],[0.973028,51.106185],[0.973036,51.106197],[0.973044,51.106206],[0.973046,51.106208],[0.973049,51.106213],[0.973055,51.106222],[0.973069,51.106235],[0.973072,51.106239],[0.973081,51.106247],[0.973087,51.106252],[0.973095,51.106259],[0.97311,51.106271],[0.973119,51.106276],[0.973128,51.106282],[0.973144,51.106292],[0.973151,51.106295],[0.973159,51.106299],[0.973166,51.106303],[0.973184,51.10631],[0.973191,51.106313],[0.9732,51.106316],[0.973232,51.106325],[0.973241,51.106327],[0.973251,51.10633],[0.973264,51.106332],[0.973274,51.106333],[0.973285,51.106336],[0.973297,51.106337],[0.973308,51.106338],[0.973323,51.106339],[0.973353,51.106341],[0.973371,51.106342],[0.9734,51.106342],[0.973426,51.106341],[0.973654,51.106307],[0.973733,51.106296],[0.974122,51.106241],[0.97421,51.106226],[0.974723,51.106158],[0.974743,51.106156],[0.974775,51.106151],[0.974853,51.106139],[0.974956,51.106124],[0.975061,51.10611],[0.975125,51.106101],[0.975293,51.106077],[0.975334,51.106072],[0.975569,51.106037],[0.975697,51.106019],[0.975732,51.106014],[0.97583,51.105998],[0.976054,51.105966],[0.976613,51.10589],[0.976625,51.105889],[0.976663,51.105885],[0.976755,51.105869],[0.976965,51.105841],[0.976975,51.105839],[0.977168,51.105811],[0.977246,51.1058],[0.977411,51.105779],[0.977425,51.105777],[0.977456,51.105771],[0.97747,51.105768],[0.977494,51.105763],[0.977529,51.105755],[0.977543,51.105749],[0.977568,51.105736],[0.977579,51.105729],[0.97759,51.105722],[0.977601,51.105714],[0.97761,51.105705],[0.977616,51.105701],[0.977629,51.105684],[0.977636,51.105675],[0.977641,51.105667],[0.977645,51.10566],[0.977655,51.105638],[0.977658,51.105628],[0.977658,51.105605],[0.977638,51.105542],[0.977623,51.105499],[0.977568,51.10534],[0.977502,51.105157],[0.977468,51.105062],[0.977375,51.104795],[0.977336,51.104685],[0.977325,51.104655],[0.977316,51.104635],[0.97731,51.104621],[0.977304,51.104611],[0.977297,51.1046],[0.977281,51.104582],[0.977257,51.104564],[0.977231,51.104549],[0.977217,51.104542],[0.977203,51.104536],[0.977191,51.104533],[0.977145,51.104523],[0.977142,51.104522],[0.977111,51.104517],[0.977084,51.104513],[0.977065,51.104512],[0.977046,51.104512],[0.97703,51.104514],[0.976983,51.10452],[0.976477,51.104595],[0.976272,51.104624],[0.976211,51.104632],[0.97617,51.10464],[0.976145,51.104645],[0.97562,51.104711],[0.975501,51.104728],[0.97531,51.104757],[0.975235,51.104771],[0.975071,51.104793],[0.97496,51.104808],[0.974875,51.104821],[0.974857,51.104823],[0.974708,51.104844],[0.974687,51.104846],[0.974631,51.104856],[0.974306,51.1049],[0.974257,51.104909],[0.973827,51.104972],[0.973808,51.104972],[0.973753,51.104979],[0.973263,51.105048],[0.973113,51.105069],[0.97306,51.105076],[0.973016,51.105083],[0.972992,51.105087],[0.972968,51.105092],[0.972946,51.105098],[0.972936,51.1051],[0.972891,51.105114],[0.97287,51.105122],[0.972849,51.105131],[0.972832,51.10514],[0.972816,51.105149],[0.972805,51.105157],[0.972787,51.105174],[0.972777,51.105183],[0.972769,51.105191],[0.972761,51.1052],[0.972749,51.105215],[0.97274,51.10523],[0.972732,51.105241],[0.972721,51.105271],[0.972718,51.10531],[0.972721,51.105334],[0.972733,51.105385],[0.972819,51.105625],[0.972852,51.105721],[0.972894,51.105812],[0.972923,51.105889],[0.972943,51.105945]]]}},{"type":"Feature","properties":{"id":"substation-55","kind":"substation","name":"SALTEND SOUTH 275KV S/S","voltage":"275kV","status":"C","gid":10051945,"risk":"HIGH","floodCodes":["122FWT020"],"floodNames":["North Bank of the Humber estuary at Saltend"],"lng":-0.242986,"lat":53.737033},"geometry":{"type":"Polygon","coordinates":[[[-0.241973,53.737398],[-0.24187,53.736437],[-0.241868,53.736419],[-0.242241,53.736409],[-0.242886,53.736385],[-0.243837,53.73635],[-0.243858,53.736355],[-0.243892,53.736373],[-0.243916,53.736396],[-0.243927,53.736422],[-0.243925,53.736449],[-0.243866,53.736568],[-0.24364,53.737012],[-0.243303,53.737376],[-0.243287,53.737406],[-0.243266,53.737439],[-0.243242,53.737471],[-0.243216,53.737503],[-0.242826,53.737821],[-0.242691,53.737942],[-0.242055,53.737939],[-0.242092,53.737768],[-0.242025,53.737769],[-0.241973,53.737398]]]}},{"type":"Feature","properties":{"id":"substation-56","kind":"substation","name":"THORNTON 400KV S/S","voltage":"400kV","status":"C","gid":10051946,"risk":"SAFE","floodCodes":[],"floodNames":[],"lng":-0.822058,"lat":53.900444},"geometry":{"type":"Polygon","coordinates":[[[-0.822736,53.901056],[-0.821474,53.900902],[-0.820108,53.900734],[-0.820539,53.899499],[-0.821581,53.899626],[-0.821523,53.899816],[-0.824095,53.900129],[-0.823729,53.901174],[-0.822736,53.901056]]]}},{"type":"Feature","properties":{"id":"substation-57","kind":"substation","name":"LEA MARSTON 132KV GIS S/S","voltage":"132kV","status":"C","gid":10051947,"risk":"SAFE","floodCodes":[],"floodNames":[],"lng":-1.708786,"lat":52.528692},"geometry":{"type":"Polygon","coordinates":[[[-1.708947,52.528816],[-1.708414,52.528657],[-1.708537,52.528505],[-1.709082,52.528667],[-1.708947,52.528816]]]}},{"type":"Feature","properties":{"id":"substation-58","kind":"substation","name":"CARRINGTON 400KV S/S","voltage":"400kV","status":"C","gid":10051948,"risk":"LOW","floodCodes":["013FWFGM40"],"floodNames":["River Mersey at Flixton Village"],"lng":-2.407471,"lat":53.436406},"geometry":{"type":"Polygon","coordinates":[[[-2.407183,53.435674],[-2.407863,53.435981],[-2.407828,53.436019],[-2.407978,53.436081],[-2.408047,53.436025],[-2.408107,53.436048],[-2.408098,53.43609],[-2.408408,53.436226],[-2.408338,53.436238],[-2.408264,53.436297],[-2.408279,53.436327],[-2.407701,53.436784],[-2.407741,53.436813],[-2.40701,53.43739],[-2.406238,53.437336],[-2.405928,53.437191],[-2.405845,53.436847],[-2.405903,53.436674],[-2.407183,53.435674]]]}},{"type":"Feature","properties":{"id":"substation-59","kind":"substation","name":"CARRINGTON 132KV S/S","voltage":"132kV","status":"C","gid":10051949,"risk":"LOW","floodCodes":["013FWFGM40"],"floodNames":["River Mersey at Flixton Village"],"lng":-2.408688,"lat":53.435897},"geometry":{"type":"Polygon","coordinates":[[[-2.408967,53.435779],[-2.408473,53.436167],[-2.408269,53.436075],[-2.408764,53.435687],[-2.408967,53.435779]]]}},{"type":"Feature","properties":{"id":"substation-60","kind":"substation","name":"WOODCOTE 132KV S/S","voltage":"33kV","status":"C","gid":10051950,"risk":"SAFE","floodCodes":[],"floodNames":[],"lng":-2.921463,"lat":50.786745},"geometry":{"type":"Polygon","coordinates":[[[-2.921935,50.787001],[-2.921044,50.7871],[-2.920913,50.786628],[-2.921226,50.786594],[-2.921241,50.78664],[-2.921539,50.786607],[-2.921529,50.786583],[-2.921805,50.78655],[-2.921935,50.787001]]]}},{"type":"Feature","properties":{"id":"substation-61","kind":"substation","name":"ROCHDALE 132KV S/S","voltage":"132kV","status":"C","gid":10051951,"risk":"SAFE","floodCodes":[],"floodNames":[],"lng":-2.215646,"lat":53.621708},"geometry":{"type":"Polygon","coordinates":[[[-2.215928,53.620532],[-2.216962,53.620874],[-2.216932,53.620956],[-2.216895,53.620969],[-2.216713,53.621157],[-2.21675,53.62117],[-2.216263,53.621677],[-2.216237,53.621676],[-2.216039,53.621882],[-2.21605,53.621891],[-2.215928,53.622025],[-2.215871,53.622029],[-2.215672,53.621979],[-2.215662,53.62199],[-2.215828,53.622046],[-2.215868,53.622087],[-2.215431,53.622544],[-2.215313,53.622666],[-2.214985,53.622666],[-2.214334,53.622437],[-2.214296,53.622445],[-2.213833,53.622284],[-2.213825,53.622267],[-2.214354,53.621753],[-2.214828,53.621687],[-2.215675,53.620803],[-2.215677,53.620785],[-2.215928,53.620532]]]}},{"type":"Feature","properties":{"id":"substation-62","kind":"substation","name":"NORTHFLEET EAST 132KV S/S","voltage":"132kV","status":"C","gid":10051952,"risk":"SAFE","floodCodes":[],"floodNames":[],"lng":0.329982,"lat":51.427966},"geometry":{"type":"Polygon","coordinates":[[[0.328182,51.428188],[0.328155,51.428431],[0.328536,51.428747],[0.328565,51.428755],[0.32862,51.428751],[0.328675,51.428748],[0.328734,51.428739],[0.328785,51.428733],[0.328941,51.428705],[0.329144,51.428645],[0.329552,51.428457],[0.329669,51.428437],[0.329698,51.428423],[0.329703,51.428427],[0.330013,51.428281],[0.329998,51.42827],[0.330141,51.428206],[0.330156,51.428218],[0.330632,51.428001],[0.330862,51.427887],[0.330915,51.427931],[0.331269,51.427764],[0.33129,51.42775],[0.331341,51.427716],[0.331359,51.427696],[0.331392,51.42763],[0.331315,51.427601],[0.33129,51.427552],[0.331141,51.42734],[0.331042,51.427203],[0.331031,51.427187],[0.33093,51.427104],[0.330485,51.427309],[0.330521,51.42734],[0.33032,51.427434],[0.33021,51.427337],[0.330083,51.42723],[0.32966,51.427423],[0.329786,51.427531],[0.329503,51.427665],[0.329435,51.427607],[0.328182,51.428188]]]}},{"type":"Feature","properties":{"id":"substation-63","kind":"substation","name":"LACKENBY 66KV S/S","voltage":"66kV","status":"C","gid":10051953,"risk":"SAFE","floodCodes":[],"floodNames":[],"lng":-1.133195,"lat":54.567821},"geometry":{"type":"Polygon","coordinates":[[[-1.131907,54.567968],[-1.133915,54.566948],[-1.134434,54.567299],[-1.134662,54.567572],[-1.133528,54.568143],[-1.133086,54.568151],[-1.133086,54.568162],[-1.132231,54.568178],[-1.131907,54.567968]]]}},{"type":"Feature","properties":{"id":"substation-64","kind":"substation","name":"KENSAL GREEN 400KV S/S","voltage":"400kV","status":"C","gid":10051954,"risk":"SAFE","floodCodes":[],"floodNames":[],"lng":-0.223701,"lat":51.526173},"geometry":{"type":"Polygon","coordinates":[[[-0.225696,51.526107],[-0.225669,51.526308],[-0.22475,51.526405],[-0.223932,51.526579],[-0.223887,51.526483],[-0.223659,51.526164],[-0.222984,51.526317],[-0.222877,51.526261],[-0.222826,51.526232],[-0.222763,51.526202],[-0.222692,51.526173],[-0.222579,51.526145],[-0.22256,51.525895],[-0.22263,51.525853],[-0.223164,51.525905],[-0.223142,51.526008],[-0.224084,51.526064],[-0.224727,51.526086],[-0.225696,51.526107]]]}},{"type":"Feature","properties":{"id":"substation-65","kind":"substation","name":"HACKNEY 66KV S/S","voltage":"66kV","status":"C","gid":10051955,"risk":"LOW","floodCodes":["062FWF53Hackney"],"floodNames":["Lower River Lee at Hackney and Walthamstow"],"lng":-0.04444,"lat":51.559529},"geometry":{"type":"Polygon","coordinates":[[[-0.044841,51.559506],[-0.044537,51.559586],[-0.044542,51.559592],[-0.044362,51.559639],[-0.044359,51.559633],[-0.044124,51.559693],[-0.044035,51.559571],[-0.044041,51.559569],[-0.044023,51.559544],[-0.044257,51.559484],[-0.044252,51.559477],[-0.04443,51.559431],[-0.044434,51.559438],[-0.044743,51.55936],[-0.044832,51.559482],[-0.044824,51.559484],[-0.044841,51.559506]]]}},{"type":"Feature","properties":{"id":"substation-66","kind":"substation","name":"CREYKE BECK 132KV S/S","voltage":"132kV","status":"C","gid":10051956,"risk":"LOW","floodCodes":["122FWF032"],"floodNames":["Creyke, Mill and Broadlane Becks at Cottingham"],"lng":-0.414556,"lat":53.801169},"geometry":{"type":"Polygon","coordinates":[[[-0.415726,53.801694],[-0.415341,53.801844],[-0.415259,53.801864],[-0.415055,53.801839],[-0.414956,53.801791],[-0.414488,53.801369],[-0.414537,53.801351],[-0.414492,53.801311],[-0.414443,53.801329],[-0.414282,53.801186],[-0.414294,53.801129],[-0.414788,53.800937],[-0.414508,53.800683],[-0.414226,53.800796],[-0.414247,53.800816],[-0.413978,53.800917],[-0.413414,53.800406],[-0.413388,53.800329],[-0.413974,53.800099],[-0.415726,53.801694]]]}},{"type":"Feature","properties":{"id":"substation-67","kind":"substation","name":"BOLNEY 132KV S/S","voltage":"132kV","status":"C","gid":10051957,"risk":"SAFE","floodCodes":[],"floodNames":[],"lng":-0.236428,"lat":50.974318},"geometry":{"type":"Polygon","coordinates":[[[-0.234416,50.974144],[-0.234793,50.973646],[-0.234828,50.97364],[-0.235586,50.973861],[-0.235701,50.97371],[-0.238376,50.974513],[-0.238391,50.974537],[-0.238033,50.975023],[-0.238144,50.975056],[-0.238028,50.975219],[-0.234416,50.974144]]]}},{"type":"Feature","properties":{"id":"substation-68","kind":"substation","name":"PENWORTHAM WEST 132KV S/S","voltage":"132kV","status":"C","gid":10051958,"risk":"LOW","floodCodes":["012FWCTL37A"],"floodNames":["Ribble estuary at Hutton and Longton"],"lng":-2.756497,"lat":53.746232},"geometry":{"type":"Polygon","coordinates":[[[-2.75617,53.746721],[-2.756141,53.746643],[-2.75612,53.746589],[-2.755915,53.74627],[-2.756215,53.74621],[-2.756161,53.746126],[-2.756161,53.746114],[-2.756161,53.746102],[-2.756267,53.746077],[-2.756364,53.746055],[-2.756511,53.746021],[-2.756908,53.745938],[-2.756947,53.746004],[-2.756977,53.746053],[-2.756994,53.746082],[-2.756997,53.746087],[-2.757008,53.746104],[-2.757253,53.746483],[-2.75617,53.746721]]]}},{"type":"Feature","properties":{"id":"substation-69","kind":"substation","name":"NEW CROSS GIS 275KV S/S","voltage":"275kV","status":"C","gid":10051959,"risk":"HIGH","floodCodes":["063FWT23BermD"],"floodNames":["Tidal Thames at South Bermondsey"],"lng":-0.057499,"lat":51.484406},"geometry":{"type":"Polygon","coordinates":[[[-0.058086,51.484358],[-0.058075,51.484425],[-0.058063,51.484491],[-0.058051,51.484554],[-0.057403,51.484511],[-0.057409,51.484472],[-0.057387,51.484471],[-0.057338,51.484468],[-0.057318,51.484466],[-0.057319,51.484459],[-0.057322,51.484446],[-0.056933,51.484419],[-0.056946,51.484342],[-0.056924,51.48434],[-0.056937,51.484264],[-0.057434,51.484298],[-0.057432,51.484312],[-0.057437,51.484312],[-0.05808,51.484357],[-0.058086,51.484358]]]}},{"type":"Feature","properties":{"id":"substation-70","kind":"substation","name":"LITTLEBROOK/W THURROCK CABLE COMPOUND","voltage":"400kV","status":"C","gid":10051960,"risk":"HIGH","floodCodes":["051FWCDV5B3WEST"],"floodNames":["The Thames estuary from Grays to Purfleet-on-Thames, including West Thurrock"],"lng":0.27227,"lat":51.473644},"geometry":{"type":"Polygon","coordinates":[[[0.271604,51.473294],[0.271707,51.473631],[0.271744,51.473755],[0.271831,51.473941],[0.27192,51.474101],[0.271969,51.474191],[0.27295,51.474034],[0.272833,51.473803],[0.272776,51.473762],[0.27268,51.47371],[0.272626,51.473678],[0.272603,51.473658],[0.272548,51.473616],[0.272506,51.473584],[0.272453,51.473542],[0.272409,51.4735],[0.272366,51.473464],[0.272332,51.47342],[0.272239,51.473318],[0.271972,51.473231],[0.271604,51.473294]]]}},{"type":"Feature","properties":{"id":"substation-71","kind":"substation","name":"NECTON 400KV S/S","voltage":"400kV","status":"C","gid":10052403,"risk":"SAFE","floodCodes":[],"floodNames":[],"lng":0.792315,"lat":52.661264},"geometry":{"type":"Polygon","coordinates":[[[0.791828,52.662727],[0.795399,52.661422],[0.793637,52.659241],[0.790964,52.659993],[0.791879,52.661157],[0.790669,52.661583],[0.791828,52.662727]]]}},{"type":"Feature","properties":{"id":"substation-72","kind":"substation","name":"PEMBROKE 132KV S/S","voltage":"132kV","status":"C","gid":10051962,"risk":"SAFE","floodCodes":[],"floodNames":[],"lng":-4.987436,"lat":51.682152},"geometry":{"type":"Polygon","coordinates":[[[-4.987604,51.681967],[-4.987813,51.681964],[-4.987821,51.682416],[-4.987612,51.682419],[-4.987449,51.682559],[-4.986798,51.682565],[-4.986784,51.681756],[-4.987438,51.681754],[-4.987604,51.681967]]]}},{"type":"Feature","properties":{"id":"substation-73","kind":"substation","name":"RASSAU 132KV S/S","voltage":"132kV","status":"C","gid":10051963,"risk":"SAFE","floodCodes":[],"floodNames":[],"lng":-3.225721,"lat":51.808753},"geometry":{"type":"Polygon","coordinates":[[[-3.225677,51.809008],[-3.225279,51.808532],[-3.225788,51.808369],[-3.226186,51.808845],[-3.225677,51.809008]]]}},{"type":"Feature","properties":{"id":"substation-74","kind":"substation","name":"FRODSHAM 275KV S/S","voltage":"275kV","status":"C","gid":10051964,"risk":"SAFE","floodCodes":[],"floodNames":[],"lng":-2.716626,"lat":53.309783},"geometry":{"type":"Polygon","coordinates":[[[-2.716374,53.310467],[-2.71596,53.310322],[-2.715943,53.310265],[-2.716036,53.310157],[-2.716115,53.310182],[-2.71628,53.310003],[-2.716022,53.309915],[-2.716058,53.309879],[-2.715945,53.30984],[-2.715912,53.309876],[-2.715695,53.30979],[-2.715682,53.309737],[-2.716336,53.309083],[-2.716299,53.309019],[-2.716407,53.308905],[-2.716512,53.308943],[-2.716641,53.308815],[-2.716953,53.308803],[-2.717746,53.309084],[-2.717691,53.309148],[-2.717903,53.309224],[-2.717807,53.309328],[-2.717163,53.309985],[-2.717103,53.310038],[-2.717055,53.310077],[-2.717035,53.31009],[-2.717016,53.310099],[-2.716995,53.310105],[-2.716963,53.310112],[-2.716937,53.310112],[-2.716787,53.310125],[-2.716742,53.310129],[-2.716712,53.310136],[-2.716697,53.310141],[-2.716374,53.310467]]]}},{"type":"Feature","properties":{"id":"substation-75","kind":"substation","name":"AMERSHAM 132KV S/S","voltage":"132kV","status":"C","gid":10051965,"risk":"SAFE","floodCodes":[],"floodNames":[],"lng":-0.655167,"lat":51.664451},"geometry":{"type":"Polygon","coordinates":[[[-0.654831,51.664761],[-0.654781,51.664777],[-0.654251,51.664162],[-0.655486,51.663742],[-0.655777,51.664083],[-0.655987,51.664323],[-0.655565,51.664473],[-0.655133,51.664599],[-0.655082,51.664615],[-0.655116,51.664665],[-0.654831,51.664761]]]}},{"type":"Feature","properties":{"id":"substation-76","kind":"substation","name":"SKELTON GRANGE C 275KV S/S","voltage":"275kV","status":"C","gid":10051966,"risk":"LOW","floodCodes":["123FWF177"],"floodNames":["River Aire at Knowsthorpe, Thwaite Gate and Stourton"],"lng":-1.494941,"lat":53.777671},"geometry":{"type":"Polygon","coordinates":[[[-1.494759,53.777923],[-1.494433,53.777743],[-1.494617,53.77762],[-1.494536,53.777577],[-1.495007,53.777258],[-1.495174,53.777202],[-1.495992,53.777633],[-1.495196,53.778164],[-1.494759,53.777923]]]}},{"type":"Feature","properties":{"id":"substation-77","kind":"substation","name":"FERRYBRIDGE C 275KV S/S","voltage":"275kV","status":"C","gid":10051967,"risk":"LOW","floodCodes":["123FWF137"],"floodNames":["River Aire at Ferrybridge"],"lng":-1.282647,"lat":53.717999},"geometry":{"type":"Polygon","coordinates":[[[-1.281765,53.718511],[-1.281414,53.718174],[-1.283967,53.717233],[-1.284321,53.717566],[-1.281765,53.718511]]]}},{"type":"Feature","properties":{"id":"substation-78","kind":"substation","name":"BRAINTREE 400KV S/S","voltage":"400kV","status":"C","gid":10051968,"risk":"SAFE","floodCodes":[],"floodNames":[],"lng":0.576311,"lat":51.865058},"geometry":{"type":"Polygon","coordinates":[[[0.576905,51.865291],[0.577179,51.864821],[0.575811,51.864511],[0.575584,51.864897],[0.575532,51.864986],[0.576087,51.865108],[0.576116,51.865147],[0.576203,51.865166],[0.576264,51.865147],[0.57683,51.865274],[0.576905,51.865291]]]}},{"type":"Feature","properties":{"id":"substation-79","kind":"substation","name":"EALING 66KV S/S","voltage":"66kV","status":"C","gid":10051969,"risk":"SAFE","floodCodes":[],"floodNames":[],"lng":-0.296781,"lat":51.501674},"geometry":{"type":"Polygon","coordinates":[[[-0.296874,51.501964],[-0.296411,51.5013],[-0.296642,51.501238],[-0.297103,51.501902],[-0.296874,51.501964]]]}},{"type":"Feature","properties":{"id":"substation-80","kind":"substation","name":"HINKLEY POINT 400KV S/S","voltage":"400kV","status":"C","gid":10051970,"risk":"LOW","floodCodes":["112FWTSTE03","112FWTSTE02"],"floodNames":["Somerset coast at Steart, Stolford and Stretcholt","Somerset coast at Steart and Stolford, properties located behind the seafront"],"lng":-3.127413,"lat":51.20697},"geometry":{"type":"Polygon","coordinates":[[[-3.127645,51.207677],[-3.126398,51.207707],[-3.126283,51.206005],[-3.126397,51.20595],[-3.126584,51.205946],[-3.126785,51.205941],[-3.128933,51.205888],[-3.129045,51.207639],[-3.127791,51.207671],[-3.127796,51.207766],[-3.127653,51.207773],[-3.127645,51.207677]]]}},{"type":"Feature","properties":{"id":"substation-81","kind":"substation","name":"SPENNYMOOR 132KV S/S","voltage":"132kV","status":"C","gid":10051971,"risk":"SAFE","floodCodes":[],"floodNames":[],"lng":-1.555119,"lat":54.704776},"geometry":{"type":"Polygon","coordinates":[[[-1.553815,54.70527],[-1.553523,54.705312],[-1.553264,54.705261],[-1.553063,54.704779],[-1.553175,54.70467],[-1.553416,54.704634],[-1.553542,54.704616],[-1.553849,54.70457],[-1.554042,54.704542],[-1.554363,54.704498],[-1.554693,54.704451],[-1.555017,54.704409],[-1.555243,54.704377],[-1.555361,54.704361],[-1.555371,54.70436],[-1.555383,54.704359],[-1.555445,54.704351],[-1.555455,54.70435],[-1.555465,54.704351],[-1.555476,54.704352],[-1.555485,54.704355],[-1.555494,54.704358],[-1.555502,54.704362],[-1.555508,54.704367],[-1.555513,54.704372],[-1.555517,54.704378],[-1.555519,54.704383],[-1.55552,54.704389],[-1.555658,54.704726],[-1.555715,54.704863],[-1.555755,54.70496],[-1.555754,54.704965],[-1.555753,54.704969],[-1.555751,54.704973],[-1.555748,54.704976],[-1.555745,54.70498],[-1.555741,54.704983],[-1.555736,54.704987],[-1.555731,54.704989],[-1.555725,54.704992],[-1.55572,54.704995],[-1.555715,54.704998],[-1.555709,54.705001],[-1.555704,54.705003],[-1.555697,54.705005],[-1.555691,54.705007],[-1.555684,54.705008],[-1.555677,54.705009],[-1.55567,54.70501],[-1.555663,54.705011],[-1.555632,54.705014],[-1.555469,54.705038],[-1.555093,54.705091],[-1.554696,54.705147],[-1.554334,54.705199],[-1.553962,54.705249],[-1.553815,54.70527]]]}},{"type":"Feature","properties":{"id":"substation-82","kind":"substation","name":"WILTON 275KV S/S","voltage":"275kV","status":"C","gid":10051972,"risk":"SAFE","floodCodes":[],"floodNames":[],"lng":-1.13191,"lat":54.575914},"geometry":{"type":"Polygon","coordinates":[[[-1.131893,54.576396],[-1.13104,54.575265],[-1.131676,54.575104],[-1.132431,54.576091],[-1.132531,54.576231],[-1.131893,54.576396]]]}},{"type":"Feature","properties":{"id":"substation-83","kind":"substation","name":"SHREWSBURY 400KV S/S","voltage":"400kV","status":"C","gid":10051974,"risk":"SAFE","floodCodes":[],"floodNames":[],"lng":-2.69274,"lat":52.70904},"geometry":{"type":"Polygon","coordinates":[[[-2.692538,52.708816],[-2.6927,52.708629],[-2.692956,52.708709],[-2.693181,52.708782],[-2.692889,52.709119],[-2.692991,52.709146],[-2.692925,52.709222],[-2.693023,52.709254],[-2.692895,52.709408],[-2.692613,52.709322],[-2.692459,52.70927],[-2.692355,52.709227],[-2.692447,52.709123],[-2.692639,52.708929],[-2.69269,52.708868],[-2.692538,52.708816]]]}},{"type":"Feature","properties":{"id":"substation-84","kind":"substation","name":"ROCKSAVAGE 400KV S/S","voltage":"400kV","status":"C","gid":10051975,"risk":"SAFE","floodCodes":[],"floodNames":[],"lng":-2.724731,"lat":53.31497},"geometry":{"type":"Polygon","coordinates":[[[-2.723705,53.315043],[-2.72372,53.314917],[-2.723567,53.314909],[-2.723592,53.314757],[-2.723594,53.314756],[-2.725241,53.314846],[-2.725838,53.314876],[-2.726339,53.314905],[-2.72629,53.315179],[-2.726231,53.315178],[-2.725035,53.315113],[-2.724651,53.315093],[-2.723705,53.315043]]]}},{"type":"Feature","properties":{"id":"substation-85","kind":"substation","name":"TILBURY 275KV S/S","voltage":"275kV","status":"C","gid":10051977,"risk":"HIGH","floodCodes":["051FWCDV5B3EAST"],"floodNames":["The Thames estuary from Shellhaven, to and including Tilbury"],"lng":0.390442,"lat":51.459743},"geometry":{"type":"Polygon","coordinates":[[[0.390222,51.45939],[0.39008,51.459387],[0.389352,51.459381],[0.389352,51.459398],[0.389352,51.459413],[0.389345,51.459586],[0.38828,51.459575],[0.388239,51.460747],[0.389556,51.460767],[0.392154,51.460819],[0.392785,51.460827],[0.392815,51.459628],[0.391432,51.459608],[0.39142,51.459607],[0.391422,51.459401],[0.391228,51.4594],[0.390813,51.459395],[0.390334,51.459391],[0.390222,51.45939]]]}},{"type":"Feature","properties":{"id":"substation-86","kind":"substation","name":"TRAWSFYNYDD 400KV S/S","voltage":"400kV","status":"C","gid":10051978,"risk":"SAFE","floodCodes":[],"floodNames":[],"lng":-3.945396,"lat":52.926615},"geometry":{"type":"Polygon","coordinates":[[[-3.945496,52.926915],[-3.945475,52.926928],[-3.945448,52.926942],[-3.945433,52.92695],[-3.94531,52.927022],[-3.945104,52.927146],[-3.944998,52.927207],[-3.944914,52.927155],[-3.944876,52.927132],[-3.944841,52.927111],[-3.944644,52.92699],[-3.944353,52.926811],[-3.944201,52.926718],[-3.944081,52.926644],[-3.944634,52.926317],[-3.945009,52.926087],[-3.945853,52.925584],[-3.946396,52.925935],[-3.946441,52.925959],[-3.946468,52.925974],[-3.946496,52.925991],[-3.946727,52.926135],[-3.946804,52.926183],[-3.945496,52.926915]]]}},{"type":"Feature","properties":{"id":"substation-87","kind":"substation","name":"CELLARHEAD 400KV S/S","voltage":"400kV","status":"C","gid":10051979,"risk":"SAFE","floodCodes":[],"floodNames":[],"lng":-2.082187,"lat":53.040787},"geometry":{"type":"Polygon","coordinates":[[[-2.084135,53.041531],[-2.084211,53.041734],[-2.083139,53.041886],[-2.082334,53.041993],[-2.082326,53.041996],[-2.081809,53.042072],[-2.081797,53.042072],[-2.081782,53.042064],[-2.081766,53.042045],[-2.081729,53.041906],[-2.081631,53.041658],[-2.081442,53.04119],[-2.081245,53.040696],[-2.081099,53.040336],[-2.081014,53.04015],[-2.080999,53.040115],[-2.080988,53.04009],[-2.080984,53.040078],[-2.080979,53.04006],[-2.080988,53.04005],[-2.080997,53.040041],[-2.081206,53.040005],[-2.08175,53.039925],[-2.082075,53.039878],[-2.082761,53.039773],[-2.082827,53.039764],[-2.083381,53.039687],[-2.083459,53.039809],[-2.083468,53.03983],[-2.083759,53.040582],[-2.083771,53.040626],[-2.084135,53.041531]]]}},{"type":"Feature","properties":{"id":"substation-88","kind":"substation","name":"EATON SOCON 400KV S/S","voltage":"400kV","status":"C","gid":10051980,"risk":"SAFE","floodCodes":[],"floodNames":[],"lng":-0.301525,"lat":52.214651},"geometry":{"type":"Polygon","coordinates":[[[-0.301916,52.214707],[-0.301892,52.214713],[-0.302313,52.215376],[-0.30236,52.215365],[-0.302454,52.215512],[-0.301669,52.215701],[-0.300898,52.214595],[-0.30066,52.214675],[-0.300086,52.213788],[-0.300977,52.213573],[-0.301104,52.213774],[-0.301463,52.214334],[-0.301648,52.21429],[-0.301916,52.214707]]]}},{"type":"Feature","properties":{"id":"substation-89","kind":"substation","name":"JORDANTHORPE 275KV S/S","voltage":"275kV","status":"C","gid":10051981,"risk":"SAFE","floodCodes":[],"floodNames":[],"lng":-1.457874,"lat":53.329533},"geometry":{"type":"Polygon","coordinates":[[[-1.458747,53.329989],[-1.458689,53.329995],[-1.457205,53.329386],[-1.457044,53.32932],[-1.457132,53.329244],[-1.456995,53.329188],[-1.457244,53.328972],[-1.45906,53.329712],[-1.458747,53.329989]]]}},{"type":"Feature","properties":{"id":"substation-90","kind":"substation","name":"KITWELL 275KV S/S","voltage":"275kV","status":"C","gid":10051982,"risk":"SAFE","floodCodes":[],"floodNames":[],"lng":-2.013925,"lat":52.431119},"geometry":{"type":"Polygon","coordinates":[[[-2.013319,52.430187],[-2.014945,52.430849],[-2.014406,52.431343],[-2.014396,52.431356],[-2.014376,52.431348],[-2.014367,52.431344],[-2.014351,52.431338],[-2.014334,52.431331],[-2.014322,52.431326],[-2.014294,52.431314],[-2.01427,52.431304],[-2.014263,52.431302],[-2.014257,52.431299],[-2.014245,52.431294],[-2.01424,52.431292],[-2.014236,52.43129],[-2.014214,52.431282],[-2.014202,52.431277],[-2.01419,52.431272],[-2.014168,52.431263],[-2.014149,52.431255],[-2.014122,52.431244],[-2.014094,52.431233],[-2.014071,52.431223],[-2.014046,52.431213],[-2.014024,52.431204],[-2.013992,52.431191],[-2.013967,52.431181],[-2.01396,52.431178],[-2.013957,52.431176],[-2.013925,52.431163],[-2.013891,52.431149],[-2.013851,52.431133],[-2.013818,52.43112],[-2.013781,52.431104],[-2.013754,52.431093],[-2.013725,52.431081],[-2.013693,52.431068],[-2.013658,52.431054],[-2.013632,52.431043],[-2.013618,52.431038],[-2.013584,52.431024],[-2.013579,52.431022],[-2.013545,52.431008],[-2.013308,52.430912],[-2.013241,52.430884],[-2.013012,52.430788],[-2.012772,52.43069],[-2.012782,52.43068],[-2.013319,52.430187]]]}},{"type":"Feature","properties":{"id":"substation-91","kind":"substation","name":"NEEPSEND 275KV S/S","voltage":"275kV","status":"C","gid":10051983,"risk":"HIGH","floodCodes":["123FWF618","123FWF568"],"floodNames":["River Don at Livesey Street and Club Mill Road, Owlerton","River Loxley at Owlerton"],"lng":-1.488267,"lat":53.406276},"geometry":{"type":"Polygon","coordinates":[[[-1.488853,53.40635],[-1.488992,53.40645],[-1.489078,53.406482],[-1.489081,53.406517],[-1.489111,53.406537],[-1.489163,53.40654],[-1.489204,53.40656],[-1.489217,53.406621],[-1.489195,53.406643],[-1.489088,53.406652],[-1.489029,53.406687],[-1.489023,53.406692],[-1.488979,53.40666],[-1.488821,53.406647],[-1.488582,53.406628],[-1.488333,53.406607],[-1.488004,53.406589],[-1.487963,53.406841],[-1.487961,53.406876],[-1.487907,53.406836],[-1.487597,53.40682],[-1.487452,53.406769],[-1.487506,53.406477],[-1.487789,53.406406],[-1.48782,53.406363],[-1.487637,53.406114],[-1.48733,53.405877],[-1.487345,53.405807],[-1.487148,53.405662],[-1.487226,53.405521],[-1.487309,53.405478],[-1.487401,53.405483],[-1.487453,53.405456],[-1.487585,53.405312],[-1.487804,53.405216],[-1.488436,53.405695],[-1.488414,53.405834],[-1.488505,53.405917],[-1.488477,53.406052],[-1.488853,53.40635]]]}},{"type":"Feature","properties":{"id":"substation-92","kind":"substation","name":"IRONBRIDGE 132KV S/S","voltage":"132kV","status":"C","gid":10051984,"risk":"LOW","floodCodes":["031FWFSE250"],"floodNames":["River Severn at Ironbridge and Jackfield"],"lng":-2.510038,"lat":52.632524},"geometry":{"type":"Polygon","coordinates":[[[-2.509477,52.632096],[-2.509917,52.632317],[-2.510048,52.632383],[-2.510067,52.632392],[-2.510184,52.632305],[-2.510322,52.632374],[-2.510203,52.632461],[-2.510234,52.632476],[-2.510585,52.63265],[-2.510652,52.632683],[-2.510688,52.632701],[-2.510446,52.632875],[-2.510408,52.632855],[-2.510009,52.632654],[-2.509991,52.632649],[-2.509969,52.632669],[-2.509928,52.632649],[-2.509888,52.632678],[-2.509784,52.632627],[-2.509822,52.632599],[-2.509772,52.632574],[-2.5098,52.632553],[-2.509239,52.632271],[-2.509477,52.632096]]]}},{"type":"Feature","properties":{"id":"substation-93","kind":"substation","name":"USKMOUTH 132KV S/S","voltage":"132kV","status":"C","gid":10051985,"risk":"SAFE","floodCodes":[],"floodNames":[],"lng":-2.976023,"lat":51.548568},"geometry":{"type":"Polygon","coordinates":[[[-2.974392,51.548865],[-2.975872,51.548456],[-2.975936,51.548438],[-2.976012,51.548417],[-2.97616,51.548376],[-2.976238,51.548354],[-2.976368,51.548319],[-2.976445,51.548297],[-2.976538,51.548272],[-2.976577,51.548261],[-2.976605,51.548253],[-2.976633,51.548245],[-2.976655,51.548276],[-2.976597,51.548292],[-2.97655,51.548305],[-2.9766,51.548376],[-2.976622,51.548407],[-2.976673,51.548479],[-2.976719,51.548467],[-2.976778,51.54845],[-2.9768,51.548481],[-2.976611,51.548533],[-2.976573,51.548544],[-2.976524,51.548557],[-2.97639,51.548594],[-2.976354,51.548604],[-2.976173,51.548653],[-2.976133,51.548664],[-2.976005,51.5487],[-2.975765,51.548766],[-2.975629,51.548803],[-2.97559,51.548814],[-2.975416,51.548861],[-2.975376,51.548873],[-2.975196,51.548922],[-2.975154,51.548933],[-2.975009,51.548973],[-2.974517,51.549108],[-2.974353,51.548875],[-2.974392,51.548865]]]}},{"type":"Feature","properties":{"id":"substation-94","kind":"substation","name":"LOVEDEAN 400KV S/S","voltage":"400kV","status":"C","gid":10051986,"risk":"SAFE","floodCodes":[],"floodNames":[],"lng":-1.039115,"lat":50.916898},"geometry":{"type":"Polygon","coordinates":[[[-1.038194,50.916185],[-1.039604,50.916521],[-1.03957,50.916578],[-1.039988,50.916677],[-1.039872,50.916908],[-1.039989,50.916936],[-1.039877,50.91713],[-1.039895,50.917163],[-1.040102,50.917211],[-1.040286,50.916898],[-1.04054,50.916957],[-1.040603,50.916846],[-1.040752,50.916881],[-1.04079,50.916817],[-1.040851,50.916826],[-1.040882,50.916776],[-1.041565,50.916929],[-1.041674,50.916888],[-1.041717,50.916898],[-1.041703,50.91692],[-1.04177,50.916956],[-1.042889,50.917212],[-1.042175,50.918402],[-1.041467,50.918621],[-1.037521,50.917707],[-1.037217,50.917287],[-1.037212,50.917275],[-1.037213,50.917265],[-1.037204,50.917253],[-1.037207,50.917242],[-1.037215,50.917223],[-1.037241,50.91718],[-1.037362,50.916974],[-1.037362,50.916964],[-1.037359,50.916948],[-1.03734,50.916935],[-1.037313,50.916924],[-1.036706,50.916783],[-1.037091,50.916139],[-1.037671,50.916278],[-1.037742,50.916285],[-1.037768,50.91628],[-1.037794,50.916241],[-1.037875,50.916257],[-1.037878,50.916258],[-1.038155,50.916176],[-1.038194,50.916185]]]}},{"type":"Feature","properties":{"id":"substation-95","kind":"substation","name":"MINETY 400KV S/S","voltage":"400kV","status":"C","gid":10051987,"risk":"SAFE","floodCodes":[],"floodNames":[],"lng":-2.002198,"lat":51.607557},"geometry":{"type":"Polygon","coordinates":[[[-2.001769,51.6083],[-2.001743,51.608294],[-2.00173,51.60832],[-2.001708,51.608363],[-2.001613,51.608344],[-2.001631,51.608305],[-2.001509,51.608282],[-2.001693,51.60791],[-2.001744,51.607893],[-2.002035,51.60732],[-2.002,51.60728],[-2.002066,51.607148],[-2.002153,51.606975],[-2.002159,51.60697],[-2.002166,51.606965],[-2.002175,51.606961],[-2.002184,51.606959],[-2.002195,51.606958],[-2.002232,51.606964],[-2.002456,51.607007],[-2.002784,51.60707],[-2.002805,51.607074],[-2.003199,51.60715],[-2.003238,51.607159],[-2.00361,51.607237],[-2.002969,51.608534],[-2.001769,51.6083]]]}},{"type":"Feature","properties":{"id":"substation-96","kind":"substation","name":"BRITON FERRY SOUTH 275KV CSE COMPOUND","voltage":"275kV","status":"C","gid":10051988,"risk":"SAFE","floodCodes":[],"floodNames":[],"lng":-3.823482,"lat":51.624011},"geometry":{"type":"Polygon","coordinates":[[[-3.823904,51.62409],[-3.822899,51.624163],[-3.822848,51.623891],[-3.823853,51.623819],[-3.823904,51.62409]]]}},{"type":"Feature","properties":{"id":"substation-97","kind":"substation","name":"ST JOHNS WOOD 132KV S/S","voltage":"132kV","status":"C","gid":10051989,"risk":"SAFE","floodCodes":[],"floodNames":[],"lng":-0.171712,"lat":51.527083},"geometry":{"type":"Polygon","coordinates":[[[-0.172425,51.526941],[-0.17149,51.527374],[-0.171441,51.527397],[-0.171434,51.5274],[-0.171334,51.527445],[-0.171329,51.527448],[-0.171107,51.527264],[-0.171213,51.527215],[-0.171171,51.527179],[-0.171345,51.527099],[-0.17139,51.527137],[-0.171693,51.526998],[-0.171645,51.526958],[-0.171802,51.526885],[-0.171849,51.526924],[-0.171864,51.526917],[-0.172169,51.526774],[-0.172203,51.526758],[-0.172302,51.52684],[-0.172327,51.52686],[-0.172425,51.526941]]]}},{"type":"Feature","properties":{"id":"substation-98","kind":"substation","name":"BUSHBURY 132KV S/S","voltage":"132kV","status":"C","gid":10051990,"risk":"LOW","floodCodes":["033FWF3WATERHEAD"],"floodNames":["Waterhead Brook at Bushbury, Wolverhampton"],"lng":-2.114735,"lat":52.636173},"geometry":{"type":"Polygon","coordinates":[[[-2.11565,52.635506],[-2.115792,52.635688],[-2.1159,52.635821],[-2.115949,52.63588],[-2.116233,52.636229],[-2.113862,52.636934],[-2.113847,52.636935],[-2.113657,52.636696],[-2.113495,52.636493],[-2.113275,52.636226],[-2.113506,52.636157],[-2.11565,52.635506]]]}},{"type":"Feature","properties":{"id":"substation-99","kind":"substation","name":"NORTON 275KV S/S","voltage":"275kV","status":"C","gid":10051991,"risk":"SAFE","floodCodes":[],"floodNames":[],"lng":-1.364039,"lat":54.592806},"geometry":{"type":"Polygon","coordinates":[[[-1.365537,54.59338],[-1.363678,54.593169],[-1.3636,54.593377],[-1.362817,54.593284],[-1.362971,54.592851],[-1.362992,54.592806],[-1.36286,54.592794],[-1.363098,54.59199],[-1.364647,54.592164],[-1.36485,54.592185],[-1.365884,54.592295],[-1.365537,54.59338]]]}},{"type":"Feature","properties":{"id":"substation-100","kind":"substation","name":"NORTON 400KV S/S","voltage":"400kV","status":"C","gid":10051992,"risk":"SAFE","floodCodes":[],"floodNames":[],"lng":-1.366738,"lat":54.592882},"geometry":{"type":"Polygon","coordinates":[[[-1.366447,54.593402],[-1.366256,54.593246],[-1.366356,54.592934],[-1.366435,54.59291],[-1.366458,54.592833],[-1.366391,54.592812],[-1.366586,54.592206],[-1.366615,54.592114],[-1.368261,54.59229],[-1.367865,54.593552],[-1.366447,54.593402]]]}},{"type":"Feature","properties":{"id":"substation-101","kind":"substation","name":"STANAH 400KV S/S","voltage":"400kV","status":"C","gid":10051993,"risk":"HIGH","floodCodes":["012FWCTL32B"],"floodNames":["Wyre estuary at Thornton, between A585, Stanah Road and School Road"],"lng":-2.987547,"lat":53.878855},"geometry":{"type":"Polygon","coordinates":[[[-2.987033,53.878747],[-2.987271,53.878806],[-2.987499,53.878496],[-2.987247,53.878432],[-2.987434,53.878182],[-2.988739,53.878511],[-2.988727,53.878526],[-2.988087,53.879402],[-2.988079,53.879399],[-2.987926,53.879448],[-2.986867,53.879163],[-2.986858,53.879118],[-2.986857,53.87899],[-2.987033,53.878747]]]}},{"type":"Feature","properties":{"id":"substation-102","kind":"substation","name":"OSBALDWICK 400KV S/S","voltage":"400kV","status":"C","gid":10051994,"risk":"LOW","floodCodes":["122FWF780"],"floodNames":["Osbaldwick Beck - Osbaldwick"],"lng":-1.022657,"lat":53.956985},"geometry":{"type":"Polygon","coordinates":[[[-1.021562,53.957428],[-1.021146,53.957431],[-1.020716,53.95707],[-1.02044,53.956446],[-1.021307,53.956082],[-1.022517,53.95556],[-1.023252,53.956165],[-1.023476,53.956343],[-1.023511,53.956399],[-1.023814,53.956646],[-1.023776,53.956671],[-1.024278,53.957067],[-1.024328,53.957077],[-1.024584,53.957299],[-1.024594,53.957357],[-1.023028,53.958009],[-1.022541,53.957611],[-1.022318,53.957429],[-1.022186,53.957324],[-1.022125,53.95733],[-1.022023,53.957235],[-1.02202,53.957237],[-1.021562,53.957428]]]}},{"type":"Feature","properties":{"id":"substation-103","kind":"substation","name":"PENWORTHAM 275KV S/S","voltage":"275kV","status":"C","gid":10051995,"risk":"LOW","floodCodes":["012FWCTL37A"],"floodNames":["Ribble estuary at Hutton and Longton"],"lng":-2.75757,"lat":53.745586},"geometry":{"type":"Polygon","coordinates":[[[-2.759699,53.745906],[-2.759706,53.745938],[-2.759629,53.745956],[-2.759579,53.745971],[-2.759533,53.745981],[-2.758995,53.746098],[-2.758484,53.74621],[-2.757253,53.746483],[-2.756996,53.746085],[-2.756996,53.746084],[-2.756995,53.746084],[-2.756995,53.746083],[-2.756908,53.745938],[-2.756668,53.745988],[-2.756629,53.745997],[-2.756557,53.746012],[-2.756527,53.746018],[-2.756271,53.746076],[-2.756161,53.746102],[-2.756161,53.746114],[-2.756161,53.746126],[-2.756215,53.74621],[-2.755915,53.74627],[-2.755739,53.745988],[-2.755523,53.745662],[-2.755335,53.745378],[-2.755433,53.745367],[-2.755525,53.745349],[-2.755537,53.745371],[-2.755551,53.745372],[-2.755571,53.745377],[-2.755737,53.745335],[-2.75577,53.745325],[-2.756783,53.745098],[-2.756934,53.74507],[-2.75773,53.744892],[-2.757578,53.744678],[-2.758293,53.74452],[-2.758414,53.744708],[-2.759075,53.744566],[-2.759519,53.744465],[-2.759805,53.744399],[-2.760034,53.744778],[-2.759617,53.744876],[-2.759211,53.744967],[-2.758806,53.745053],[-2.759119,53.745551],[-2.759453,53.745654],[-2.759571,53.74563],[-2.75968,53.745812],[-2.759699,53.745906]]]}},{"type":"Feature","properties":{"id":"substation-104","kind":"substation","name":"CONNAHS QUAY 132KV S/S","voltage":"132kV","status":"C","gid":10051996,"risk":"SAFE","floodCodes":[],"floodNames":[],"lng":-3.072882,"lat":53.227143},"geometry":{"type":"Polygon","coordinates":[[[-3.074951,53.227846],[-3.0741,53.228672],[-3.070389,53.227239],[-3.070275,53.227189],[-3.070643,53.226997],[-3.071215,53.226468],[-3.0715,53.226579],[-3.071691,53.226401],[-3.07185,53.226463],[-3.071943,53.226377],[-3.072636,53.226648],[-3.072555,53.226727],[-3.073407,53.227057],[-3.073497,53.226975],[-3.073785,53.227086],[-3.073698,53.22717],[-3.074245,53.227382],[-3.0741,53.227515],[-3.074423,53.227632],[-3.07467,53.227741],[-3.074951,53.227846]]]}},{"type":"Feature","properties":{"id":"substation-105","kind":"substation","name":"ENDERBY 132KV S/S","voltage":"132kV","status":"C","gid":10051997,"risk":"SAFE","floodCodes":[],"floodNames":[],"lng":-1.214634,"lat":52.598039},"geometry":{"type":"Polygon","coordinates":[[[-1.21539,52.598904],[-1.214462,52.598888],[-1.214236,52.598749],[-1.214246,52.598322],[-1.214169,52.59832],[-1.214178,52.598118],[-1.214252,52.59812],[-1.21426,52.597481],[-1.21467,52.597195],[-1.214773,52.597195],[-1.214829,52.597156],[-1.215385,52.597159],[-1.21539,52.598904]]]}},{"type":"Feature","properties":{"id":"substation-106","kind":"substation","name":"PELHAM 132KV S/S","voltage":"132kV","status":"C","gid":10051998,"risk":"SAFE","floodCodes":[],"floodNames":[],"lng":0.116979,"lat":51.935277},"geometry":{"type":"Polygon","coordinates":[[[0.117365,51.935783],[0.117371,51.935332],[0.117353,51.934491],[0.11621,51.934497],[0.116212,51.935777],[0.117365,51.935783]]]}},{"type":"Feature","properties":{"id":"substation-107","kind":"substation","name":"NURSLING 132KV S/S","voltage":"132kV","status":"C","gid":10051999,"risk":"LOW","floodCodes":["065FWC0301","065FWF3008"],"floodNames":["Calshot, Hythe, Marchwood, Eling and Redbridge","River Test at Romsey and Testwood"],"lng":-1.488031,"lat":50.941108},"geometry":{"type":"Polygon","coordinates":[[[-1.489151,50.941275],[-1.487924,50.941271],[-1.487893,50.941293],[-1.487793,50.941295],[-1.487762,50.94127],[-1.486715,50.941269],[-1.486722,50.94051],[-1.48917,50.940518],[-1.489151,50.941275]]]}},{"type":"Feature","properties":{"id":"substation-108","kind":"substation","name":"THURCROFT 66KV S/S","voltage":"66kV","status":"C","gid":10052000,"risk":"SAFE","floodCodes":[],"floodNames":[],"lng":-1.266767,"lat":53.404937},"geometry":{"type":"Polygon","coordinates":[[[-1.267152,53.405078],[-1.266967,53.405058],[-1.266932,53.405027],[-1.265902,53.404898],[-1.266005,53.404635],[-1.267259,53.404787],[-1.267152,53.405078]]]}},{"type":"Feature","properties":{"id":"substation-109","kind":"substation","name":"PENTIR 132KV S/S","voltage":"132kV","status":"C","gid":10052001,"risk":"SAFE","floodCodes":[],"floodNames":[],"lng":-4.159397,"lat":53.187194},"geometry":{"type":"Polygon","coordinates":[[[-4.159954,53.187692],[-4.159805,53.187617],[-4.159369,53.187377],[-4.159353,53.187363],[-4.158749,53.18701],[-4.15846,53.186855],[-4.158445,53.18682],[-4.1592,53.186338],[-4.160683,53.187171],[-4.159954,53.187692]]]}},{"type":"Feature","properties":{"id":"substation-110","kind":"substation","name":"PENN 132KV S/S","voltage":"132kV","status":"C","gid":10052002,"risk":"SAFE","floodCodes":[],"floodNames":[],"lng":-2.208355,"lat":52.556201},"geometry":{"type":"Polygon","coordinates":[[[-2.20786,52.555237],[-2.208831,52.555199],[-2.208852,52.555637],[-2.208907,52.556765],[-2.208918,52.556964],[-2.208961,52.55775],[-2.207879,52.557762],[-2.207769,52.556116],[-2.20771,52.555338],[-2.20786,52.555237]]]}},{"type":"Feature","properties":{"id":"substation-111","kind":"substation","name":"SEABANK 132KV S/S","voltage":"132kV","status":"C","gid":10052003,"risk":"HIGH","floodCodes":["112FWTAVN02"],"floodNames":["Severn Estuary at Avonmouth"],"lng":-2.670139,"lat":51.536389},"geometry":{"type":"Polygon","coordinates":[[[-2.670637,51.536766],[-2.669874,51.536522],[-2.66984,51.53651],[-2.669784,51.536493],[-2.669741,51.536479],[-2.669734,51.536477],[-2.669691,51.536462],[-2.669952,51.536148],[-2.67011,51.536199],[-2.670446,51.535799],[-2.671225,51.536048],[-2.670637,51.536766]]]}},{"type":"Feature","properties":{"id":"substation-112","kind":"substation","name":"SWANSEA NORTH 400KV S/S","voltage":"400kV","status":"C","gid":10052004,"risk":"SAFE","floodCodes":[],"floodNames":[],"lng":-3.957274,"lat":51.688541},"geometry":{"type":"Polygon","coordinates":[[[-3.957585,51.687995],[-3.958164,51.688624],[-3.957817,51.688747],[-3.95778,51.688711],[-3.957453,51.688822],[-3.957436,51.688803],[-3.957287,51.688857],[-3.957267,51.688835],[-3.957185,51.688873],[-3.957062,51.688748],[-3.956804,51.688837],[-3.956607,51.688616],[-3.956825,51.688543],[-3.956647,51.688343],[-3.957006,51.68821],[-3.957122,51.688342],[-3.957353,51.688263],[-3.957221,51.688118],[-3.957585,51.687995]]]}},{"type":"Feature","properties":{"id":"substation-113","kind":"substation","name":"IRON ACTON 132KV S/S","voltage":"132kV","status":"C","gid":10052005,"risk":"SAFE","floodCodes":[],"floodNames":[],"lng":-2.481022,"lat":51.568884},"geometry":{"type":"Polygon","coordinates":[[[-2.480065,51.56904],[-2.479455,51.568863],[-2.479575,51.568679],[-2.479878,51.568241],[-2.481035,51.568555],[-2.48111,51.568446],[-2.481512,51.568554],[-2.481438,51.568664],[-2.483095,51.569115],[-2.482654,51.569742],[-2.482383,51.569668],[-2.480065,51.56904]]]}},{"type":"Feature","properties":{"id":"substation-114","kind":"substation","name":"LEGACY 400KV S/S","voltage":"400kV","status":"C","gid":10052006,"risk":"SAFE","floodCodes":[],"floodNames":[],"lng":-3.053754,"lat":53.028386},"geometry":{"type":"Polygon","coordinates":[[[-3.053882,53.030284],[-3.053897,53.030336],[-3.053043,53.030396],[-3.053032,53.030296],[-3.052913,53.030187],[-3.05288,53.030019],[-3.052873,53.029951],[-3.052868,53.029916],[-3.05285,53.029832],[-3.052843,53.029801],[-3.052836,53.029765],[-3.052775,53.029487],[-3.052824,53.029483],[-3.052814,53.02943],[-3.052742,53.029067],[-3.052673,53.028719],[-3.052664,53.028676],[-3.05261,53.028405],[-3.052532,53.028008],[-3.052479,53.027743],[-3.052469,53.027744],[-3.05244,53.027603],[-3.05243,53.027557],[-3.052422,53.027516],[-3.052417,53.027493],[-3.052413,53.027472],[-3.052408,53.027447],[-3.052402,53.027422],[-3.052399,53.027404],[-3.052394,53.027381],[-3.052387,53.027346],[-3.052481,53.027338],[-3.052554,53.027331],[-3.052619,53.027325],[-3.05267,53.027321],[-3.052728,53.027316],[-3.052804,53.027309],[-3.052907,53.0273],[-3.053087,53.027284],[-3.053234,53.027271],[-3.053697,53.027229],[-3.053861,53.027215],[-3.053951,53.027207],[-3.053999,53.027202],[-3.05409,53.027194],[-3.054248,53.02718],[-3.054291,53.027176],[-3.054313,53.027174],[-3.054341,53.027172],[-3.054396,53.027167],[-3.054447,53.027162],[-3.05453,53.027155],[-3.054544,53.027219],[-3.054546,53.027232],[-3.054549,53.027244],[-3.054553,53.027261],[-3.054554,53.027269],[-3.054556,53.027278],[-3.054558,53.027287],[-3.05456,53.027295],[-3.054562,53.027306],[-3.054565,53.027318],[-3.054567,53.02733],[-3.054573,53.027354],[-3.054591,53.027442],[-3.054635,53.027648],[-3.054639,53.027665],[-3.054679,53.027855],[-3.0547,53.027952],[-3.054853,53.028671],[-3.054884,53.028791],[-3.054936,53.02906],[-3.05497,53.02922],[-3.055048,53.029587],[-3.055053,53.029607],[-3.055055,53.02962],[-3.055057,53.029628],[-3.055062,53.02965],[-3.055066,53.029668],[-3.055098,53.02982],[-3.055017,53.029825],[-3.054977,53.029828],[-3.05494,53.029831],[-3.054793,53.029841],[-3.054616,53.029853],[-3.054578,53.029869],[-3.054601,53.029966],[-3.053781,53.030024],[-3.05376,53.030052],[-3.053803,53.03025],[-3.053882,53.030284]]]}},{"type":"Feature","properties":{"id":"substation-115","kind":"substation","name":"MELKSHAM 400KV S/S","voltage":"400kV","status":"C","gid":10052007,"risk":"SAFE","floodCodes":[],"floodNames":[],"lng":-2.151359,"lat":51.394448},"geometry":{"type":"Polygon","coordinates":[[[-2.148529,51.39378],[-2.148948,51.393772],[-2.149207,51.393762],[-2.149256,51.393762],[-2.149365,51.39376],[-2.150073,51.393748],[-2.150986,51.39373],[-2.151042,51.393683],[-2.151924,51.393674],[-2.152007,51.393661],[-2.152439,51.39366],[-2.15261,51.393652],[-2.152773,51.393649],[-2.153305,51.39364],[-2.153656,51.393638],[-2.153689,51.393639],[-2.1537,51.393641],[-2.153712,51.393642],[-2.153722,51.393643],[-2.153735,51.393645],[-2.153763,51.393652],[-2.153773,51.393654],[-2.153785,51.393659],[-2.153799,51.393664],[-2.15381,51.393669],[-2.153821,51.393675],[-2.153832,51.393681],[-2.153844,51.39369],[-2.153849,51.393696],[-2.153856,51.393702],[-2.153867,51.393714],[-2.15387,51.393718],[-2.153877,51.393733],[-2.153879,51.39374],[-2.153881,51.393748],[-2.153882,51.39375],[-2.153884,51.393759],[-2.153886,51.393767],[-2.153889,51.393775],[-2.153889,51.393789],[-2.153896,51.393935],[-2.153902,51.394063],[-2.153904,51.394097],[-2.153907,51.394198],[-2.153912,51.394304],[-2.153926,51.394596],[-2.153934,51.394698],[-2.153941,51.394841],[-2.15394,51.394851],[-2.153935,51.394871],[-2.153931,51.39488],[-2.153926,51.394889],[-2.15392,51.394899],[-2.153907,51.394917],[-2.153899,51.394926],[-2.15389,51.394934],[-2.153871,51.394949],[-2.153862,51.394955],[-2.15385,51.394961],[-2.153846,51.394964],[-2.153835,51.39497],[-2.153823,51.394975],[-2.153798,51.394984],[-2.153778,51.394991],[-2.153749,51.394998],[-2.153727,51.395],[-2.153703,51.394999],[-2.15335,51.395006],[-2.152983,51.395013],[-2.152985,51.395027],[-2.152992,51.395073],[-2.152996,51.395181],[-2.152737,51.39519],[-2.152736,51.395385],[-2.151906,51.395399],[-2.151875,51.395098],[-2.151876,51.395041],[-2.149171,51.395089],[-2.148704,51.395101],[-2.147771,51.395115],[-2.147761,51.395114],[-2.14775,51.395113],[-2.147739,51.395112],[-2.147728,51.39511],[-2.147718,51.395109],[-2.147711,51.395107],[-2.147698,51.395103],[-2.147678,51.395096],[-2.147669,51.395092],[-2.147651,51.395081],[-2.147644,51.395076],[-2.147636,51.39507],[-2.147634,51.395067],[-2.147626,51.395061],[-2.147619,51.395054],[-2.147614,51.395046],[-2.147603,51.39503],[-2.1476,51.395023],[-2.147597,51.395016],[-2.147594,51.395008],[-2.147592,51.395],[-2.147586,51.394982],[-2.147585,51.394901],[-2.147585,51.394894],[-2.147585,51.394851],[-2.147573,51.394604],[-2.147567,51.394424],[-2.147566,51.394411],[-2.147569,51.394387],[-2.147578,51.394365],[-2.147625,51.394176],[-2.147621,51.394103],[-2.147618,51.394023],[-2.147618,51.393795],[-2.148529,51.39378]]]}},{"type":"Feature","properties":{"id":"substation-116","kind":"substation","name":"NEEPSEND 400KV S/S","voltage":"400kV","status":"C","gid":10052008,"risk":"HIGH","floodCodes":["123FWF618"],"floodNames":["River Don at Livesey Street and Club Mill Road, Owlerton"],"lng":-1.488404,"lat":53.406731},"geometry":{"type":"Polygon","coordinates":[[[-1.488004,53.406589],[-1.488333,53.406607],[-1.488979,53.40666],[-1.489023,53.406692],[-1.488969,53.406968],[-1.487961,53.406902],[-1.487962,53.406844],[-1.488004,53.406589]]]}},{"type":"Feature","properties":{"id":"substation-117","kind":"substation","name":"WEST THURROCK 400KV S/S","voltage":"400kV","status":"C","gid":10052009,"risk":"HIGH","floodCodes":["051FWCDV5B3WEST"],"floodNames":["The Thames estuary from Grays to Purfleet-on-Thames, including West Thurrock"],"lng":0.288225,"lat":51.47146},"geometry":{"type":"Polygon","coordinates":[[[0.287564,51.471928],[0.287708,51.47204],[0.288391,51.471695],[0.288424,51.471687],[0.288303,51.471587],[0.288577,51.471443],[0.289028,51.471441],[0.289296,51.471448],[0.289319,51.471466],[0.289392,51.471433],[0.289089,51.47119],[0.289106,51.471148],[0.290115,51.470657],[0.288906,51.469686],[0.286018,51.471105],[0.286,51.471173],[0.28712,51.472095],[0.287132,51.472099],[0.287456,51.471952],[0.287564,51.471928]]]}},{"type":"Feature","properties":{"id":"substation-118","kind":"substation","name":"CHESTERFIELD 275KV S/S","voltage":"275kV","status":"C","gid":10052010,"risk":"SAFE","floodCodes":[],"floodNames":[],"lng":-1.388821,"lat":53.224786},"geometry":{"type":"Polygon","coordinates":[[[-1.389662,53.224946],[-1.389625,53.224967],[-1.389226,53.225186],[-1.388601,53.225213],[-1.388586,53.225214],[-1.38857,53.225214],[-1.388552,53.225214],[-1.388534,53.225214],[-1.388504,53.225212],[-1.388477,53.225208],[-1.387904,53.22513],[-1.387972,53.224925],[-1.388131,53.224462],[-1.38834,53.223883],[-1.388344,53.223872],[-1.388377,53.223877],[-1.389692,53.224054],[-1.389863,53.224391],[-1.389793,53.224587],[-1.389662,53.224946]]]}},{"type":"Feature","properties":{"id":"substation-119","kind":"substation","name":"WILLESDEN 132KV S/S","voltage":"132kV","status":"C","gid":10052011,"risk":"SAFE","floodCodes":[],"floodNames":[],"lng":-0.25704,"lat":51.534587},"geometry":{"type":"Polygon","coordinates":[[[-0.257918,51.53493],[-0.257744,51.534886],[-0.257254,51.534761],[-0.257088,51.534719],[-0.257026,51.534703],[-0.256909,51.534674],[-0.256864,51.534662],[-0.256789,51.534642],[-0.256661,51.534609],[-0.256538,51.534577],[-0.256415,51.534545],[-0.256246,51.534501],[-0.256303,51.534415],[-0.256325,51.534381],[-0.256385,51.534291],[-0.256436,51.534304],[-0.256563,51.534337],[-0.256685,51.534368],[-0.256727,51.534379],[-0.256802,51.534399],[-0.256929,51.534431],[-0.257047,51.534461],[-0.257169,51.534492],[-0.257391,51.534549],[-0.258,51.534703],[-0.258056,51.534718],[-0.258,51.534803],[-0.257973,51.534846],[-0.257918,51.53493]]]}},{"type":"Feature","properties":{"id":"substation-120","kind":"substation","name":"KIRKBY 275KV S/S","voltage":"275kV","status":"C","gid":10052012,"risk":"SAFE","floodCodes":[],"floodNames":[],"lng":-2.84781,"lat":53.468934},"geometry":{"type":"Polygon","coordinates":[[[-2.849123,53.468382],[-2.848615,53.470338],[-2.848528,53.470333],[-2.848434,53.470374],[-2.846327,53.47018],[-2.846543,53.469349],[-2.846373,53.469242],[-2.846569,53.468577],[-2.84673,53.468484],[-2.846885,53.468036],[-2.847251,53.468067],[-2.847324,53.467813],[-2.849719,53.468028],[-2.849602,53.468425],[-2.849123,53.468382]]]}},{"type":"Feature","properties":{"id":"substation-121","kind":"substation","name":"BIRKENHEAD 275KV S/S","voltage":"275kV","status":"C","gid":10052013,"risk":"SAFE","floodCodes":[],"floodNames":[],"lng":-3.062479,"lat":53.365776},"geometry":{"type":"Polygon","coordinates":[[[-3.06363,53.366355],[-3.062728,53.366524],[-3.062651,53.366538],[-3.062622,53.366483],[-3.062526,53.366502],[-3.062449,53.366479],[-3.062445,53.366472],[-3.062416,53.366418],[-3.062263,53.366134],[-3.062219,53.366056],[-3.062077,53.365776],[-3.061834,53.365298],[-3.06186,53.365269],[-3.061867,53.365258],[-3.061881,53.365255],[-3.062132,53.365208],[-3.062137,53.36522],[-3.062581,53.365128],[-3.062596,53.365125],[-3.062805,53.365086],[-3.062745,53.364971],[-3.062908,53.364941],[-3.06363,53.366355]]]}},{"type":"Feature","properties":{"id":"substation-122","kind":"substation","name":"LEWINGDON WOOD 400KV S/S","voltage":"400kV","status":"C","gid":10052014,"risk":"SAFE","floodCodes":[],"floodNames":[],"lng":-1.163317,"lat":51.51133},"geometry":{"type":"Polygon","coordinates":[[[-1.16371,51.511395],[-1.1633,51.511615],[-1.163294,51.511653],[-1.163029,51.511798],[-1.162574,51.511483],[-1.162965,51.511261],[-1.162971,51.51125],[-1.163353,51.51104],[-1.163394,51.511031],[-1.16343,51.511031],[-1.163638,51.511172],[-1.163537,51.511232],[-1.163531,51.511265],[-1.16371,51.511395]]]}},{"type":"Feature","properties":{"id":"substation-123","kind":"substation","name":"STAYTHORPE 400KV S/S","voltage":"400kV","status":"C","gid":10052015,"risk":"HIGH","floodCodes":["034FWFTRAVRSTAY"],"floodNames":["River Trent at Averham, Staythorpe and Kelham"],"lng":-0.868753,"lat":53.077332},"geometry":{"type":"Polygon","coordinates":[[[-0.87056,53.077763],[-0.870285,53.077878],[-0.869624,53.078101],[-0.869413,53.077889],[-0.868639,53.078145],[-0.868473,53.078204],[-0.868417,53.078195],[-0.868313,53.078226],[-0.868295,53.07826],[-0.868052,53.078337],[-0.868016,53.078292],[-0.868046,53.078282],[-0.867867,53.078071],[-0.867622,53.077799],[-0.867362,53.077893],[-0.866998,53.077485],[-0.866667,53.077118],[-0.866746,53.077104],[-0.866565,53.076985],[-0.866369,53.076417],[-0.866689,53.076367],[-0.866908,53.076421],[-0.868125,53.076652],[-0.869636,53.076219],[-0.869444,53.075949],[-0.869956,53.075809],[-0.870162,53.076046],[-0.870413,53.076148],[-0.870819,53.076623],[-0.870439,53.076731],[-0.870873,53.077233],[-0.870539,53.077346],[-0.870706,53.07753],[-0.87056,53.077763]]]}},{"type":"Feature","properties":{"id":"substation-124","kind":"substation","name":"DRAKELOW 132KV S/S","voltage":"132kV","status":"C","gid":10052016,"risk":"SAFE","floodCodes":[],"floodNames":[],"lng":-1.649502,"lat":52.773384},"geometry":{"type":"Polygon","coordinates":[[[-1.650346,52.773959],[-1.650035,52.773962],[-1.649442,52.773681],[-1.649433,52.773677],[-1.649419,52.773658],[-1.649411,52.773652],[-1.649402,52.773648],[-1.649337,52.773616],[-1.649141,52.773522],[-1.649092,52.773514],[-1.647968,52.772968],[-1.647987,52.772953],[-1.647995,52.772947],[-1.648112,52.772857],[-1.648745,52.77237],[-1.649017,52.772503],[-1.650716,52.773325],[-1.650738,52.773335],[-1.650746,52.773354],[-1.650773,52.773411],[-1.650847,52.773573],[-1.650346,52.773959]]]}},{"type":"Feature","properties":{"id":"substation-125","kind":"substation","name":"FECKENHAM 400KV S/S","voltage":"400kV","status":"C","gid":10052017,"risk":"SAFE","floodCodes":[],"floodNames":[],"lng":-1.9726,"lat":52.249775},"geometry":{"type":"Polygon","coordinates":[[[-1.972668,52.249111],[-1.972935,52.249476],[-1.972979,52.249465],[-1.97302,52.249527],[-1.972976,52.249541],[-1.973559,52.25035],[-1.974059,52.250469],[-1.974277,52.250422],[-1.974312,52.250436],[-1.974805,52.251128],[-1.974622,52.251203],[-1.973134,52.251431],[-1.972706,52.251339],[-1.972345,52.25142],[-1.971919,52.250896],[-1.971617,52.250885],[-1.971408,52.250828],[-1.97128,52.250635],[-1.970391,52.249404],[-1.970467,52.249261],[-1.97092,52.249144],[-1.970891,52.249058],[-1.972333,52.248676],[-1.972365,52.248719],[-1.972431,52.248734],[-1.972634,52.248682],[-1.972645,52.248692],[-1.972682,52.24875],[-1.972588,52.248901],[-1.972624,52.248911],[-1.9727,52.24889],[-1.972832,52.24907],[-1.972668,52.249111]]]}},{"type":"Feature","properties":{"id":"substation-126","kind":"substation","name":"KEMSLEY 400KV S/S","voltage":"400kV","status":"C","gid":10052018,"risk":"HIGH","floodCodes":["064FWC1Kemsley"],"floodNames":["Coast from Kemsley to Seasalter"],"lng":0.741092,"lat":51.368538},"geometry":{"type":"Polygon","coordinates":[[[0.740274,51.367581],[0.740297,51.367623],[0.739787,51.367709],[0.73987,51.367889],[0.739692,51.367917],[0.739724,51.368002],[0.739385,51.368064],[0.73946,51.368236],[0.739326,51.36826],[0.739343,51.368461],[0.73936,51.368662],[0.739386,51.368995],[0.739619,51.369529],[0.739841,51.369588],[0.740876,51.3694],[0.741256,51.369289],[0.741622,51.369212],[0.741925,51.369188],[0.742259,51.369112],[0.742408,51.369146],[0.742586,51.369115],[0.74263,51.369035],[0.743849,51.368833],[0.744055,51.368896],[0.744286,51.368659],[0.74402,51.368044],[0.743154,51.367045],[0.740274,51.367581]]]}},{"type":"Feature","properties":{"id":"substation-127","kind":"substation","name":"KINGSNORTH 400KV S/S","voltage":"400kV","status":"C","gid":10052019,"risk":"HIGH","floodCodes":["064FWT1Medway"],"floodNames":["Tidal River Medway and Medway estuary"],"lng":0.598468,"lat":51.418664},"geometry":{"type":"Polygon","coordinates":[[[0.599408,51.41952],[0.599405,51.419468],[0.599715,51.419462],[0.599716,51.419449],[0.59971,51.41934],[0.599707,51.419305],[0.599821,51.419301],[0.599814,51.419115],[0.599811,51.41906],[0.599753,51.419062],[0.599749,51.418974],[0.599737,51.418914],[0.599731,51.41873],[0.599673,51.418643],[0.59966,51.418432],[0.599611,51.41834],[0.599598,51.418162],[0.599596,51.418146],[0.599704,51.418144],[0.599694,51.417964],[0.599335,51.417969],[0.599326,51.417775],[0.599686,51.417769],[0.599676,51.417571],[0.599318,51.417579],[0.599317,51.417561],[0.597412,51.4176],[0.59741,51.417617],[0.597125,51.417624],[0.597132,51.417819],[0.597139,51.418011],[0.597146,51.418203],[0.59715,51.41841],[0.597295,51.418407],[0.597302,51.418559],[0.596989,51.418564],[0.596992,51.418586],[0.596996,51.418698],[0.597003,51.418814],[0.597158,51.41881],[0.597165,51.418965],[0.597174,51.419156],[0.597119,51.419157],[0.59712,51.419174],[0.59706,51.419175],[0.597067,51.419299],[0.597125,51.419298],[0.597139,51.41954],[0.597493,51.419533],[0.597494,51.419556],[0.599408,51.41952]]]}},{"type":"Feature","properties":{"id":"substation-128","kind":"substation","name":"FERRYBRIDGE B 132KV S/S","voltage":"132kV","status":"C","gid":10052020,"risk":"HIGH","floodCodes":["123FWF137"],"floodNames":["River Aire at Ferrybridge"],"lng":-1.277925,"lat":53.721759},"geometry":{"type":"Polygon","coordinates":[[[-1.277111,53.721934],[-1.277317,53.721814],[-1.276719,53.721455],[-1.277212,53.72119],[-1.277345,53.721265],[-1.277378,53.721251],[-1.277427,53.721278],[-1.277494,53.721238],[-1.277936,53.721507],[-1.278222,53.721343],[-1.279611,53.722189],[-1.279329,53.722352],[-1.279728,53.722593],[-1.278931,53.723037],[-1.277111,53.721934]]]}},{"type":"Feature","properties":{"id":"substation-129","kind":"substation","name":"WEST BURTON 400KV S/S","voltage":"400kV","status":"C","gid":10052021,"risk":"LOW","floodCodes":["034FWBTRCOTTAM"],"floodNames":["River Trent at Cottam"],"lng":-0.809452,"lat":53.359232},"geometry":{"type":"Polygon","coordinates":[[[-0.810204,53.359633],[-0.809881,53.359727],[-0.808524,53.360119],[-0.808364,53.359922],[-0.80832,53.359868],[-0.807858,53.359297],[-0.807811,53.359238],[-0.807745,53.359157],[-0.807646,53.359035],[-0.809623,53.358459],[-0.810306,53.358262],[-0.810477,53.358471],[-0.810523,53.358528],[-0.810984,53.359096],[-0.811027,53.359148],[-0.811186,53.359347],[-0.810204,53.359633]]]}},{"type":"Feature","properties":{"id":"substation-130","kind":"substation","name":"SKELTON GRANGE A 275KV S/S","voltage":"275kV","status":"C","gid":10052022,"risk":"LOW","floodCodes":["123FWF177"],"floodNames":["River Aire at Knowsthorpe, Thwaite Gate and Stourton"],"lng":-1.496612,"lat":53.776624},"geometry":{"type":"Polygon","coordinates":[[[-1.496747,53.776345],[-1.496852,53.776276],[-1.496894,53.776298],[-1.496995,53.77623],[-1.497126,53.7763],[-1.497199,53.776251],[-1.497925,53.776636],[-1.496515,53.777563],[-1.495795,53.777175],[-1.495948,53.777073],[-1.49578,53.776984],[-1.49594,53.776876],[-1.496354,53.776603],[-1.496383,53.776583],[-1.496595,53.776446],[-1.496747,53.776345]]]}},{"type":"Feature","properties":{"id":"substation-131","kind":"substation","name":"EXETER 400KV S/S","voltage":"400kV","status":"C","gid":10052023,"risk":"SAFE","floodCodes":[],"floodNames":[],"lng":-3.405413,"lat":50.767295},"geometry":{"type":"Polygon","coordinates":[[[-3.407602,50.768419],[-3.406959,50.768367],[-3.405238,50.768223],[-3.404097,50.768128],[-3.40411,50.768066],[-3.402973,50.767982],[-3.402785,50.767967],[-3.402565,50.767906],[-3.402484,50.767803],[-3.402631,50.766875],[-3.402733,50.766744],[-3.402895,50.766712],[-3.403144,50.766709],[-3.403553,50.766739],[-3.404006,50.766775],[-3.404727,50.766838],[-3.404732,50.766817],[-3.404954,50.766837],[-3.405197,50.766855],[-3.405228,50.766855],[-3.405542,50.766885],[-3.406082,50.76693],[-3.406566,50.766973],[-3.406917,50.767],[-3.407146,50.767018],[-3.40743,50.76704],[-3.407447,50.767041],[-3.407731,50.767066],[-3.407753,50.767068],[-3.407785,50.767071],[-3.407801,50.767072],[-3.407879,50.767079],[-3.407732,50.76774],[-3.407602,50.768419]]]}},{"type":"Feature","properties":{"id":"substation-132","kind":"substation","name":"TYNEMOUTH 275KV S/S","voltage":"275kV","status":"C","gid":10052024,"risk":"SAFE","floodCodes":[],"floodNames":[],"lng":-1.500444,"lat":55.023706},"geometry":{"type":"Polygon","coordinates":[[[-1.501751,55.024171],[-1.500961,55.024272],[-1.501157,55.024781],[-1.500373,55.024881],[-1.50033,55.024773],[-1.500313,55.02473],[-1.500276,55.024633],[-1.50024,55.024541],[-1.500205,55.02445],[-1.500174,55.024372],[-1.500143,55.024295],[-1.500115,55.024223],[-1.500088,55.024151],[-1.500058,55.024074],[-1.500028,55.023998],[-1.50001,55.023952],[-1.499991,55.023906],[-1.499982,55.023881],[-1.499972,55.023856],[-1.499967,55.023842],[-1.499959,55.023822],[-1.499935,55.023761],[-1.499908,55.023695],[-1.499882,55.023628],[-1.499871,55.023595],[-1.499855,55.023552],[-1.49984,55.023509],[-1.499752,55.023281],[-1.49952,55.022684],[-1.499484,55.022576],[-1.499755,55.022541],[-1.500266,55.02248],[-1.500374,55.022755],[-1.501549,55.022606],[-1.501637,55.02283],[-1.501694,55.022982],[-1.501592,55.022994],[-1.501478,55.023008],[-1.501517,55.02311],[-1.501525,55.023133],[-1.501358,55.023156],[-1.501751,55.024171]]]}},{"type":"Feature","properties":{"id":"substation-133","kind":"substation","name":"EGGBOROUGH 400KV S/S","voltage":"400kV","status":"C","gid":10052025,"risk":"SAFE","floodCodes":[],"floodNames":[],"lng":-1.129483,"lat":53.713323},"geometry":{"type":"Polygon","coordinates":[[[-1.128511,53.71319],[-1.128763,53.713274],[-1.129064,53.712963],[-1.128807,53.712877],[-1.129321,53.712351],[-1.129571,53.712438],[-1.129738,53.712265],[-1.131491,53.712861],[-1.130821,53.713555],[-1.131099,53.713654],[-1.130803,53.713968],[-1.130505,53.713874],[-1.129842,53.71456],[-1.128095,53.713966],[-1.128259,53.713797],[-1.128005,53.713706],[-1.128511,53.71319]]]}},{"type":"Feature","properties":{"id":"substation-134","kind":"substation","name":"WILLESDEN 66KV S/S","voltage":"66kV","status":"C","gid":10052026,"risk":"SAFE","floodCodes":[],"floodNames":[],"lng":-0.257054,"lat":51.534963},"geometry":{"type":"Polygon","coordinates":[[[-0.25758,51.535043],[-0.25759,51.535046],[-0.257546,51.535115],[-0.257535,51.535112],[-0.257514,51.535144],[-0.257414,51.535119],[-0.257124,51.535046],[-0.257061,51.53503],[-0.257045,51.535026],[-0.256996,51.535014],[-0.256968,51.535007],[-0.256951,51.535003],[-0.256929,51.534997],[-0.256883,51.534986],[-0.256865,51.534981],[-0.256852,51.534978],[-0.256787,51.534961],[-0.256772,51.534957],[-0.256685,51.534934],[-0.256603,51.534913],[-0.256503,51.534888],[-0.256527,51.534851],[-0.256512,51.534847],[-0.25655,51.534788],[-0.256566,51.534792],[-0.25659,51.534756],[-0.256678,51.534779],[-0.256768,51.534802],[-0.256839,51.53482],[-0.257279,51.534932],[-0.257322,51.534943],[-0.257412,51.534965],[-0.257478,51.534982],[-0.257499,51.534988],[-0.257599,51.535013],[-0.257594,51.535022],[-0.25758,51.535043]]]}},{"type":"Feature","properties":{"id":"substation-135","kind":"substation","name":"BAGLAN BAY 275KV S/S","voltage":"275kV","status":"C","gid":10052027,"risk":"SAFE","floodCodes":[],"floodNames":[],"lng":-3.832449,"lat":51.616979},"geometry":{"type":"Polygon","coordinates":[[[-3.832528,51.617826],[-3.831088,51.616759],[-3.832244,51.616154],[-3.832487,51.61616],[-3.833822,51.617149],[-3.832528,51.617826]]]}},{"type":"Feature","properties":{"id":"substation-136","kind":"substation","name":"STALYBRIDGE 400KV S/S","voltage":"400kV","status":"C","gid":10052028,"risk":"HIGH","floodCodes":["013FWFGM24"],"floodNames":["River Tame, Fern Bank and Millbrook in Stalybridge"],"lng":-2.041378,"lat":53.493413},"geometry":{"type":"Polygon","coordinates":[[[-2.041648,53.492774],[-2.042122,53.492893],[-2.042227,53.49305],[-2.041907,53.493518],[-2.041797,53.493678],[-2.041682,53.493845],[-2.04122,53.494518],[-2.040262,53.494286],[-2.040697,53.493641],[-2.040806,53.493479],[-2.040965,53.493319],[-2.041088,53.493348],[-2.041147,53.49325],[-2.041455,53.49282],[-2.041648,53.492774]]]}},{"type":"Feature","properties":{"id":"substation-137","kind":"substation","name":"KEADBY 400KV S/S","voltage":"400kV","status":"C","gid":10052029,"risk":"HIGH","floodCodes":["034FWBTRKEADBY","034FWBTRCROWLE"],"floodNames":["River Trent at Keadby","River Trent at Crowle"],"lng":-0.756388,"lat":53.597834},"geometry":{"type":"Polygon","coordinates":[[[-0.759105,53.598888],[-0.757977,53.598899],[-0.753308,53.598952],[-0.753316,53.598794],[-0.753298,53.59843],[-0.753292,53.598044],[-0.75328,53.597356],[-0.753412,53.597355],[-0.753662,53.597211],[-0.754112,53.597209],[-0.755734,53.597192],[-0.756626,53.597182],[-0.757376,53.597176],[-0.757549,53.59717],[-0.757872,53.597167],[-0.758814,53.597153],[-0.759049,53.597154],[-0.759076,53.597792],[-0.759088,53.598074],[-0.759096,53.598425],[-0.759105,53.598888]]]}},{"type":"Feature","properties":{"id":"substation-138","kind":"substation","name":"LISTER DRIVE 275KV S/S","voltage":"275kV","status":"C","gid":10052030,"risk":"SAFE","floodCodes":[],"floodNames":[],"lng":-2.92438,"lat":53.41871},"geometry":{"type":"Polygon","coordinates":[[[-2.925615,53.418076],[-2.925287,53.418153],[-2.925368,53.418272],[-2.925252,53.418318],[-2.925474,53.418756],[-2.925465,53.418802],[-2.9253,53.418933],[-2.925061,53.418946],[-2.924988,53.418977],[-2.924926,53.419207],[-2.92466,53.419331],[-2.924628,53.419334],[-2.924524,53.41934],[-2.924169,53.419443],[-2.924126,53.419445],[-2.92408,53.419441],[-2.924058,53.419435],[-2.924022,53.419415],[-2.923982,53.419382],[-2.923933,53.4194],[-2.923551,53.419087],[-2.923375,53.418943],[-2.922691,53.418383],[-2.922678,53.418335],[-2.92271,53.418295],[-2.922751,53.418274],[-2.923016,53.418163],[-2.923412,53.41804],[-2.924616,53.417944],[-2.924762,53.417873],[-2.924836,53.417796],[-2.925605,53.417807],[-2.925615,53.418076]]]}},{"type":"Feature","properties":{"id":"substation-139","kind":"substation","name":"TOTTENHAM 275KV S/S","voltage":"275kV","status":"C","gid":10052031,"risk":"HIGH","floodCodes":["062FWF53PymmesC","062FWF53Enfield"],"floodNames":["Pymmes Brook at Upper Edmonton and Tottenham","Lower River Lee at Enfield"],"lng":-0.0469,"lat":51.604702},"geometry":{"type":"Polygon","coordinates":[[[-0.04584,51.606008],[-0.04549,51.605968],[-0.045716,51.605603],[-0.045576,51.605563],[-0.045692,51.605408],[-0.045737,51.605338],[-0.045907,51.605106],[-0.046063,51.604884],[-0.046519,51.604417],[-0.046618,51.604295],[-0.046705,51.604188],[-0.046706,51.604179],[-0.046748,51.604136],[-0.047502,51.603003],[-0.047937,51.60308],[-0.047789,51.603428],[-0.047613,51.60383],[-0.04759,51.603892],[-0.048237,51.604006],[-0.048548,51.604061],[-0.048673,51.60408],[-0.049782,51.604276],[-0.049626,51.604619],[-0.048379,51.6044],[-0.048211,51.60437],[-0.048081,51.604348],[-0.047338,51.604218],[-0.047089,51.604174],[-0.047068,51.6042],[-0.046918,51.604386],[-0.046883,51.604428],[-0.046704,51.60465],[-0.046644,51.604723],[-0.04663,51.604741],[-0.046593,51.604786],[-0.046384,51.605044],[-0.046362,51.605071],[-0.04633,51.60511],[-0.046296,51.605152],[-0.046225,51.605289],[-0.04614,51.605456],[-0.045981,51.605761],[-0.045915,51.605888],[-0.045859,51.605997],[-0.04584,51.606008]]]}},{"type":"Feature","properties":{"id":"substation-140","kind":"substation","name":"USKMOUTH 275KV AIS S/S","voltage":"275kV","status":"C","gid":10052032,"risk":"SAFE","floodCodes":[],"floodNames":[],"lng":-2.978296,"lat":51.547023},"geometry":{"type":"Polygon","coordinates":[[[-2.977248,51.547025],[-2.977332,51.546889],[-2.977473,51.546853],[-2.977488,51.546833],[-2.977513,51.546816],[-2.977537,51.546807],[-2.978131,51.546644],[-2.978863,51.546443],[-2.97889,51.546437],[-2.978904,51.546447],[-2.979057,51.546666],[-2.979162,51.546638],[-2.979225,51.546723],[-2.980066,51.546491],[-2.980033,51.546444],[-2.980357,51.546357],[-2.980449,51.54649],[-2.979815,51.546663],[-2.979806,51.546688],[-2.980134,51.54715],[-2.979322,51.547374],[-2.979212,51.547374],[-2.978014,51.547703],[-2.977979,51.547653],[-2.977923,51.547639],[-2.97771,51.547697],[-2.977644,51.547604],[-2.977606,51.547598],[-2.977571,51.547607],[-2.97748,51.547477],[-2.977514,51.547468],[-2.977523,51.54745],[-2.97732,51.547163],[-2.977332,51.547141],[-2.977429,51.547114],[-2.977434,51.547102],[-2.977412,51.547074],[-2.977393,51.547072],[-2.977301,51.547097],[-2.977248,51.547025]]]}},{"type":"Feature","properties":{"id":"substation-141","kind":"substation","name":"WARLEY 275KV S/S","voltage":"275kV","status":"C","gid":10052033,"risk":"SAFE","floodCodes":[],"floodNames":[],"lng":0.30092,"lat":51.552863},"geometry":{"type":"Polygon","coordinates":[[[0.302283,51.553822],[0.302403,51.551872],[0.300527,51.551834],[0.300525,51.551881],[0.300472,51.551906],[0.30044,51.552435],[0.30043,51.552659],[0.3004,51.552954],[0.300358,51.55369],[0.30046,51.553708],[0.30046,51.553769],[0.302283,51.553822]]]}},{"type":"Feature","properties":{"id":"substation-142","kind":"substation","name":"WALTHAM CROSS 275KV S/S","voltage":"275kV","status":"C","gid":10052034,"risk":"HIGH","floodCodes":["062FWF53Hoddesdn"],"floodNames":["Lower River Lee at Hoddesdon and Cheshunt"],"lng":-0.011442,"lat":51.714256},"geometry":{"type":"Polygon","coordinates":[[[-0.009575,51.714135],[-0.009506,51.714065],[-0.009978,51.713064],[-0.013665,51.713734],[-0.013176,51.714782],[-0.012949,51.714741],[-0.012404,51.714642],[-0.012361,51.714623],[-0.011654,51.714495],[-0.01102,51.714395],[-0.009575,51.714135]]]}},{"type":"Feature","properties":{"id":"substation-143","kind":"substation","name":"BRAMLEY 400KV S/S","voltage":"400kV","status":"C","gid":10052035,"risk":"SAFE","floodCodes":[],"floodNames":[],"lng":-1.077753,"lat":51.336153},"geometry":{"type":"Polygon","coordinates":[[[-1.079402,51.33662],[-1.078894,51.336693],[-1.078599,51.336737],[-1.078424,51.336763],[-1.078457,51.33685],[-1.078295,51.33687],[-1.078258,51.336772],[-1.077844,51.336835],[-1.077867,51.33689],[-1.077929,51.336882],[-1.077996,51.337082],[-1.077439,51.337167],[-1.077348,51.336906],[-1.077197,51.336928],[-1.076951,51.336945],[-1.075452,51.337167],[-1.075034,51.337229],[-1.074459,51.335679],[-1.074602,51.335664],[-1.074842,51.335632],[-1.075057,51.335603],[-1.075134,51.335594],[-1.075189,51.335586],[-1.075182,51.33557],[-1.076025,51.335446],[-1.07681,51.335334],[-1.077592,51.335222],[-1.078233,51.33513],[-1.078867,51.335039],[-1.079388,51.334966],[-1.079591,51.334936],[-1.079614,51.334929],[-1.079843,51.334896],[-1.07988,51.334912],[-1.080445,51.336432],[-1.080418,51.336458],[-1.080197,51.336492],[-1.080202,51.336505],[-1.079402,51.33662]]]}},{"type":"Feature","properties":{"id":"substation-144","kind":"substation","name":"BIRKENHEAD 132KV S/S","voltage":"132kV","status":"C","gid":10052036,"risk":"SAFE","floodCodes":[],"floodNames":[],"lng":-3.061259,"lat":53.365361},"geometry":{"type":"Polygon","coordinates":[[[-3.061015,53.366833],[-3.060226,53.365318],[-3.060814,53.36521],[-3.060742,53.36507],[-3.060886,53.365044],[-3.060922,53.36512],[-3.061159,53.365076],[-3.061121,53.365002],[-3.061242,53.364979],[-3.06128,53.365053],[-3.061512,53.365009],[-3.0615,53.364982],[-3.06155,53.364973],[-3.061634,53.365138],[-3.061602,53.365178],[-3.061631,53.365227],[-3.061688,53.365248],[-3.06238,53.366575],[-3.061015,53.366833]]]}},{"type":"Feature","properties":{"id":"substation-145","kind":"substation","name":"FECKENHAM 275KV S/S","voltage":"275kV","status":"C","gid":10052037,"risk":"SAFE","floodCodes":[],"floodNames":[],"lng":-1.973777,"lat":52.252321},"geometry":{"type":"Polygon","coordinates":[[[-1.97261,52.251933],[-1.972396,52.251431],[-1.9727,52.251381],[-1.973142,52.251465],[-1.974185,52.251299],[-1.974249,52.251445],[-1.974669,52.25138],[-1.974764,52.251606],[-1.975153,52.252528],[-1.975203,52.252644],[-1.97521,52.252657],[-1.975214,52.252668],[-1.975216,52.252679],[-1.975214,52.252691],[-1.975209,52.252701],[-1.975195,52.252713],[-1.975189,52.252718],[-1.975119,52.252744],[-1.973246,52.253287],[-1.973239,52.253267],[-1.973171,52.253268],[-1.973063,52.253015],[-1.972952,52.252753],[-1.972924,52.252698],[-1.972735,52.252235],[-1.972735,52.252233],[-1.972729,52.252226],[-1.972726,52.252221],[-1.972724,52.252216],[-1.972697,52.252139],[-1.972682,52.252104],[-1.97261,52.251933]]]}},{"type":"Feature","properties":{"id":"substation-146","kind":"substation","name":"IRON ACTON 275KV S/S","voltage":"275kV","status":"C","gid":10052038,"risk":"SAFE","floodCodes":[],"floodNames":[],"lng":-2.480163,"lat":51.569501},"geometry":{"type":"Polygon","coordinates":[[[-2.479673,51.56937],[-2.479687,51.56935],[-2.479539,51.569308],[-2.479522,51.569328],[-2.479417,51.569299],[-2.479122,51.569217],[-2.479332,51.568921],[-2.479385,51.568895],[-2.479957,51.569058],[-2.481958,51.569596],[-2.482359,51.569704],[-2.482155,51.570003],[-2.48175,51.569897],[-2.481197,51.570696],[-2.479056,51.570121],[-2.479535,51.569429],[-2.479618,51.569452],[-2.479673,51.56937]]]}},{"type":"Feature","properties":{"id":"substation-147","kind":"substation","name":"NEW CROSS 275KV S/S","voltage":"275kV","status":"C","gid":10052039,"risk":"HIGH","floodCodes":["063FWT23BermD"],"floodNames":["Tidal Thames at South Bermondsey"],"lng":-0.059621,"lat":51.484664},"geometry":{"type":"Polygon","coordinates":[[[-0.059994,51.484799],[-0.059046,51.48478],[-0.059061,51.484461],[-0.060012,51.484482],[-0.059994,51.484799]]]}},{"type":"Feature","properties":{"id":"substation-148","kind":"substation","name":"REDBRIDGE 275KV S/S","voltage":"275kV","status":"C","gid":10052040,"risk":"LOW","floodCodes":["062FWF54Redbridg"],"floodNames":["River Roding in Redbridge"],"lng":0.043091,"lat":51.588543},"geometry":{"type":"Polygon","coordinates":[[[0.043706,51.589094],[0.044027,51.588572],[0.044042,51.588536],[0.044062,51.588467],[0.044036,51.588438],[0.043968,51.588356],[0.043854,51.58831],[0.042442,51.587973],[0.042368,51.587996],[0.042034,51.588537],[0.041951,51.588671],[0.042022,51.588688],[0.042019,51.588694],[0.042121,51.588717],[0.043706,51.589094]]]}},{"type":"Feature","properties":{"id":"substation-149","kind":"substation","name":"CANTERBURY NORTH 400KV S/S","voltage":"400kV","status":"C","gid":10052041,"risk":"HIGH","floodCodes":["064FWF6Canterbury"],"floodNames":["River Great Stour at Canterbury"],"lng":1.096316,"lat":51.293692},"geometry":{"type":"Polygon","coordinates":[[[1.09523,51.293822],[1.096349,51.29469],[1.096642,51.294543],[1.096911,51.294754],[1.097987,51.294204],[1.097715,51.293991],[1.098003,51.293842],[1.096665,51.292801],[1.096581,51.292793],[1.09611,51.293032],[1.096101,51.293088],[1.09558,51.293352],[1.095523,51.29336],[1.095472,51.293357],[1.094964,51.293619],[1.09523,51.293822]]]}},{"type":"Feature","properties":{"id":"substation-150","kind":"substation","name":"DRAKELOW 400KV S/S","voltage":"400kV","status":"C","gid":10052042,"risk":"SAFE","floodCodes":[],"floodNames":[],"lng":-1.652893,"lat":52.773911},"geometry":{"type":"Polygon","coordinates":[[[-1.654954,52.773622],[-1.654146,52.774246],[-1.654067,52.774307],[-1.654032,52.774335],[-1.65358,52.774682],[-1.653159,52.775],[-1.652674,52.774772],[-1.652422,52.774657],[-1.651729,52.774326],[-1.651614,52.77427],[-1.651177,52.77406],[-1.651115,52.77403],[-1.651656,52.773614],[-1.651442,52.773512],[-1.652539,52.772669],[-1.6526,52.772623],[-1.652658,52.772581],[-1.654456,52.773381],[-1.654954,52.773622]]]}},{"type":"Feature","properties":{"id":"substation-151","kind":"substation","name":"KINGSNORTH 132KV S/S","voltage":"132kV","status":"C","gid":10052043,"risk":"HIGH","floodCodes":["064FWT1Medway"],"floodNames":["Tidal River Medway and Medway estuary"],"lng":0.596241,"lat":51.420009},"geometry":{"type":"Polygon","coordinates":[[[0.596128,51.420419],[0.596497,51.420413],[0.59649,51.420245],[0.596584,51.420243],[0.596575,51.42008],[0.596575,51.420065],[0.596679,51.420063],[0.596674,51.41995],[0.596572,51.419952],[0.596569,51.419935],[0.596563,51.41977],[0.596517,51.419771],[0.596513,51.419711],[0.596469,51.419712],[0.596464,51.419606],[0.596093,51.419612],[0.596097,51.419694],[0.595986,51.419697],[0.595989,51.419777],[0.595942,51.419762],[0.595824,51.419765],[0.595829,51.419877],[0.595814,51.419964],[0.595822,51.420145],[0.595846,51.420242],[0.595851,51.420353],[0.596007,51.420352],[0.596007,51.420338],[0.596124,51.420337],[0.596128,51.420419]]]}},{"type":"Feature","properties":{"id":"substation-152","kind":"substation","name":"MELKSHAM 132KV S/S","voltage":"132kV","status":"C","gid":10052044,"risk":"SAFE","floodCodes":[],"floodNames":[],"lng":-2.14981,"lat":51.391767},"geometry":{"type":"Polygon","coordinates":[[[-2.148568,51.392219],[-2.148485,51.392236],[-2.148445,51.391541],[-2.148492,51.391499],[-2.1494,51.391483],[-2.149399,51.391432],[-2.149637,51.391429],[-2.149639,51.391477],[-2.150031,51.391471],[-2.150027,51.391423],[-2.150264,51.391419],[-2.150267,51.391467],[-2.152297,51.39143],[-2.152329,51.39213],[-2.152326,51.392135],[-2.150844,51.392164],[-2.148717,51.392198],[-2.148657,51.392206],[-2.148568,51.392219]]]}},{"type":"Feature","properties":{"id":"substation-153","kind":"substation","name":"LADY LANE CABLE COMPOUND","voltage":"400kV","status":"C","gid":10052045,"risk":"SAFE","floodCodes":[],"floodNames":[],"lng":-2.307533,"lat":53.328047},"geometry":{"type":"Polygon","coordinates":[[[-2.307783,53.328212],[-2.307615,53.328223],[-2.307222,53.328251],[-2.307114,53.327713],[-2.307677,53.327673],[-2.307783,53.328212]]]}},{"type":"Feature","properties":{"id":"substation-154","kind":"substation","name":"LONG BUCKBY 25KV S/S","voltage":"33kV","status":"C","gid":10052046,"risk":"SAFE","floodCodes":[],"floodNames":[],"lng":-1.102285,"lat":52.286447},"geometry":{"type":"Polygon","coordinates":[[[-1.102274,52.286561],[-1.102073,52.286359],[-1.1023,52.286278],[-1.102503,52.286477],[-1.102274,52.286561]]]}},{"type":"Feature","properties":{"id":"substation-155","kind":"substation","name":"TREMORFA 275KV S/S","voltage":"275kV","status":"C","gid":10052047,"risk":"SAFE","floodCodes":[],"floodNames":[],"lng":-3.130379,"lat":51.481933},"geometry":{"type":"Polygon","coordinates":[[[-3.130529,51.481549],[-3.130345,51.48167],[-3.130668,51.481866],[-3.130758,51.481806],[-3.130895,51.481887],[-3.130798,51.481922],[-3.130704,51.481974],[-3.130613,51.482074],[-3.130146,51.482386],[-3.130103,51.482415],[-3.130063,51.482392],[-3.129585,51.482109],[-3.129589,51.481951],[-3.130359,51.481446],[-3.130529,51.481549]]]}},{"type":"Feature","properties":{"id":"substation-156","kind":"substation","name":"SALTEND NORTH 275KV S/S","voltage":"275kV","status":"C","gid":10052048,"risk":"LOW","floodCodes":["122FWT020"],"floodNames":["North Bank of the Humber estuary at Saltend"],"lng":-0.23843,"lat":53.742009},"geometry":{"type":"Polygon","coordinates":[[[-0.239217,53.7417],[-0.23896,53.742425],[-0.237894,53.742289],[-0.237869,53.742286],[-0.237802,53.742277],[-0.237747,53.74227],[-0.238031,53.741497],[-0.239132,53.741636],[-0.239217,53.7417]]]}},{"type":"Feature","properties":{"id":"substation-157","kind":"substation","name":"HUTTON 400KV S/S","voltage":"400kV","status":"C","gid":10052049,"risk":"SAFE","floodCodes":[],"floodNames":[],"lng":-2.671062,"lat":54.297368},"geometry":{"type":"Polygon","coordinates":[[[-2.671709,54.298125],[-2.671729,54.298126],[-2.671694,54.298416],[-2.670672,54.298373],[-2.670241,54.298101],[-2.670096,54.29801],[-2.669782,54.297812],[-2.669418,54.297799],[-2.66948,54.297355],[-2.670146,54.297384],[-2.670225,54.297338],[-2.67029,54.296847],[-2.670322,54.296848],[-2.670473,54.296853],[-2.670679,54.29686],[-2.670693,54.296745],[-2.670796,54.296748],[-2.67081,54.296626],[-2.671445,54.29665],[-2.671569,54.296915],[-2.67165,54.296915],[-2.671641,54.296955],[-2.671642,54.296977],[-2.671641,54.296986],[-2.671683,54.296993],[-2.671678,54.297036],[-2.671824,54.297044],[-2.671773,54.297475],[-2.671724,54.297474],[-2.671719,54.297507],[-2.671709,54.297592],[-2.671689,54.297753],[-2.67175,54.297755],[-2.671709,54.298125]]]}},{"type":"Feature","properties":{"id":"substation-158","kind":"substation","name":"WEAVER JUNCTION 25KV S/S","voltage":"25kV","status":"C","gid":10052050,"risk":"SAFE","floodCodes":[],"floodNames":[],"lng":-2.652211,"lat":53.309342},"geometry":{"type":"Polygon","coordinates":[[[-2.652367,53.309795],[-2.651857,53.309718],[-2.652026,53.309281],[-2.652112,53.309289],[-2.652144,53.309215],[-2.652068,53.30919],[-2.652205,53.308845],[-2.652754,53.308947],[-2.652367,53.309795]]]}},{"type":"Feature","properties":{"id":"substation-159","kind":"substation","name":"HENDON 132KV S/S","voltage":"132kV","status":"C","gid":10052051,"risk":"HIGH","floodCodes":["062FWF38SilkStrm"],"floodNames":["Silk Stream at Edgware and Colindale"],"lng":-0.258311,"lat":51.594818},"geometry":{"type":"Polygon","coordinates":[[[-0.258438,51.594858],[-0.258291,51.594921],[-0.258115,51.59476],[-0.258273,51.594691],[-0.258438,51.594858]]]}},{"type":"Feature","properties":{"id":"substation-160","kind":"substation","name":"DINORWIG 400KV S/S","voltage":"400kV","status":"C","gid":10052053,"risk":"SAFE","floodCodes":[],"floodNames":[],"lng":-4.100068,"lat":53.121479},"geometry":{"type":"Polygon","coordinates":[[[-4.100099,53.121507],[-4.099992,53.121479],[-4.100024,53.121438],[-4.100127,53.121463],[-4.100099,53.121507]]]}},{"type":"Feature","properties":{"id":"substation-161","kind":"substation","name":"MINETY 132KV S/S","voltage":"132kV","status":"C","gid":10052054,"risk":"SAFE","floodCodes":[],"floodNames":[],"lng":-2.001317,"lat":51.607405},"geometry":{"type":"Polygon","coordinates":[[[-2.001438,51.608188],[-2.000429,51.607987],[-2.001029,51.606786],[-2.001418,51.606853],[-2.001433,51.606858],[-2.002036,51.606976],[-2.001438,51.608188]]]}},{"type":"Feature","properties":{"id":"substation-162","kind":"substation","name":"SHREWSBURY 132KV S/S","voltage":"132kV","status":"C","gid":10052055,"risk":"SAFE","floodCodes":[],"floodNames":[],"lng":-2.692733,"lat":52.709734},"geometry":{"type":"Polygon","coordinates":[[[-2.692942,52.710004],[-2.692078,52.709724],[-2.692411,52.709327],[-2.693289,52.709608],[-2.692942,52.710004]]]}},{"type":"Feature","properties":{"id":"substation-163","kind":"substation","name":"TOTTENHAM 132KV S/S","voltage":"132kV","status":"C","gid":10052056,"risk":"HIGH","floodCodes":["062FWF53PymmesC","062FWF53Enfield"],"floodNames":["Pymmes Brook at Upper Edmonton and Tottenham","Lower River Lee at Enfield"],"lng":-0.048741,"lat":51.603875},"geometry":{"type":"Polygon","coordinates":[[[-0.04948,51.604021],[-0.048723,51.603895],[-0.048685,51.604028],[-0.048479,51.604004],[-0.048537,51.603856],[-0.047819,51.603731],[-0.047906,51.603512],[-0.049561,51.603805],[-0.04948,51.604021]]]}},{"type":"Feature","properties":{"id":"substation-164","kind":"substation","name":"RYE HOUSE 132KV S/S","voltage":"132kV","status":"C","gid":10052057,"risk":"HIGH","floodCodes":["062FWF53Hoddesdn"],"floodNames":["Lower River Lee at Hoddesdon and Cheshunt"],"lng":0.003859,"lat":51.758199},"geometry":{"type":"Polygon","coordinates":[[[0.0034,51.75757],[0.002606,51.757693],[0.003021,51.758637],[0.004415,51.758636],[0.004553,51.758611],[0.004518,51.75858],[0.004398,51.758578],[0.004324,51.75857],[0.004274,51.758543],[0.003903,51.757667],[0.003495,51.757728],[0.0034,51.75757]]]}},{"type":"Feature","properties":{"id":"substation-165","kind":"substation","name":"IVER 132KV S/S","voltage":"132kV","status":"C","gid":10052058,"risk":"HIGH","floodCodes":["062FWF28Iver"],"floodNames":["Colne Brook at Iver"],"lng":-0.498117,"lat":51.541969},"geometry":{"type":"Polygon","coordinates":[[[-0.499164,51.541865],[-0.498836,51.541898],[-0.498888,51.542084],[-0.498341,51.542141],[-0.498338,51.542132],[-0.497724,51.542192],[-0.497732,51.542221],[-0.497473,51.542249],[-0.497466,51.54222],[-0.49633,51.542335],[-0.496144,51.541633],[-0.498993,51.541343],[-0.499042,51.541382],[-0.499164,51.541865]]]}},{"type":"Feature","properties":{"id":"substation-166","kind":"substation","name":"RHIGOS 400KV S/S","voltage":"400kV","status":"C","gid":10052059,"risk":"SAFE","floodCodes":[],"floodNames":[],"lng":-3.548499,"lat":51.746941},"geometry":{"type":"Polygon","coordinates":[[[-3.548348,51.746917],[-3.54841,51.746483],[-3.548443,51.746468],[-3.548861,51.746491],[-3.548856,51.746527],[-3.548883,51.746548],[-3.549303,51.74657],[-3.549416,51.746653],[-3.549376,51.746948],[-3.548834,51.746918],[-3.5488,51.746935],[-3.548702,51.747632],[-3.548279,51.747855],[-3.547565,51.747816],[-3.547085,51.747462],[-3.547165,51.746871],[-3.548316,51.746933],[-3.548348,51.746917]]]}},{"type":"Feature","properties":{"id":"substation-167","kind":"substation","name":"HARTMOOR 66KV S/S","voltage":"66kV","status":"C","gid":10052060,"risk":"SAFE","floodCodes":[],"floodNames":[],"lng":-1.290699,"lat":54.701346},"geometry":{"type":"Polygon","coordinates":[[[-1.291176,54.70178],[-1.290584,54.701879],[-1.289982,54.700696],[-1.290578,54.700594],[-1.291176,54.70178]]]}},{"type":"Feature","properties":{"id":"substation-168","kind":"substation","name":"CHESSINGTON 132KV S/S","voltage":"132kV","status":"C","gid":10052061,"risk":"SAFE","floodCodes":[],"floodNames":[],"lng":-0.32302,"lat":51.343336},"geometry":{"type":"Polygon","coordinates":[[[-0.324041,51.344151],[-0.322095,51.343549],[-0.322064,51.343389],[-0.322436,51.342916],[-0.32251,51.342903],[-0.322573,51.34292],[-0.322723,51.342721],[-0.324699,51.343322],[-0.324041,51.344151]]]}},{"type":"Feature","properties":{"id":"substation-169","kind":"substation","name":"UPPER BOAT 132KV S/S","voltage":"132kV","status":"C","gid":10052062,"risk":"SAFE","floodCodes":[],"floodNames":[],"lng":-3.298132,"lat":51.57513},"geometry":{"type":"Polygon","coordinates":[[[-3.298141,51.575392],[-3.296593,51.575741],[-3.296241,51.575096],[-3.298076,51.574713],[-3.298402,51.574637],[-3.298672,51.574886],[-3.298575,51.574925],[-3.298738,51.575075],[-3.298831,51.575032],[-3.298882,51.575079],[-3.298302,51.575345],[-3.29816,51.575237],[-3.298099,51.575269],[-3.298141,51.575392]]]}},{"type":"Feature","properties":{"id":"substation-170","kind":"substation","name":"KEMSLEY 132KV S/S","voltage":"132kV","status":"C","gid":10052063,"risk":"LOW","floodCodes":["064FWC1Kemsley"],"floodNames":["Coast from Kemsley to Seasalter"],"lng":0.740719,"lat":51.367231},"geometry":{"type":"Polygon","coordinates":[[[0.741041,51.366999],[0.740054,51.367183],[0.740235,51.36758],[0.741227,51.367395],[0.741041,51.366999]]]}},{"type":"Feature","properties":{"id":"substation-171","kind":"substation","name":"BRADFORD WEST 400KV S/S","voltage":"400kV","status":"C","gid":10052064,"risk":"SAFE","floodCodes":[],"floodNames":[],"lng":-1.864166,"lat":53.810532},"geometry":{"type":"Polygon","coordinates":[[[-1.86426,53.810832],[-1.863971,53.810828],[-1.863697,53.810482],[-1.863974,53.810406],[-1.863829,53.810236],[-1.863937,53.810203],[-1.864411,53.81006],[-1.864916,53.810645],[-1.864409,53.810794],[-1.86426,53.810832]]]}},{"type":"Feature","properties":{"id":"substation-172","kind":"substation","name":"BREDBURY 132KV S/S","voltage":"132kV","status":"C","gid":10052065,"risk":"LOW","floodCodes":["013FWFGM31"],"floodNames":["Rivers Goyt and Mersey at Stockport"],"lng":-2.131269,"lat":53.415478},"geometry":{"type":"Polygon","coordinates":[[[-2.130977,53.414523],[-2.132331,53.414849],[-2.131675,53.415817],[-2.131595,53.415799],[-2.131566,53.415843],[-2.131496,53.415828],[-2.131441,53.41591],[-2.131412,53.415914],[-2.130251,53.415637],[-2.130235,53.415619],[-2.130977,53.414523]]]}},{"type":"Feature","properties":{"id":"substation-173","kind":"substation","name":"STELLA WEST 400KV GIS S/S","voltage":"400kV","status":"C","gid":10052066,"risk":"SAFE","floodCodes":[],"floodNames":[],"lng":-1.744672,"lat":54.97788},"geometry":{"type":"Polygon","coordinates":[[[-1.743929,54.979321],[-1.742947,54.979257],[-1.742529,54.979096],[-1.743445,54.978882],[-1.743631,54.978816],[-1.744107,54.978371],[-1.743396,54.978122],[-1.744122,54.977438],[-1.743947,54.977378],[-1.744355,54.976994],[-1.744321,54.976983],[-1.744672,54.976697],[-1.745167,54.976789],[-1.745776,54.976948],[-1.746003,54.977082],[-1.746109,54.977164],[-1.74618,54.977324],[-1.746209,54.97745],[-1.746179,54.977608],[-1.745435,54.9775],[-1.745323,54.977772],[-1.745181,54.977981],[-1.745094,54.978077],[-1.744806,54.978634],[-1.743929,54.979321]]]}},{"type":"Feature","properties":{"id":"substation-174","kind":"substation","name":"LODGE ROAD S/S 66KV","voltage":"66kV","status":"C","gid":10052067,"risk":"SAFE","floodCodes":[],"floodNames":[],"lng":-0.170504,"lat":51.528402},"geometry":{"type":"Polygon","coordinates":[[[-0.170825,51.528457],[-0.170464,51.528626],[-0.170268,51.528463],[-0.170226,51.528428],[-0.170241,51.528421],[-0.170383,51.528355],[-0.170587,51.528259],[-0.170592,51.528263],[-0.170627,51.528293],[-0.170825,51.528457]]]}},{"type":"Feature","properties":{"id":"substation-175","kind":"substation","name":"SELLINDGE 400KV S/S","voltage":"400kV","status":"C","gid":10052068,"risk":"HIGH","floodCodes":["064FWF6EastStour"],"floodNames":["East Stour from Sellinge to South Ashford"],"lng":0.972346,"lat":51.105826},"geometry":{"type":"Polygon","coordinates":[[[0.971579,51.105346],[0.971538,51.105482],[0.971753,51.105658],[0.971744,51.105673],[0.971952,51.10626],[0.972113,51.106333],[0.972721,51.106243],[0.97295,51.106342],[0.972952,51.106312],[0.972926,51.106246],[0.972865,51.106195],[0.972863,51.106164],[0.972891,51.106151],[0.9727,51.105622],[0.972543,51.105311],[0.972437,51.105067],[0.972117,51.10511],[0.971579,51.105346]]]}},{"type":"Feature","properties":{"id":"substation-176","kind":"substation","name":"RYHALL 400KV S/S","voltage":"400kV","status":"C","gid":10052401,"risk":"SAFE","floodCodes":[],"floodNames":[],"lng":-0.452663,"lat":52.688264},"geometry":{"type":"Polygon","coordinates":[[[-0.452473,52.689277],[-0.451247,52.688755],[-0.452907,52.687313],[-0.453182,52.68716],[-0.453433,52.687283],[-0.452922,52.688783],[-0.452473,52.689277]]]}},{"type":"Feature","properties":{"id":"substation-177","kind":"substation","name":"WIMBLEDON 400KV S/S","voltage":"400kV","status":"C","gid":10052070,"risk":"HIGH","floodCodes":["064FWF41Wimbledn"],"floodNames":["River Wandle at Wimbledon"],"lng":-0.188681,"lat":51.430113},"geometry":{"type":"Polygon","coordinates":[[[-0.188753,51.43008],[-0.18875,51.430165],[-0.188573,51.430164],[-0.188576,51.430077],[-0.188753,51.43008]]]}},{"type":"Feature","properties":{"id":"substation-178","kind":"substation","name":"GRAIN 11KV S/S","voltage":"11kV","status":"C","gid":10052071,"risk":"HIGH","floodCodes":["064FWT1Grain"],"floodNames":["Isle of Grain and Stoke"],"lng":0.713837,"lat":51.443191},"geometry":{"type":"Polygon","coordinates":[[[0.713034,51.442934],[0.713534,51.443345],[0.713513,51.443489],[0.713502,51.443564],[0.713491,51.443635],[0.713466,51.443806],[0.713519,51.444021],[0.713663,51.44398],[0.714454,51.443619],[0.71493,51.4434],[0.714965,51.443384],[0.715191,51.443275],[0.714374,51.442608],[0.714119,51.442504],[0.714012,51.442489],[0.713741,51.442615],[0.713648,51.442618],[0.713507,51.442684],[0.71304,51.442907],[0.713034,51.442934]]]}},{"type":"Feature","properties":{"id":"substation-179","kind":"substation","name":"MIDDLETON 400KV S/S","voltage":"400kV","status":"C","gid":10052397,"risk":"SAFE","floodCodes":[],"floodNames":[],"lng":-2.885479,"lat":54.03491},"geometry":{"type":"Polygon","coordinates":[[[-2.885885,54.035111],[-2.885328,54.035166],[-2.884949,54.035204],[-2.884858,54.034932],[-2.885224,54.034881],[-2.885133,54.03458],[-2.885817,54.034512],[-2.885899,54.0348],[-2.885812,54.034806],[-2.885885,54.035111]]]}},{"type":"Feature","properties":{"id":"substation-180","kind":"substation","name":"SIZEWELL 132KV S/S","voltage":"132kV","status":"E","gid":10052073,"risk":"LOW","floodCodes":["054FWCDV3B10","054FWFSF3A"],"floodNames":["Minsmere Marshes on the Suffolk coast","The Rivers Minsmere and Yox, from Sibton and Peasenhall to the Minsmere Levels"],"lng":1.6166,"lat":52.211558},"geometry":{"type":"Polygon","coordinates":[[[1.616112,52.211692],[1.617302,52.211643],[1.617278,52.211417],[1.616706,52.211438],[1.616094,52.211467],[1.616112,52.211692]]]}},{"type":"Feature","properties":{"id":"substation-181","kind":"substation","name":"LITTLEBROOK 400KV S/S","voltage":"400kV","status":"C","gid":10052074,"risk":"HIGH","floodCodes":["064FWT1Dartford"],"floodNames":["Dartford, Crayford and Greenhithe"],"lng":0.237573,"lat":51.4638},"geometry":{"type":"Polygon","coordinates":[[[0.23908,51.463589],[0.239224,51.463521],[0.239383,51.463447],[0.23889,51.463036],[0.238632,51.462819],[0.238408,51.462631],[0.237566,51.46296],[0.237166,51.463123],[0.23685,51.463259],[0.236283,51.463509],[0.235864,51.463696],[0.235846,51.463744],[0.236007,51.463892],[0.236155,51.46403],[0.236224,51.464095],[0.23627,51.464138],[0.236418,51.464259],[0.236874,51.46464],[0.237066,51.464552],[0.237053,51.464538],[0.237293,51.464426],[0.2374,51.464376],[0.237509,51.464325],[0.237738,51.464217],[0.237901,51.46414],[0.238072,51.464061],[0.238304,51.463954],[0.238516,51.463855],[0.238774,51.463732],[0.23893,51.463659],[0.23908,51.463589]]]}},{"type":"Feature","properties":{"id":"substation-182","kind":"substation","name":"WHITSON 275KV S/S","voltage":"275kV","status":"C","gid":10052075,"risk":"SAFE","floodCodes":[],"floodNames":[],"lng":-2.908862,"lat":51.564924},"geometry":{"type":"Polygon","coordinates":[[[-2.907342,51.565624],[-2.907212,51.565629],[-2.90704,51.565635],[-2.90691,51.564145],[-2.907417,51.564126],[-2.907415,51.564098],[-2.907911,51.56408],[-2.908615,51.564055],[-2.90862,51.56408],[-2.909835,51.564036],[-2.910185,51.564029],[-2.910314,51.565407],[-2.910338,51.565424],[-2.910406,51.565471],[-2.910409,51.565508],[-2.910384,51.565523],[-2.910372,51.56553],[-2.9103,51.56553],[-2.907342,51.565624]]]}},{"type":"Feature","properties":{"id":"substation-183","kind":"substation","name":"AXMINSTER 132KV S/S","voltage":"132kV","status":"C","gid":10052076,"risk":"SAFE","floodCodes":[],"floodNames":[],"lng":-2.924376,"lat":50.786987},"geometry":{"type":"Polygon","coordinates":[[[-2.923617,50.786733],[-2.925168,50.786769],[-2.925159,50.786827],[-2.92512,50.78745],[-2.923572,50.787412],[-2.923617,50.786733]]]}},{"type":"Feature","properties":{"id":"substation-184","kind":"substation","name":"NORTH HINKSEY 400KV CABLE COMPOUND","voltage":"400kV","status":"C","gid":10052077,"risk":"HIGH","floodCodes":["061FWF23NwBotley"],"floodNames":["River Thames and tributaries at New Botley, New Hinksey, North Hinksey, South Hinksey and Grandpont"],"lng":-1.278926,"lat":51.748488},"geometry":{"type":"Polygon","coordinates":[[[-1.278857,51.748214],[-1.278933,51.748191],[-1.27931,51.748269],[-1.279349,51.748323],[-1.279085,51.748802],[-1.279005,51.74883],[-1.278628,51.748752],[-1.278591,51.748696],[-1.278649,51.748591],[-1.278857,51.748214]]]}},{"type":"Feature","properties":{"id":"substation-185","kind":"substation","name":"NEWHOUSE 400KV S/S","voltage":"400kV","status":"C","gid":10052078,"risk":"SAFE","floodCodes":[],"floodNames":[],"lng":-2.669048,"lat":51.61093},"geometry":{"type":"Polygon","coordinates":[[[-2.669402,51.611171],[-2.668815,51.611127],[-2.668658,51.611014],[-2.668682,51.610895],[-2.668861,51.610907],[-2.669044,51.610562],[-2.669521,51.61059],[-2.669402,51.611171]]]}},{"type":"Feature","properties":{"id":"substation-186","kind":"substation","name":"SEABANK 400KV S/S","voltage":"400kV","status":"C","gid":10052079,"risk":"HIGH","floodCodes":["112FWTAVN02"],"floodNames":["Severn Estuary at Avonmouth"],"lng":-2.66973,"lat":51.536924},"geometry":{"type":"Polygon","coordinates":[[[-2.670814,51.536823],[-2.670088,51.537705],[-2.66911,51.537388],[-2.669525,51.536884],[-2.669513,51.536861],[-2.66915,51.536744],[-2.669134,51.536711],[-2.669418,51.536375],[-2.670814,51.536823]]]}},{"type":"Feature","properties":{"id":"substation-187","kind":"substation","name":"HARTMOOR 275KV S/S","voltage":"275kV","status":"C","gid":10052080,"risk":"SAFE","floodCodes":[],"floodNames":[],"lng":-1.291821,"lat":54.700856},"geometry":{"type":"Polygon","coordinates":[[[-1.293093,54.700839],[-1.291975,54.701019],[-1.292043,54.701183],[-1.291492,54.701264],[-1.291454,54.701189],[-1.291438,54.701156],[-1.291422,54.701126],[-1.291409,54.701099],[-1.291394,54.70107],[-1.29138,54.701041],[-1.291373,54.701028],[-1.291367,54.701017],[-1.291364,54.701009],[-1.291352,54.700991],[-1.291344,54.700976],[-1.291338,54.700966],[-1.290938,54.700201],[-1.292336,54.699966],[-1.292632,54.699916],[-1.292771,54.70019],[-1.293051,54.700755],[-1.293093,54.700839]]]}},{"type":"Feature","properties":{"id":"substation-188","kind":"substation","name":"HAWTHORN PIT 275KV S/S","voltage":"275kV","status":"C","gid":10052081,"risk":"SAFE","floodCodes":[],"floodNames":[],"lng":-1.404836,"lat":54.804929},"geometry":{"type":"Polygon","coordinates":[[[-1.403292,54.804916],[-1.403703,54.804777],[-1.404514,54.804505],[-1.404918,54.804356],[-1.404963,54.804341],[-1.405336,54.804215],[-1.405612,54.804122],[-1.405654,54.804108],[-1.405811,54.804054],[-1.406853,54.80506],[-1.406013,54.805349],[-1.405623,54.805485],[-1.405465,54.80554],[-1.404111,54.806017],[-1.403885,54.805797],[-1.404136,54.805713],[-1.403869,54.805452],[-1.403292,54.804916]]]}},{"type":"Feature","properties":{"id":"substation-189","kind":"substation","name":"NURSLING 400KV S/S","voltage":"400kV","status":"C","gid":10052082,"risk":"SAFE","floodCodes":[],"floodNames":[],"lng":-1.486755,"lat":50.94248},"geometry":{"type":"Polygon","coordinates":[[[-1.486172,50.943247],[-1.486191,50.942642],[-1.48557,50.942636],[-1.485572,50.942541],[-1.485589,50.941864],[-1.485591,50.941757],[-1.487175,50.941756],[-1.487719,50.941756],[-1.487711,50.942378],[-1.487491,50.942379],[-1.487427,50.942411],[-1.487428,50.942418],[-1.487427,50.942503],[-1.487424,50.942882],[-1.487423,50.943257],[-1.486172,50.943247]]]}},{"type":"Feature","properties":{"id":"substation-190","kind":"substation","name":"ELSTREE 132KV S/S","voltage":"132kV","status":"C","gid":10052083,"risk":"LOW","floodCodes":["062FWF28Watford"],"floodNames":["River Colne at Watford"],"lng":-0.342643,"lat":51.66006},"geometry":{"type":"Polygon","coordinates":[[[-0.344007,51.659335],[-0.343912,51.65938],[-0.344089,51.659522],[-0.343909,51.65961],[-0.343985,51.65967],[-0.343671,51.659821],[-0.34368,51.659829],[-0.343382,51.659972],[-0.343338,51.659992],[-0.342899,51.660193],[-0.342791,51.660223],[-0.342692,51.660291],[-0.34257,51.660353],[-0.342441,51.660425],[-0.342258,51.660514],[-0.342038,51.66062],[-0.341888,51.660692],[-0.341895,51.660697],[-0.341714,51.660786],[-0.341696,51.660798],[-0.341299,51.660989],[-0.341219,51.661026],[-0.341016,51.660863],[-0.340884,51.660926],[-0.340349,51.660489],[-0.340857,51.660248],[-0.342978,51.659222],[-0.342895,51.659157],[-0.343306,51.658959],[-0.343387,51.659025],[-0.34353,51.658956],[-0.344007,51.659335]]]}},{"type":"Feature","properties":{"id":"substation-191","kind":"substation","name":"WEST BOLDON 275KV S/S","voltage":"275kV","status":"C","gid":10052084,"risk":"SAFE","floodCodes":[],"floodNames":[],"lng":-1.470062,"lat":54.939993},"geometry":{"type":"Polygon","coordinates":[[[-1.469448,54.939335],[-1.469482,54.939318],[-1.469822,54.939367],[-1.469801,54.939415],[-1.470861,54.939561],[-1.470903,54.939442],[-1.471168,54.939478],[-1.471183,54.939448],[-1.471448,54.939486],[-1.470912,54.940709],[-1.470859,54.940738],[-1.470807,54.940749],[-1.470719,54.94075],[-1.470485,54.94071],[-1.469153,54.940522],[-1.469144,54.940484],[-1.469068,54.940428],[-1.46907,54.940407],[-1.469099,54.940332],[-1.46928,54.939923],[-1.469196,54.93991],[-1.469448,54.939335]]]}},{"type":"Feature","properties":{"id":"substation-192","kind":"substation","name":"ALVERDISCOTT 400KV S/S","voltage":"400kV","status":"C","gid":10052085,"risk":"SAFE","floodCodes":[],"floodNames":[],"lng":-4.136636,"lat":51.006236},"geometry":{"type":"Polygon","coordinates":[[[-4.136514,51.006422],[-4.136467,51.006436],[-4.13591,51.006382],[-4.136046,51.00576],[-4.136146,51.005359],[-4.137004,51.005447],[-4.137024,51.005449],[-4.136819,51.006336],[-4.136815,51.006345],[-4.136811,51.006353],[-4.136806,51.00636],[-4.136798,51.006367],[-4.136788,51.006374],[-4.136778,51.00638],[-4.136768,51.006384],[-4.136757,51.006387],[-4.136743,51.006389],[-4.136699,51.00639],[-4.13667,51.006389],[-4.136642,51.006388],[-4.136613,51.006385],[-4.136603,51.006384],[-4.136519,51.006376],[-4.136514,51.006422]]]}},{"type":"Feature","properties":{"id":"substation-193","kind":"substation","name":"GRENDON 400KV S/S","voltage":"400kV","status":"C","gid":10052087,"risk":"HIGH","floodCodes":["055FWFPMNE01"],"floodNames":["Isolated properties near the River Nene from Cogenhoe to Great Doddington"],"lng":-0.727807,"lat":52.242884},"geometry":{"type":"Polygon","coordinates":[[[-0.72716,52.242162],[-0.727171,52.24216],[-0.727239,52.242149],[-0.727257,52.242146],[-0.72727,52.242144],[-0.727279,52.242142],[-0.727317,52.242135],[-0.728761,52.241898],[-0.729736,52.241749],[-0.730511,52.24361],[-0.730695,52.244044],[-0.72808,52.244466],[-0.727859,52.243932],[-0.727854,52.243919],[-0.72774,52.243632],[-0.727709,52.24355],[-0.727641,52.243368],[-0.727601,52.243353],[-0.727578,52.243344],[-0.727573,52.243332],[-0.727557,52.243295],[-0.727595,52.243254],[-0.727552,52.243139],[-0.727489,52.242971],[-0.727306,52.242522],[-0.727257,52.242401],[-0.72725,52.242384],[-0.727202,52.242263],[-0.72716,52.242162]]]}},{"type":"Feature","properties":{"id":"substation-194","kind":"substation","name":"IVER 400KV S/S","voltage":"400kV","status":"C","gid":10052088,"risk":"LOW","floodCodes":["062FWF28Willow","062FWF28Iver"],"floodNames":["River Colne at Willowbank","Colne Brook at Iver"],"lng":-0.498742,"lat":51.544138},"geometry":{"type":"Polygon","coordinates":[[[-0.497565,51.544226],[-0.497511,51.544011],[-0.500141,51.543743],[-0.500196,51.543959],[-0.499999,51.543979],[-0.499414,51.5444],[-0.498531,51.54449],[-0.497758,51.544206],[-0.497565,51.544226]]]}},{"type":"Feature","properties":{"id":"substation-195","kind":"substation","name":"GRANGE 66KV S/S","voltage":"66kV","status":"C","gid":10052089,"risk":"SAFE","floodCodes":[],"floodNames":[],"lng":-3.754111,"lat":51.55997},"geometry":{"type":"Polygon","coordinates":[[[-3.754125,51.560487],[-3.754077,51.560496],[-3.753668,51.559812],[-3.7536,51.55969],[-3.753572,51.559647],[-3.754032,51.559539],[-3.754061,51.559532],[-3.754081,51.559567],[-3.754183,51.559753],[-3.754213,51.559804],[-3.754291,51.55994],[-3.754319,51.559989],[-3.754404,51.560134],[-3.754472,51.56025],[-3.754555,51.560392],[-3.754125,51.560487]]]}},{"type":"Feature","properties":{"id":"substation-196","kind":"substation","name":"PELHAM 400KV S/S","voltage":"400kV","status":"C","gid":10052090,"risk":"SAFE","floodCodes":[],"floodNames":[],"lng":0.118565,"lat":51.935016},"geometry":{"type":"Polygon","coordinates":[[[0.117505,51.936437],[0.118075,51.936439],[0.118085,51.93682],[0.118131,51.93682],[0.118135,51.936827],[0.118141,51.936831],[0.118153,51.936836],[0.118169,51.93684],[0.118257,51.936843],[0.118287,51.936843],[0.118488,51.936834],[0.118506,51.936826],[0.118515,51.936818],[0.11861,51.936817],[0.118689,51.936873],[0.118722,51.936894],[0.118759,51.936911],[0.118772,51.936915],[0.1188,51.936922],[0.118828,51.936927],[0.118866,51.936931],[0.118917,51.936935],[0.119041,51.936933],[0.119457,51.936933],[0.119726,51.936923],[0.119799,51.936908],[0.119852,51.936886],[0.119893,51.936856],[0.119918,51.936824],[0.119928,51.936791],[0.119933,51.9363],[0.119927,51.935483],[0.119905,51.934245],[0.119899,51.933496],[0.1199,51.933461],[0.119896,51.933434],[0.119887,51.933411],[0.119873,51.93339],[0.11986,51.933378],[0.11983,51.933359],[0.119812,51.933352],[0.119784,51.933341],[0.119753,51.933335],[0.119744,51.933334],[0.11955,51.933333],[0.119508,51.933332],[0.119117,51.933332],[0.118916,51.933332],[0.118798,51.933332],[0.118766,51.933331],[0.118733,51.933331],[0.1183,51.933336],[0.118026,51.933336],[0.117712,51.933338],[0.117683,51.933337],[0.117667,51.933337],[0.117612,51.933344],[0.117583,51.933349],[0.117556,51.933357],[0.11753,51.933369],[0.117517,51.933379],[0.117495,51.933401],[0.117473,51.933431],[0.117466,51.933451],[0.117461,51.933475],[0.117463,51.933482],[0.117463,51.933702],[0.11747,51.934009],[0.117522,51.934009],[0.11752,51.934233],[0.117531,51.934477],[0.117527,51.934693],[0.117529,51.934861],[0.11753,51.934943],[0.117535,51.935168],[0.117534,51.935213],[0.117534,51.935963],[0.117506,51.935982],[0.117505,51.936437]]]}},{"type":"Feature","properties":{"id":"substation-197","kind":"substation","name":"NORWICH 400KV S/S","voltage":"400kV","status":"C","gid":10052091,"risk":"SAFE","floodCodes":[],"floodNames":[],"lng":1.272508,"lat":52.57428},"geometry":{"type":"Polygon","coordinates":[[[1.273635,52.574653],[1.274308,52.574568],[1.27379,52.572935],[1.27263,52.573066],[1.272433,52.57309],[1.271838,52.573162],[1.271025,52.573262],[1.270173,52.573358],[1.270563,52.574551],[1.27074,52.575121],[1.272117,52.574957],[1.272268,52.574913],[1.272965,52.574842],[1.273016,52.574991],[1.273147,52.574976],[1.273135,52.575008],[1.273718,52.574933],[1.273635,52.574653]]]}},{"type":"Feature","properties":{"id":"substation-198","kind":"substation","name":"WEST MELTON 132KV S/S","voltage":"132kV","status":"C","gid":10052092,"risk":"SAFE","floodCodes":[],"floodNames":[],"lng":-1.378371,"lat":53.501852},"geometry":{"type":"Polygon","coordinates":[[[-1.379645,53.500941],[-1.379346,53.501441],[-1.379238,53.501624],[-1.379087,53.501867],[-1.37899,53.502043],[-1.378766,53.502417],[-1.378616,53.502683],[-1.378407,53.503028],[-1.377343,53.502806],[-1.377388,53.502662],[-1.37741,53.502618],[-1.377444,53.502563],[-1.377566,53.502361],[-1.377737,53.502077],[-1.377868,53.501831],[-1.378017,53.501572],[-1.378134,53.501374],[-1.378179,53.501304],[-1.378339,53.501048],[-1.378466,53.500835],[-1.378541,53.500708],[-1.379645,53.500941]]]}},{"type":"Feature","properties":{"id":"substation-199","kind":"substation","name":"OFFERTON 275KV S/S","voltage":"275kV","status":"C","gid":10052093,"risk":"SAFE","floodCodes":[],"floodNames":[],"lng":-1.457965,"lat":54.880862},"geometry":{"type":"Polygon","coordinates":[[[-1.457924,54.881157],[-1.457334,54.880752],[-1.458029,54.880421],[-1.458613,54.880824],[-1.457924,54.881157]]]}},{"type":"Feature","properties":{"id":"substation-200","kind":"substation","name":"ELLAND 132KV S/S","voltage":"132kV","status":"C","gid":10052094,"risk":"HIGH","floodCodes":["123FWF323"],"floodNames":["River Calder at Elland - Saddleworth Road to Lowfields Business Park"],"lng":-1.822571,"lat":53.695056},"geometry":{"type":"Polygon","coordinates":[[[-1.822785,53.694546],[-1.82438,53.694299],[-1.824687,53.694929],[-1.823672,53.695101],[-1.823661,53.695081],[-1.82299,53.695194],[-1.823002,53.695222],[-1.822489,53.695307],[-1.822479,53.695283],[-1.820959,53.695541],[-1.820921,53.695465],[-1.820687,53.695333],[-1.820496,53.694939],[-1.822785,53.694546]]]}},{"type":"Feature","properties":{"id":"substation-201","kind":"substation","name":"STAYTHORPE 1C 132KV S/S","voltage":"132kV","status":"C","gid":10052095,"risk":"HIGH","floodCodes":["034FWFTRAVRSTAY"],"floodNames":["River Trent at Averham, Staythorpe and Kelham"],"lng":-0.865613,"lat":53.077001},"geometry":{"type":"Polygon","coordinates":[[[-0.866561,53.076983],[-0.866551,53.076984],[-0.865844,53.077068],[-0.865768,53.077077],[-0.8657,53.077085],[-0.865328,53.077135],[-0.865217,53.077149],[-0.865205,53.077151],[-0.864844,53.077197],[-0.864599,53.077122],[-0.864439,53.07666],[-0.866354,53.076416],[-0.866561,53.076983]]]}},{"type":"Feature","properties":{"id":"substation-202","kind":"substation","name":"TEMPLEBOROUGH 275KV S/S","voltage":"275kV","status":"C","gid":10052096,"risk":"SAFE","floodCodes":[],"floodNames":[],"lng":-1.385843,"lat":53.412069},"geometry":{"type":"Polygon","coordinates":[[[-1.385051,53.412477],[-1.384781,53.412047],[-1.385036,53.411989],[-1.384958,53.411864],[-1.385699,53.4117],[-1.385976,53.411638],[-1.386337,53.411558],[-1.386419,53.411689],[-1.386605,53.411647],[-1.386865,53.412061],[-1.386681,53.412102],[-1.386764,53.412234],[-1.386358,53.412326],[-1.386063,53.412391],[-1.385383,53.412544],[-1.385305,53.41242],[-1.385051,53.412477]]]}},{"type":"Feature","properties":{"id":"substation-203","kind":"substation","name":"WATFORD SOUTH 275KV S/S","voltage":"275kV","status":"C","gid":10052097,"risk":"HIGH","floodCodes":["062FWF28Watford"],"floodNames":["River Colne at Watford"],"lng":-0.404137,"lat":51.64296},"geometry":{"type":"Polygon","coordinates":[[[-0.403658,51.643617],[-0.403005,51.643219],[-0.40305,51.643171],[-0.403052,51.64313],[-0.403629,51.64277],[-0.403714,51.642705],[-0.404166,51.642419],[-0.404539,51.64242],[-0.404744,51.642544],[-0.404873,51.642621],[-0.405099,51.642758],[-0.405103,51.642969],[-0.405194,51.643022],[-0.404576,51.643418],[-0.403658,51.643617]]]}},{"type":"Feature","properties":{"id":"substation-204","kind":"substation","name":"SUNDON 400KV S/S","voltage":"400kV","status":"C","gid":10052098,"risk":"SAFE","floodCodes":[],"floodNames":[],"lng":-0.503464,"lat":51.937033},"geometry":{"type":"Polygon","coordinates":[[[-0.504527,51.937105],[-0.504672,51.937367],[-0.504772,51.937574],[-0.504748,51.937579],[-0.504813,51.937718],[-0.504814,51.937722],[-0.504815,51.937726],[-0.504815,51.93773],[-0.504815,51.937733],[-0.504815,51.937737],[-0.504814,51.937741],[-0.504814,51.937745],[-0.504813,51.937749],[-0.504812,51.937753],[-0.504809,51.937761],[-0.504807,51.937765],[-0.504804,51.937772],[-0.504802,51.937776],[-0.504799,51.937779],[-0.504797,51.937783],[-0.504794,51.937787],[-0.504791,51.93779],[-0.504788,51.937793],[-0.504785,51.937797],[-0.504781,51.9378],[-0.504777,51.937803],[-0.504774,51.937806],[-0.504765,51.937812],[-0.50476,51.937814],[-0.504755,51.937817],[-0.50475,51.937819],[-0.504745,51.937822],[-0.504729,51.937828],[-0.504723,51.937829],[-0.504717,51.937831],[-0.504711,51.937832],[-0.504699,51.937834],[-0.504693,51.937835],[-0.504254,51.937921],[-0.504251,51.937922],[-0.504248,51.937923],[-0.504245,51.937923],[-0.504242,51.937924],[-0.504239,51.937924],[-0.504236,51.937925],[-0.504233,51.937925],[-0.504085,51.937959],[-0.504064,51.937964],[-0.503604,51.938053],[-0.503597,51.938054],[-0.50359,51.938055],[-0.503583,51.938055],[-0.503576,51.938056],[-0.503569,51.938056],[-0.503555,51.938057],[-0.503548,51.938057],[-0.503541,51.938057],[-0.503534,51.938057],[-0.503527,51.938056],[-0.50352,51.938056],[-0.503513,51.938056],[-0.503506,51.938055],[-0.50348,51.93805],[-0.503442,51.938038],[-0.503429,51.938033],[-0.503417,51.938028],[-0.5034,51.938018],[-0.503391,51.938011],[-0.503368,51.937995],[-0.503336,51.937954],[-0.503323,51.937924],[-0.503096,51.937976],[-0.503078,51.937982],[-0.503049,51.93799],[-0.50303,51.937995],[-0.502997,51.938],[-0.502973,51.938003],[-0.502923,51.938006],[-0.502891,51.938009],[-0.502859,51.938009],[-0.502828,51.938006],[-0.5028,51.937998],[-0.502772,51.937988],[-0.502748,51.937975],[-0.502724,51.937959],[-0.502687,51.937921],[-0.502669,51.937899],[-0.502652,51.937877],[-0.502639,51.937854],[-0.50261,51.937801],[-0.502566,51.937705],[-0.502423,51.937433],[-0.502178,51.936971],[-0.502101,51.936831],[-0.501193,51.935095],[-0.501189,51.935077],[-0.501188,51.93506],[-0.50119,51.935042],[-0.501194,51.935026],[-0.5012,51.93501],[-0.501209,51.934995],[-0.50122,51.934982],[-0.501233,51.934969],[-0.501251,51.934957],[-0.501275,51.934948],[-0.501303,51.934942],[-0.501369,51.934926],[-0.501395,51.934918],[-0.501423,51.934911],[-0.501471,51.934903],[-0.50189,51.934818],[-0.501947,51.934807],[-0.502202,51.934747],[-0.502656,51.93466],[-0.50293,51.934609],[-0.502948,51.934608],[-0.502971,51.934607],[-0.502981,51.934606],[-0.503014,51.934592],[-0.503048,51.934588],[-0.503081,51.934591],[-0.503117,51.934596],[-0.503145,51.934603],[-0.503169,51.934616],[-0.503192,51.934629],[-0.503239,51.934673],[-0.503245,51.934685],[-0.503851,51.935829],[-0.503911,51.935911],[-0.504073,51.936228],[-0.50417,51.93643],[-0.504208,51.936509],[-0.504527,51.937105]]]}},{"type":"Feature","properties":{"id":"substation-205","kind":"substation","name":"CHICKERELL 400KV S/S","voltage":"400kV","status":"C","gid":10052099,"risk":"SAFE","floodCodes":[],"floodNames":[],"lng":-2.486369,"lat":50.624369},"geometry":{"type":"Polygon","coordinates":[[[-2.484748,50.6243],[-2.485758,50.624274],[-2.485706,50.623377],[-2.486234,50.623365],[-2.486285,50.624134],[-2.487507,50.62411],[-2.487516,50.624229],[-2.488238,50.624219],[-2.488268,50.624658],[-2.488286,50.625026],[-2.487898,50.625032],[-2.484792,50.625103],[-2.484783,50.624906],[-2.484761,50.624508],[-2.484748,50.6243]]]}},{"type":"Feature","properties":{"id":"substation-206","kind":"substation","name":"BRIMSDOWN 275KV S/S","voltage":"275kV","status":"C","gid":10052100,"risk":"HIGH","floodCodes":["062FWF53Enfield"],"floodNames":["Lower River Lee at Enfield"],"lng":-0.023505,"lat":51.664661},"geometry":{"type":"Polygon","coordinates":[[[-0.022677,51.664784],[-0.022483,51.664452],[-0.023455,51.663976],[-0.023889,51.66429],[-0.023897,51.664291],[-0.023902,51.664293],[-0.02391,51.664289],[-0.024097,51.664438],[-0.024174,51.664501],[-0.024107,51.664497],[-0.024063,51.664522],[-0.024003,51.664556],[-0.02394,51.664593],[-0.023863,51.664638],[-0.023797,51.664679],[-0.023742,51.664713],[-0.023693,51.664744],[-0.02364,51.66478],[-0.023599,51.664808],[-0.023554,51.664839],[-0.023505,51.664876],[-0.023461,51.664906],[-0.023443,51.664921],[-0.02341,51.664945],[-0.023368,51.664978],[-0.023305,51.664929],[-0.023259,51.664893],[-0.023247,51.664882],[-0.023233,51.664889],[-0.023069,51.664756],[-0.022948,51.664651],[-0.02288,51.664684],[-0.022865,51.664691],[-0.022677,51.664784]]]}},{"type":"Feature","properties":{"id":"substation-207","kind":"substation","name":"CARRINGTON 275KV S/S","voltage":"275kV","status":"C","gid":10052101,"risk":"LOW","floodCodes":["013FWFGM40"],"floodNames":["River Mersey at Flixton Village"],"lng":-2.402101,"lat":53.434551},"geometry":{"type":"Polygon","coordinates":[[[-2.400688,53.434685],[-2.400124,53.434538],[-2.400043,53.434419],[-2.400567,53.433722],[-2.400777,53.433672],[-2.401305,53.433811],[-2.401623,53.433404],[-2.402935,53.433745],[-2.403011,53.43365],[-2.403859,53.433643],[-2.403945,53.433664],[-2.403877,53.433884],[-2.404206,53.433966],[-2.404277,53.434103],[-2.40393,53.434199],[-2.403754,53.434515],[-2.403554,53.434474],[-2.402857,53.435457],[-2.402131,53.435602],[-2.401752,53.435502],[-2.401653,53.435628],[-2.401554,53.43561],[-2.401642,53.435467],[-2.401253,53.435373],[-2.401194,53.435439],[-2.400844,53.435357],[-2.400793,53.435208],[-2.400688,53.434685]]]}},{"type":"Feature","properties":{"id":"substation-208","kind":"substation","name":"IVER 275KV S/S","voltage":"275kV","status":"C","gid":10052102,"risk":"HIGH","floodCodes":["062FWF28Willow","062FWF28Iver"],"floodNames":["River Colne at Willowbank","Colne Brook at Iver"],"lng":-0.497806,"lat":51.542963},"geometry":{"type":"Polygon","coordinates":[[[-0.496187,51.54413],[-0.496082,51.543728],[-0.495849,51.543751],[-0.495651,51.542997],[-0.495703,51.542991],[-0.495669,51.542856],[-0.496484,51.542772],[-0.496467,51.542703],[-0.496488,51.542595],[-0.496996,51.542545],[-0.49714,51.54253],[-0.498564,51.542385],[-0.498717,51.54237],[-0.499325,51.542309],[-0.499403,51.542351],[-0.499498,51.542702],[-0.499666,51.542686],[-0.499716,51.54288],[-0.49982,51.542869],[-0.499874,51.543075],[-0.499938,51.543069],[-0.500114,51.543729],[-0.496187,51.54413]]]}},{"type":"Feature","properties":{"id":"substation-209","kind":"substation","name":"NORTH HYDE 275KV S/S","voltage":"275kV","status":"C","gid":10052103,"risk":"LOW","floodCodes":["062FWF36Southall"],"floodNames":["River Crane at Southall"],"lng":-0.411138,"lat":51.499899},"geometry":{"type":"Polygon","coordinates":[[[-0.411187,51.499534],[-0.411822,51.499643],[-0.411953,51.499872],[-0.411789,51.500251],[-0.411744,51.500367],[-0.41132,51.500296],[-0.410039,51.500079],[-0.410016,51.500044],[-0.410327,51.499375],[-0.411187,51.499534]]]}},{"type":"Feature","properties":{"id":"substation-210","kind":"substation","name":"FAWLEY 132KV S/S","voltage":"132kV","status":"C","gid":10052104,"risk":"HIGH","floodCodes":["065FWC0201"],"floodNames":["Fawley"],"lng":-1.32981,"lat":50.821021},"geometry":{"type":"Polygon","coordinates":[[[-1.330422,50.821834],[-1.329828,50.821335],[-1.329506,50.82108],[-1.3288,50.820467],[-1.329434,50.820172],[-1.32956,50.820283],[-1.329239,50.820434],[-1.329823,50.820922],[-1.330141,50.821184],[-1.330735,50.821685],[-1.330422,50.821834]]]}},{"type":"Feature","properties":{"id":"substation-211","kind":"substation","name":"PEMBROKE 400KV S/S","voltage":"400kV","status":"C","gid":10052105,"risk":"SAFE","floodCodes":[],"floodNames":[],"lng":-4.990331,"lat":51.682166},"geometry":{"type":"Polygon","coordinates":[[[-4.988857,51.682747],[-4.988842,51.681547],[-4.990137,51.681541],[-4.990133,51.68132],[-4.99076,51.681316],[-4.990766,51.681538],[-4.992037,51.681527],[-4.992055,51.682733],[-4.990762,51.682743],[-4.990761,51.682826],[-4.990169,51.682829],[-4.990166,51.682744],[-4.988857,51.682747]]]}},{"type":"Feature","properties":{"id":"substation-212","kind":"substation","name":"SWANSEA NORTH 275KV S/S","voltage":"275kV","status":"C","gid":10052106,"risk":"SAFE","floodCodes":[],"floodNames":[],"lng":-3.959422,"lat":51.682694},"geometry":{"type":"Polygon","coordinates":[[[-3.959467,51.682024],[-3.959817,51.682186],[-3.960023,51.682293],[-3.960202,51.682386],[-3.960218,51.682392],[-3.96029,51.682427],[-3.960313,51.68244],[-3.960336,51.682454],[-3.960351,51.682465],[-3.960356,51.682469],[-3.960279,51.682536],[-3.960405,51.6826],[-3.960389,51.682614],[-3.960369,51.682632],[-3.960347,51.682651],[-3.960181,51.682793],[-3.960072,51.682886],[-3.960015,51.682936],[-3.959915,51.683021],[-3.959868,51.683062],[-3.959847,51.68308],[-3.959837,51.683088],[-3.95981,51.683112],[-3.959755,51.683159],[-3.959748,51.683165],[-3.959648,51.683237],[-3.959622,51.683255],[-3.959612,51.683262],[-3.95958,51.683274],[-3.95957,51.683279],[-3.95955,51.683285],[-3.959528,51.683291],[-3.95952,51.683293],[-3.959505,51.683295],[-3.959498,51.683297],[-3.959474,51.683299],[-3.959451,51.683301],[-3.959427,51.683299],[-3.959404,51.683297],[-3.959394,51.683295],[-3.959363,51.683288],[-3.959336,51.68328],[-3.959324,51.683275],[-3.959298,51.683267],[-3.959275,51.683257],[-3.95925,51.683243],[-3.959222,51.68323],[-3.959195,51.683217],[-3.959161,51.683203],[-3.95913,51.683187],[-3.959047,51.68315],[-3.958744,51.683009],[-3.95835,51.68282],[-3.958376,51.6828],[-3.958377,51.682788],[-3.958677,51.682539],[-3.95871,51.682511],[-3.958751,51.682478],[-3.958609,51.682412],[-3.958493,51.682361],[-3.958439,51.68227],[-3.958739,51.682006],[-3.95881,51.681943],[-3.958821,51.681932],[-3.958837,51.681922],[-3.958852,51.681913],[-3.958876,51.681901],[-3.958896,51.681894],[-3.958931,51.68188],[-3.958971,51.68187],[-3.95901,51.681866],[-3.959032,51.681866],[-3.959073,51.681867],[-3.959092,51.681867],[-3.959107,51.68187],[-3.959126,51.681875],[-3.959158,51.681885],[-3.959467,51.682024]]]}},{"type":"Feature","properties":{"id":"substation-213","kind":"substation","name":"BRITON FERRY NORTH 275KV CSE COMPOUND","voltage":"275kV","status":"C","gid":10052107,"risk":"SAFE","floodCodes":[],"floodNames":[],"lng":-3.824103,"lat":51.629149},"geometry":{"type":"Polygon","coordinates":[[[-3.823791,51.628888],[-3.824468,51.628971],[-3.824461,51.628992],[-3.824453,51.629018],[-3.824422,51.629113],[-3.824412,51.629143],[-3.82432,51.629434],[-3.824209,51.62942],[-3.824014,51.629395],[-3.823804,51.629369],[-3.82354,51.629335],[-3.823659,51.628965],[-3.823791,51.628888]]]}},{"type":"Feature","properties":{"id":"substation-214","kind":"substation","name":"SPALDING NORTH 400KV S/S","voltage":"400kV","status":"C","gid":10052108,"risk":"HIGH","floodCodes":["055FWTWELL1"],"floodNames":["Tidal Welland between Fulney and Fosdyke Bridge"],"lng":-0.133601,"lat":52.805995},"geometry":{"type":"Polygon","coordinates":[[[-0.134238,52.806433],[-0.134144,52.806418],[-0.131968,52.806078],[-0.132372,52.805128],[-0.134644,52.805483],[-0.134238,52.806433]]]}},{"type":"Feature","properties":{"id":"substation-215","kind":"substation","name":"OCKER HILL 275KV S/S","voltage":"275kV","status":"C","gid":10052109,"risk":"LOW","floodCodes":["033FWF3TAME002"],"floodNames":["River Tame at Golds Hill"],"lng":-2.02948,"lat":52.541862},"geometry":{"type":"Polygon","coordinates":[[[-2.028526,52.542222],[-2.028495,52.542188],[-2.028495,52.542161],[-2.028525,52.542125],[-2.028576,52.542079],[-2.02946,52.541276],[-2.029495,52.541253],[-2.02956,52.541244],[-2.029625,52.541262],[-2.029996,52.541413],[-2.030057,52.541435],[-2.030105,52.54144],[-2.030138,52.541436],[-2.030182,52.541423],[-2.030206,52.541404],[-2.030737,52.541607],[-2.029748,52.542498],[-2.029679,52.542546],[-2.029598,52.542576],[-2.029446,52.542584],[-2.029394,52.542574],[-2.028526,52.542222]]]}},{"type":"Feature","properties":{"id":"substation-216","kind":"substation","name":"NEWBY 400KV CABLE COMPOUND","voltage":"400kV","status":"C","gid":10052110,"risk":"SAFE","floodCodes":[],"floodNames":[],"lng":-1.229488,"lat":54.504172},"geometry":{"type":"Polygon","coordinates":[[[-1.229831,54.504451],[-1.229787,54.504425],[-1.228982,54.503946],[-1.228934,54.503917],[-1.22887,54.50388],[-1.229159,54.503716],[-1.230141,54.5043],[-1.229853,54.504464],[-1.229831,54.504451]]]}},{"type":"Feature","properties":{"id":"substation-217","kind":"substation","name":"ROCHDALE 275KV SITE","voltage":"275kV","status":"C","gid":10052111,"risk":"SAFE","floodCodes":[],"floodNames":[],"lng":-2.217094,"lat":53.622009},"geometry":{"type":"Polygon","coordinates":[[[-2.2156,53.622469],[-2.216909,53.621103],[-2.217462,53.621291],[-2.217481,53.621274],[-2.217886,53.621552],[-2.217486,53.621969],[-2.217998,53.622103],[-2.217647,53.622454],[-2.217467,53.622645],[-2.216496,53.622771],[-2.2156,53.622469]]]}},{"type":"Feature","properties":{"id":"substation-218","kind":"substation","name":"KNARESBOROUGH 275KV S/S","voltage":"275kV","status":"C","gid":10052112,"risk":"SAFE","floodCodes":[],"floodNames":[],"lng":-1.488036,"lat":54.031306},"geometry":{"type":"Polygon","coordinates":[[[-1.488134,54.031669],[-1.488055,54.031668],[-1.487669,54.031664],[-1.487233,54.031285],[-1.487239,54.030851],[-1.488128,54.030855],[-1.48843,54.030856],[-1.488429,54.030992],[-1.488424,54.031227],[-1.488419,54.031469],[-1.488139,54.031469],[-1.488134,54.031669]]]}},{"type":"Feature","properties":{"id":"substation-219","kind":"substation","name":"THORPE MARSH 66KV S/S","voltage":"66kV","status":"C","gid":10052113,"risk":"HIGH","floodCodes":["123FWF680"],"floodNames":["Ea Beck at Thorpe Marsh and Almholme"],"lng":-1.087001,"lat":53.579203},"geometry":{"type":"Polygon","coordinates":[[[-1.086663,53.579339],[-1.086641,53.579327],[-1.086614,53.579078],[-1.086635,53.579068],[-1.087424,53.579034],[-1.087445,53.57905],[-1.087468,53.57929],[-1.087454,53.579304],[-1.086663,53.579339]]]}},{"type":"Feature","properties":{"id":"substation-220","kind":"substation","name":"HARKER 400KV S/S","voltage":"400kV","status":"C","gid":10052114,"risk":"SAFE","floodCodes":[],"floodNames":[],"lng":-2.961748,"lat":54.940847},"geometry":{"type":"Polygon","coordinates":[[[-2.961935,54.940216],[-2.961962,54.940217],[-2.961947,54.940361],[-2.961941,54.940414],[-2.961853,54.941104],[-2.961799,54.94156],[-2.961791,54.94164],[-2.96186,54.941701],[-2.961832,54.941923],[-2.961145,54.941895],[-2.961315,54.940468],[-2.961513,54.940475],[-2.961541,54.94025],[-2.961849,54.94026],[-2.961935,54.940216]]]}},{"type":"Feature","properties":{"id":"substation-221","kind":"substation","name":"KEARSLEY 400KV S/S","voltage":"400kV","status":"C","gid":10052115,"risk":"LOW","floodCodes":["013FWFGM26"],"floodNames":["River Irwell at Kearsley"],"lng":-2.358319,"lat":53.537265},"geometry":{"type":"Polygon","coordinates":[[[-2.357621,53.537225],[-2.357643,53.537183],[-2.357519,53.537116],[-2.357998,53.536812],[-2.358137,53.536812],[-2.358675,53.537115],[-2.358707,53.537098],[-2.359606,53.537586],[-2.359177,53.53787],[-2.358808,53.537878],[-2.357621,53.537225]]]}},{"type":"Feature","properties":{"id":"substation-222","kind":"substation","name":"KILLINGHOLME 400KV S/S","voltage":"400kV","status":"C","gid":10052116,"risk":"LOW","floodCodes":["053FWTBNHGH1"],"floodNames":["Tidal flooding of low-lying areas from New Holland to Immingham Dock"],"lng":-0.257201,"lat":53.655754},"geometry":{"type":"Polygon","coordinates":[[[-0.256734,53.656186],[-0.256519,53.655921],[-0.256447,53.655836],[-0.256289,53.655614],[-0.257556,53.655252],[-0.257714,53.655289],[-0.257788,53.65538],[-0.25811,53.65579],[-0.257847,53.655865],[-0.257477,53.655972],[-0.256734,53.656186]]]}},{"type":"Feature","properties":{"id":"substation-223","kind":"substation","name":"KEARSLEY 132KV GSP S/S","voltage":"132kV","status":"C","gid":10052117,"risk":"LOW","floodCodes":["013FWFGM26"],"floodNames":["River Irwell at Kearsley"],"lng":-2.359485,"lat":53.539491},"geometry":{"type":"Polygon","coordinates":[[[-2.359848,53.53958],[-2.359533,53.539718],[-2.359464,53.539656],[-2.359463,53.539608],[-2.358978,53.539207],[-2.359259,53.539089],[-2.359848,53.53958]]]}},{"type":"Feature","properties":{"id":"substation-224","kind":"substation","name":"STANAH 132KV S/S","voltage":"132kV","status":"C","gid":10052118,"risk":"HIGH","floodCodes":["012FWCTL32B"],"floodNames":["Wyre estuary at Thornton, between A585, Stanah Road and School Road"],"lng":-2.98962,"lat":53.879753},"geometry":{"type":"Polygon","coordinates":[[[-2.989911,53.880162],[-2.989002,53.879928],[-2.989122,53.879745],[-2.989228,53.879772],[-2.989682,53.879157],[-2.990484,53.879349],[-2.989911,53.880162]]]}},{"type":"Feature","properties":{"id":"substation-225","kind":"substation","name":"NINFIELD 132KV S/S","voltage":"132kV","status":"C","gid":10052119,"risk":"SAFE","floodCodes":[],"floodNames":[],"lng":0.449571,"lat":50.881122},"geometry":{"type":"Polygon","coordinates":[[[0.449845,50.881597],[0.449778,50.881538],[0.450461,50.881222],[0.450452,50.881214],[0.450541,50.881171],[0.450533,50.881162],[0.450617,50.881126],[0.450606,50.881119],[0.450697,50.881079],[0.450691,50.881071],[0.450784,50.881032],[0.449336,50.879785],[0.448695,50.880079],[0.448187,50.880316],[0.44866,50.880722],[0.448806,50.880654],[0.448966,50.880795],[0.448883,50.880835],[0.448863,50.880838],[0.448848,50.880846],[0.448845,50.880852],[0.448839,50.880869],[0.448838,50.880889],[0.448841,50.880907],[0.448851,50.880926],[0.448854,50.880931],[0.44957,50.881547],[0.449581,50.881555],[0.449592,50.881563],[0.449638,50.881588],[0.449642,50.88159],[0.449666,50.881596],[0.449704,50.881605],[0.449738,50.881608],[0.449776,50.881609],[0.449791,50.881609],[0.449823,50.881605],[0.449845,50.881597]]]}},{"type":"Feature","properties":{"id":"substation-226","kind":"substation","name":"IMPERIAL PARK 33KV S/S","voltage":"33kV","status":"C","gid":10052120,"risk":"SAFE","floodCodes":[],"floodNames":[],"lng":-3.031569,"lat":51.547449},"geometry":{"type":"Polygon","coordinates":[[[-3.031851,51.547557],[-3.031674,51.547654],[-3.031148,51.547286],[-3.031322,51.54719],[-3.031851,51.547557]]]}},{"type":"Feature","properties":{"id":"substation-227","kind":"substation","name":"EXETER 132KV S/S","voltage":"132kV","status":"C","gid":10052121,"risk":"SAFE","floodCodes":[],"floodNames":[],"lng":-3.404909,"lat":50.766417},"geometry":{"type":"Polygon","coordinates":[[[-3.407914,50.767042],[-3.404355,50.766738],[-3.404281,50.766705],[-3.404266,50.766694],[-3.404239,50.766674],[-3.404215,50.766654],[-3.404203,50.766643],[-3.404184,50.766613],[-3.40417,50.766586],[-3.404164,50.766568],[-3.404163,50.766486],[-3.404187,50.766384],[-3.404209,50.766287],[-3.404225,50.766236],[-3.404248,50.766176],[-3.404263,50.766153],[-3.404282,50.766134],[-3.40429,50.766126],[-3.404368,50.766087],[-3.404396,50.766077],[-3.404431,50.766069],[-3.404462,50.766064],[-3.404539,50.766061],[-3.404629,50.766066],[-3.404835,50.766084],[-3.404851,50.766096],[-3.407565,50.76632],[-3.407459,50.766807],[-3.407955,50.766846],[-3.407914,50.767042]]]}},{"type":"Feature","properties":{"id":"substation-228","kind":"substation","name":"FECKENHAM 66KV S/S","voltage":"66kV","status":"C","gid":10052122,"risk":"SAFE","floodCodes":[],"floodNames":[],"lng":-1.972118,"lat":52.252472},"geometry":{"type":"Polygon","coordinates":[[[-1.972893,52.252906],[-1.972546,52.252963],[-1.972562,52.253007],[-1.972283,52.253048],[-1.972262,52.253008],[-1.971875,52.253067],[-1.971385,52.251914],[-1.971512,52.251893],[-1.971575,52.251913],[-1.971645,52.2519],[-1.971673,52.251864],[-1.972437,52.251747],[-1.972893,52.252906]]]}},{"type":"Feature","properties":{"id":"substation-229","kind":"substation","name":"LEGACY 132KV S/S","voltage":"132kV","status":"C","gid":10052123,"risk":"SAFE","floodCodes":[],"floodNames":[],"lng":-3.052371,"lat":53.029203},"geometry":{"type":"Polygon","coordinates":[[[-3.05287,53.029926],[-3.051615,53.030015],[-3.051162,53.027839],[-3.052479,53.027743],[-3.052824,53.029483],[-3.052775,53.029487],[-3.05287,53.029926]]]}},{"type":"Feature","properties":{"id":"substation-230","kind":"substation","name":"HACKNEY 132KV S/S","voltage":"132kV","status":"C","gid":10052124,"risk":"HIGH","floodCodes":["062FWF53Hackney"],"floodNames":["Lower River Lee at Hackney and Walthamstow"],"lng":-0.04085,"lat":51.559499},"geometry":{"type":"Polygon","coordinates":[[[-0.041116,51.559639],[-0.040743,51.559734],[-0.040451,51.559289],[-0.040825,51.559194],[-0.041116,51.559639]]]}},{"type":"Feature","properties":{"id":"substation-231","kind":"substation","name":"BODELWYDDAN 400KV S/S","voltage":"400kV","status":"C","gid":10052125,"risk":"SAFE","floodCodes":[],"floodNames":[],"lng":-3.476193,"lat":53.249902},"geometry":{"type":"Polygon","coordinates":[[[-3.476622,53.24957],[-3.476689,53.249601],[-3.476716,53.250297],[-3.476657,53.250338],[-3.47503,53.250341],[-3.475014,53.249599],[-3.476622,53.24957]]]}},{"type":"Feature","properties":{"id":"substation-232","kind":"substation","name":"CANTERBURY 400KV GIS S/S","voltage":"400kV","status":"C","gid":10052126,"risk":"HIGH","floodCodes":["064FWF6Canterbury"],"floodNames":["River Great Stour at Canterbury"],"lng":1.097761,"lat":51.294708},"geometry":{"type":"Polygon","coordinates":[[[1.097329,51.294748],[1.097616,51.294962],[1.098057,51.294803],[1.098275,51.294659],[1.098037,51.294503],[1.097807,51.294643],[1.097634,51.2946],[1.097329,51.294748]]]}},{"type":"Feature","properties":{"id":"substation-233","kind":"substation","name":"CONNAHS QUAY 400KV S/S","voltage":"400kV","status":"C","gid":10052127,"risk":"SAFE","floodCodes":[],"floodNames":[],"lng":-3.075127,"lat":53.229603},"geometry":{"type":"Polygon","coordinates":[[[-3.076826,53.229602],[-3.076842,53.229635],[-3.076525,53.229924],[-3.075589,53.230046],[-3.075431,53.230203],[-3.075455,53.230234],[-3.07494,53.23069],[-3.07494,53.230725],[-3.074879,53.230768],[-3.0712,53.229324],[-3.071266,53.229262],[-3.074241,53.229025],[-3.074263,53.229041],[-3.074272,53.229106],[-3.074322,53.229124],[-3.074401,53.229117],[-3.074689,53.22923],[-3.075615,53.229134],[-3.075978,53.229273],[-3.075983,53.229295],[-3.076055,53.229326],[-3.076093,53.229322],[-3.076427,53.229453],[-3.076826,53.229602]]]}},{"type":"Feature","properties":{"id":"substation-234","kind":"substation","name":"WALPOLE 132KV GIS S/S","voltage":"132kV","status":"C","gid":10052129,"risk":"HIGH","floodCodes":["055FWTNENE2C"],"floodNames":["Wash Frontage and the right bank of the Tidal Nene from Walton Dam to Admiralty Point"],"lng":0.200509,"lat":52.727007},"geometry":{"type":"Polygon","coordinates":[[[0.200224,52.72686],[0.200709,52.727316],[0.200937,52.727224],[0.200451,52.726774],[0.200224,52.72686]]]}},{"type":"Feature","properties":{"id":"substation-235","kind":"substation","name":"CHAFFORD HUNDRED EAST CABLE COMPOUND","voltage":"400kV","status":"C","gid":10052130,"risk":"LOW","floodCodes":["051FWCDV5B3WEST"],"floodNames":["The Thames estuary from Grays to Purfleet-on-Thames, including West Thurrock"],"lng":0.286367,"lat":51.491952},"geometry":{"type":"Polygon","coordinates":[[[0.286168,51.492053],[0.286444,51.492119],[0.286687,51.492082],[0.286757,51.492047],[0.286715,51.491794],[0.286619,51.49177],[0.286131,51.49185],[0.286107,51.491872],[0.286113,51.491895],[0.286126,51.491935],[0.286168,51.492053]]]}},{"type":"Feature","properties":{"id":"substation-236","kind":"substation","name":"OCKER HILL 132KV S/S","voltage":"132kV","status":"C","gid":10052133,"risk":"LOW","floodCodes":["033FWF3TAME002"],"floodNames":["River Tame at Golds Hill"],"lng":-2.032863,"lat":52.5411},"geometry":{"type":"Polygon","coordinates":[[[-2.031861,52.541503],[-2.031744,52.54122],[-2.031814,52.540897],[-2.031846,52.540865],[-2.031923,52.54085],[-2.033118,52.540657],[-2.03321,52.540642],[-2.03429,52.540469],[-2.034549,52.54106],[-2.03449,52.541112],[-2.034468,52.54113],[-2.03444,52.541136],[-2.032272,52.541488],[-2.032007,52.541531],[-2.03191,52.541539],[-2.031861,52.541503]]]}},{"type":"Feature","properties":{"id":"substation-237","kind":"substation","name":"EALING 275KV S/S","voltage":"275kV","status":"C","gid":10052134,"risk":"SAFE","floodCodes":[],"floodNames":[],"lng":-0.296086,"lat":51.501818},"geometry":{"type":"Polygon","coordinates":[[[-0.295868,51.502237],[-0.295756,51.502075],[-0.29577,51.502071],[-0.295738,51.502027],[-0.295745,51.501998],[-0.295817,51.501979],[-0.295792,51.501942],[-0.29573,51.50196],[-0.295682,51.501947],[-0.295652,51.501902],[-0.295633,51.501907],[-0.295522,51.501745],[-0.295532,51.501742],[-0.295482,51.501667],[-0.295571,51.501643],[-0.295577,51.501635],[-0.295833,51.501566],[-0.295821,51.501549],[-0.295996,51.501503],[-0.296008,51.501519],[-0.296267,51.501449],[-0.296302,51.501475],[-0.296388,51.501451],[-0.296427,51.501502],[-0.296538,51.50166],[-0.296524,51.501663],[-0.296556,51.501707],[-0.296536,51.50174],[-0.29648,51.501755],[-0.296506,51.501791],[-0.296565,51.501774],[-0.296612,51.501789],[-0.296643,51.501833],[-0.296656,51.50183],[-0.296769,51.501992],[-0.296665,51.50202],[-0.296663,51.502016],[-0.295974,51.502204],[-0.295976,51.502208],[-0.295868,51.502237]]]}},{"type":"Feature","properties":{"id":"substation-238","kind":"substation","name":"CAPENHURST 275KV S/S","voltage":"275kV","status":"C","gid":10052135,"risk":"SAFE","floodCodes":[],"floodNames":[],"lng":-2.946566,"lat":53.267791},"geometry":{"type":"Polygon","coordinates":[[[-2.948249,53.267958],[-2.948307,53.268007],[-2.948348,53.268039],[-2.948401,53.268082],[-2.948532,53.268204],[-2.948561,53.268228],[-2.948638,53.268295],[-2.948662,53.268316],[-2.94869,53.268347],[-2.948698,53.268363],[-2.948702,53.268383],[-2.948703,53.268386],[-2.948704,53.268395],[-2.948704,53.268404],[-2.948703,53.268413],[-2.948701,53.268423],[-2.948698,53.268433],[-2.948695,53.268441],[-2.948691,53.26845],[-2.948686,53.268461],[-2.94868,53.26847],[-2.948672,53.268478],[-2.94866,53.268489],[-2.948654,53.268495],[-2.948636,53.268508],[-2.948613,53.268525],[-2.948597,53.268534],[-2.948565,53.26855],[-2.948136,53.268738],[-2.947914,53.268835],[-2.947391,53.269063],[-2.947229,53.269133],[-2.947161,53.269161],[-2.947069,53.2692],[-2.946943,53.269253],[-2.946939,53.269254],[-2.946923,53.26926],[-2.946912,53.269261],[-2.946894,53.269265],[-2.946885,53.269266],[-2.94687,53.269267],[-2.946857,53.269267],[-2.946842,53.269266],[-2.946837,53.269266],[-2.946813,53.269265],[-2.946789,53.269261],[-2.94678,53.26926],[-2.946773,53.269258],[-2.946767,53.269257],[-2.946759,53.269255],[-2.946752,53.269253],[-2.946739,53.269247],[-2.946733,53.269244],[-2.946727,53.269241],[-2.946723,53.269238],[-2.946717,53.269233],[-2.946596,53.269141],[-2.94543,53.268165],[-2.945181,53.26798],[-2.945042,53.267864],[-2.944613,53.267508],[-2.944484,53.2674],[-2.94424,53.267202],[-2.944073,53.267076],[-2.943978,53.266986],[-2.943959,53.266963],[-2.943948,53.266946],[-2.943941,53.266931],[-2.94394,53.266918],[-2.943942,53.266897],[-2.943947,53.266876],[-2.943964,53.266851],[-2.943973,53.26684],[-2.94399,53.266826],[-2.944028,53.266804],[-2.944097,53.266774],[-2.944287,53.266691],[-2.944439,53.266627],[-2.944586,53.266563],[-2.944846,53.266449],[-2.94495,53.266404],[-2.945081,53.266337],[-2.945447,53.266182],[-2.945696,53.266073],[-2.945711,53.266068],[-2.945718,53.266065],[-2.945733,53.266061],[-2.945773,53.26605],[-2.945795,53.266045],[-2.945809,53.266042],[-2.94584,53.266042],[-2.945847,53.266043],[-2.945878,53.266048],[-2.945897,53.266053],[-2.945922,53.266059],[-2.945936,53.266063],[-2.945962,53.266074],[-2.945987,53.26609],[-2.946007,53.266108],[-2.946011,53.266111],[-2.946014,53.266114],[-2.946079,53.266168],[-2.946094,53.266178],[-2.946461,53.266479],[-2.948249,53.267958]]]}},{"type":"Feature","properties":{"id":"substation-239","kind":"substation","name":"ABHAM 400KV S/S","voltage":"400kV","status":"C","gid":10052136,"risk":"SAFE","floodCodes":[],"floodNames":[],"lng":-3.730599,"lat":50.472092},"geometry":{"type":"Polygon","coordinates":[[[-3.730076,50.470912],[-3.730093,50.470878],[-3.730116,50.470852],[-3.730277,50.470729],[-3.730894,50.470729],[-3.731479,50.470734],[-3.731611,50.470737],[-3.731777,50.470854],[-3.731776,50.471072],[-3.731773,50.471314],[-3.731772,50.471598],[-3.731774,50.471925],[-3.731771,50.47204],[-3.731772,50.472157],[-3.731764,50.47253],[-3.731462,50.47253],[-3.73131,50.472528],[-3.731142,50.472527],[-3.73114,50.472568],[-3.730986,50.472567],[-3.730986,50.472574],[-3.730466,50.472567],[-3.730454,50.472576],[-3.730441,50.472583],[-3.730425,50.472591],[-3.730411,50.472596],[-3.730394,50.472601],[-3.73038,50.472602],[-3.730364,50.472602],[-3.73035,50.472601],[-3.730335,50.472599],[-3.730322,50.472597],[-3.730287,50.472595],[-3.730251,50.47259],[-3.730223,50.472584],[-3.730204,50.472577],[-3.730187,50.472569],[-3.73017,50.472559],[-3.730155,50.472549],[-3.730148,50.472545],[-3.730128,50.472531],[-3.73011,50.472517],[-3.730096,50.472502],[-3.73009,50.472493],[-3.730084,50.47248],[-3.730079,50.472467],[-3.730076,50.472453],[-3.730074,50.472449],[-3.730074,50.472434],[-3.730074,50.472418],[-3.730082,50.47194],[-3.730058,50.471649],[-3.730065,50.471456],[-3.73007,50.47094],[-3.730076,50.470912]]]}},{"type":"Feature","properties":{"id":"substation-240","kind":"substation","name":"TINSLEY PARK 275KV S/S","voltage":"275kV","status":"C","gid":10052137,"risk":"SAFE","floodCodes":[],"floodNames":[],"lng":-1.394656,"lat":53.40114},"geometry":{"type":"Polygon","coordinates":[[[-1.394962,53.401564],[-1.394871,53.401648],[-1.393815,53.401252],[-1.393711,53.400997],[-1.394036,53.400689],[-1.394465,53.400633],[-1.39484,53.400766],[-1.395114,53.400859],[-1.395505,53.401012],[-1.394941,53.401557],[-1.394962,53.401564]]]}},{"type":"Feature","properties":{"id":"substation-241","kind":"substation","name":"HAMS HALL 275KV S/S","voltage":"275kV","status":"C","gid":10052138,"risk":"SAFE","floodCodes":[],"floodNames":[],"lng":-1.711879,"lat":52.5333},"geometry":{"type":"Polygon","coordinates":[[[-1.712687,52.533565],[-1.712608,52.533536],[-1.712238,52.533922],[-1.711258,52.533575],[-1.71089,52.533444],[-1.710816,52.533418],[-1.710803,52.533413],[-1.711223,52.532965],[-1.711974,52.532185],[-1.713489,52.532718],[-1.712687,52.533565]]]}},{"type":"Feature","properties":{"id":"substation-242","kind":"substation","name":"CHETNEY MARSH 400KV CABLE COMPOUND","voltage":"400kV","status":"C","gid":10052139,"risk":"SAFE","floodCodes":[],"floodNames":[],"lng":0.699806,"lat":51.420725},"geometry":{"type":"Polygon","coordinates":[[[0.699778,51.420238],[0.699393,51.420322],[0.699445,51.420808],[0.699487,51.420888],[0.699572,51.420941],[0.699667,51.420957],[0.699776,51.420956],[0.699906,51.420925],[0.699936,51.420978],[0.700089,51.420945],[0.700465,51.420864],[0.70018,51.420361],[0.699778,51.420238]]]}},{"type":"Feature","properties":{"id":"substation-243","kind":"substation","name":"SOUTH HINKSEY 400KV CABLE COMPOUND","voltage":"400kV","status":"C","gid":10052140,"risk":"HIGH","floodCodes":["061FWF23NwBotley"],"floodNames":["River Thames and tributaries at New Botley, New Hinksey, North Hinksey, South Hinksey and Grandpont"],"lng":-1.259057,"lat":51.73475},"geometry":{"type":"Polygon","coordinates":[[[-1.259464,51.734688],[-1.259461,51.734688],[-1.259447,51.734743],[-1.258765,51.735047],[-1.258671,51.735039],[-1.25845,51.734847],[-1.258462,51.734784],[-1.259142,51.734482],[-1.25924,51.734495],[-1.259464,51.734688]]]}},{"type":"Feature","properties":{"id":"substation-244","kind":"substation","name":"RAYLEIGH MAIN 400KV S/S","voltage":"400kV","status":"C","gid":10052141,"risk":"SAFE","floodCodes":[],"floodNames":[],"lng":0.566984,"lat":51.593911},"geometry":{"type":"Polygon","coordinates":[[[0.56793,51.594508],[0.567715,51.593871],[0.566892,51.593982],[0.566871,51.593919],[0.566701,51.593943],[0.566526,51.59344],[0.567519,51.593309],[0.567304,51.592671],[0.567122,51.592598],[0.567103,51.592544],[0.564856,51.592839],[0.565581,51.594968],[0.565798,51.595584],[0.568077,51.595275],[0.567819,51.594619],[0.56793,51.594508]]]}},{"type":"Feature","properties":{"id":"substation-245","kind":"substation","name":"THORPE MARSH 275KV S/S","voltage":"275kV","status":"C","gid":10052142,"risk":"HIGH","floodCodes":["123FWF680"],"floodNames":["Ea Beck at Thorpe Marsh and Almholme"],"lng":-1.085034,"lat":53.578881},"geometry":{"type":"Polygon","coordinates":[[[-1.08447,53.578356],[-1.084485,53.57835],[-1.084502,53.578347],[-1.084531,53.578344],[-1.084546,53.578345],[-1.084772,53.578335],[-1.084992,53.578326],[-1.086059,53.57828],[-1.086235,53.578266],[-1.086949,53.578239],[-1.087023,53.578942],[-1.086408,53.578967],[-1.086445,53.579282],[-1.086161,53.579294],[-1.086011,53.5793],[-1.08547,53.579325],[-1.085202,53.57934],[-1.08515,53.579341],[-1.084853,53.579355],[-1.084675,53.579362],[-1.084658,53.579363],[-1.08464,53.57936],[-1.084627,53.579356],[-1.084613,53.579351],[-1.084603,53.579345],[-1.084586,53.579335],[-1.084576,53.579323],[-1.084572,53.579311],[-1.084569,53.579299],[-1.084563,53.579275],[-1.084564,53.579251],[-1.084457,53.578466],[-1.084451,53.578395],[-1.08445,53.578385],[-1.084453,53.578374],[-1.084459,53.578365],[-1.08447,53.578356]]]}},{"type":"Feature","properties":{"id":"substation-246","kind":"substation","name":"GREYSTONES A 275KV S/S","voltage":"275kV","status":"C","gid":10052143,"risk":"SAFE","floodCodes":[],"floodNames":[],"lng":-1.124741,"lat":54.575294},"geometry":{"type":"Polygon","coordinates":[[[-1.124408,54.575429],[-1.124317,54.575309],[-1.125047,54.575122],[-1.125131,54.575233],[-1.125138,54.575243],[-1.124408,54.575429]]]}},{"type":"Feature","properties":{"id":"substation-247","kind":"substation","name":"FERRYBRIDGE A 275KV S/S","voltage":"275kV","status":"C","gid":10052144,"risk":"HIGH","floodCodes":["123FWF137"],"floodNames":["River Aire at Ferrybridge"],"lng":-1.271789,"lat":53.719384},"geometry":{"type":"Polygon","coordinates":[[[-1.271723,53.720161],[-1.271626,53.719701],[-1.271391,53.719715],[-1.271198,53.718762],[-1.27147,53.718741],[-1.271432,53.718555],[-1.271922,53.718521],[-1.271957,53.718704],[-1.272143,53.718691],[-1.272341,53.719654],[-1.272151,53.719667],[-1.272247,53.720153],[-1.271728,53.720188],[-1.271723,53.720161]]]}},{"type":"Feature","properties":{"id":"substation-248","kind":"substation","name":"WEST WEYBRIDGE 400KV S/S","voltage":"400kV","status":"C","gid":10052145,"risk":"HIGH","floodCodes":["061FWF30RiveDtch"],"floodNames":["The Rive Ditch at Woodham"],"lng":-0.479695,"lat":51.35368},"geometry":{"type":"Polygon","coordinates":[[[-0.480311,51.354184],[-0.479809,51.354154],[-0.479753,51.354114],[-0.479709,51.354137],[-0.479133,51.35373],[-0.479177,51.353703],[-0.478837,51.353463],[-0.479218,51.35325],[-0.478452,51.352718],[-0.47871,51.352585],[-0.480071,51.353542],[-0.480099,51.35356],[-0.480403,51.353772],[-0.480445,51.353803],[-0.480686,51.353975],[-0.480311,51.354184]]]}},{"type":"Feature","properties":{"id":"substation-249","kind":"substation","name":"WASHWAY FARM 275KV S/S","voltage":"275kV","status":"C","gid":10052146,"risk":"SAFE","floodCodes":[],"floodNames":[],"lng":-2.819291,"lat":53.562671},"geometry":{"type":"Polygon","coordinates":[[[-2.81942,53.562955],[-2.819269,53.562855],[-2.819216,53.562884],[-2.819055,53.562774],[-2.81909,53.562749],[-2.819048,53.562719],[-2.819053,53.562673],[-2.819035,53.562667],[-2.818979,53.56263],[-2.8194,53.562385],[-2.819366,53.56237],[-2.819595,53.562232],[-2.820124,53.56255],[-2.81942,53.562955]]]}},{"type":"Feature","properties":{"id":"substation-250","kind":"substation","name":"CREYKE BECK 400KV S/S","voltage":"400kV","status":"C","gid":10052147,"risk":"LOW","floodCodes":["122FWF032"],"floodNames":["Creyke, Mill and Broadlane Becks at Cottingham"],"lng":-0.41596,"lat":53.800689},"geometry":{"type":"Polygon","coordinates":[[[-0.415401,53.801398],[-0.415077,53.801103],[-0.414821,53.800871],[-0.414166,53.800275],[-0.413974,53.800099],[-0.414318,53.799964],[-0.414156,53.799816],[-0.416111,53.799049],[-0.416591,53.79949],[-0.41608,53.799687],[-0.416399,53.799975],[-0.416473,53.799989],[-0.416478,53.800045],[-0.417275,53.800761],[-0.417198,53.800924],[-0.417119,53.800948],[-0.417127,53.801007],[-0.417091,53.801074],[-0.416752,53.801202],[-0.416671,53.801235],[-0.416677,53.801319],[-0.416236,53.801493],[-0.416075,53.801556],[-0.415726,53.801694],[-0.415556,53.801539],[-0.415401,53.801398]]]}},{"type":"Feature","properties":{"id":"substation-251","kind":"substation","name":"GRIMSBY WEST 400KV S/S","voltage":"400kV","status":"C","gid":10052148,"risk":"SAFE","floodCodes":[],"floodNames":[],"lng":-0.15188,"lat":53.565264},"geometry":{"type":"Polygon","coordinates":[[[-0.152017,53.565899],[-0.151431,53.565395],[-0.151468,53.565379],[-0.1513,53.565237],[-0.151422,53.565186],[-0.151418,53.565109],[-0.151828,53.56494],[-0.15183,53.56491],[-0.152558,53.564616],[-0.153391,53.565328],[-0.152017,53.565899]]]}},{"type":"Feature","properties":{"id":"substation-252","kind":"substation","name":"HAWTHORN PIT 400KV S/S","voltage":"400kV","status":"C","gid":10052149,"risk":"SAFE","floodCodes":[],"floodNames":[],"lng":-1.402954,"lat":54.805323},"geometry":{"type":"Polygon","coordinates":[[[-1.403821,54.805468],[-1.40293,54.805774],[-1.402585,54.805447],[-1.402492,54.80548],[-1.402308,54.805299],[-1.402466,54.805244],[-1.402949,54.805074],[-1.402922,54.805043],[-1.403242,54.804934],[-1.403821,54.805468]]]}},{"type":"Feature","properties":{"id":"substation-253","kind":"substation","name":"CORYTON SOUTH 400KV S/S","voltage":"400kV","status":"C","gid":10052150,"risk":"HIGH","floodCodes":["051FWCDV5B3EAST"],"floodNames":["The Thames estuary from Shellhaven, to and including Tilbury"],"lng":0.506699,"lat":51.512866},"geometry":{"type":"Polygon","coordinates":[[[0.505643,51.51272],[0.506663,51.51355],[0.507665,51.513068],[0.507789,51.512973],[0.506792,51.512167],[0.505643,51.51272]]]}},{"type":"Feature","properties":{"id":"substation-254","kind":"substation","name":"OLDBURY 132KV S/S","voltage":"132kV","status":"C","gid":10052151,"risk":"SAFE","floodCodes":[],"floodNames":[],"lng":-2.022665,"lat":52.498568},"geometry":{"type":"Polygon","coordinates":[[[-2.022809,52.499581],[-2.021562,52.499546],[-2.021731,52.497646],[-2.022792,52.497676],[-2.02285,52.497665],[-2.022869,52.497623],[-2.022954,52.497625],[-2.022884,52.498495],[-2.022869,52.498686],[-2.022854,52.49888],[-2.022834,52.49913],[-2.022824,52.499255],[-2.022809,52.499581]]]}},{"type":"Feature","properties":{"id":"substation-255","kind":"substation","name":"WILLINGTON 132KV S/S","voltage":"132kV","status":"C","gid":10052152,"risk":"LOW","floodCodes":["034FWFTRTWYFORD","034FWFTRWLLNGTN"],"floodNames":["River Trent at Twyford","River Trent at Willington"],"lng":-1.549008,"lat":52.856115},"geometry":{"type":"Polygon","coordinates":[[[-1.550571,52.856959],[-1.549904,52.85675],[-1.549699,52.856773],[-1.549696,52.856809],[-1.548302,52.856965],[-1.548289,52.856921],[-1.548265,52.856826],[-1.548132,52.856384],[-1.548166,52.856365],[-1.547881,52.855483],[-1.547815,52.855302],[-1.547889,52.855294],[-1.548067,52.855369],[-1.548561,52.855346],[-1.549388,52.855228],[-1.549782,52.855475],[-1.549668,52.855519],[-1.549804,52.855694],[-1.549712,52.855869],[-1.550571,52.856959]]]}},{"type":"Feature","properties":{"id":"substation-256","kind":"substation","name":"RATCLIFFE ON SOAR 400KV S/S","voltage":"400kV","status":"C","gid":10052153,"risk":"SAFE","floodCodes":[],"floodNames":[],"lng":-1.25594,"lat":52.863739},"geometry":{"type":"Polygon","coordinates":[[[-1.254097,52.864354],[-1.253989,52.863202],[-1.253985,52.86316],[-1.254384,52.863145],[-1.255912,52.863085],[-1.255902,52.862989],[-1.256463,52.862969],[-1.256502,52.862968],[-1.256513,52.863063],[-1.257836,52.863013],[-1.257971,52.864207],[-1.256639,52.864258],[-1.256541,52.864261],[-1.256544,52.864289],[-1.256553,52.864365],[-1.256571,52.864534],[-1.256192,52.864548],[-1.256164,52.864277],[-1.254097,52.864354]]]}},{"type":"Feature","properties":{"id":"substation-257","kind":"substation","name":"ROWDOWN 400KV S/S","voltage":"400kV","status":"C","gid":10052154,"risk":"SAFE","floodCodes":[],"floodNames":[],"lng":-0.003872,"lat":51.352014},"geometry":{"type":"Polygon","coordinates":[[[-0.003759,51.352495],[-0.003513,51.352301],[-0.003273,51.352419],[-0.002465,51.351779],[-0.003401,51.351318],[-0.003984,51.351777],[-0.00418,51.35168],[-0.004253,51.351738],[-0.004636,51.352043],[-0.00461,51.352055],[-0.00463,51.352071],[-0.003759,51.352495]]]}},{"type":"Feature","properties":{"id":"substation-258","kind":"substation","name":"INCE 132KV S/S","voltage":"132kV","status":"C","gid":10052155,"risk":"LOW","floodCodes":["013FWTTME8"],"floodNames":["Irish Sea and Mersey estuary from the Head of the Wirral to Runcorn"],"lng":-2.811196,"lat":53.277796},"geometry":{"type":"Polygon","coordinates":[[[-2.8116,53.278442],[-2.811592,53.278416],[-2.811108,53.27838],[-2.811216,53.27784],[-2.811168,53.277836],[-2.811131,53.277854],[-2.810676,53.277824],[-2.810649,53.277809],[-2.810672,53.277684],[-2.810536,53.277675],[-2.810542,53.277642],[-2.810678,53.277651],[-2.810698,53.277539],[-2.810722,53.277516],[-2.81119,53.277553],[-2.811219,53.277571],[-2.811268,53.277574],[-2.811313,53.277306],[-2.811869,53.277341],[-2.811865,53.277361],[-2.811908,53.277364],[-2.811789,53.278046],[-2.811704,53.27845],[-2.8116,53.278442]]]}},{"type":"Feature","properties":{"id":"substation-259","kind":"substation","name":"SOUTH SHIELDS 275KV S/S","voltage":"275kV","status":"C","gid":10052156,"risk":"SAFE","floodCodes":[],"floodNames":[],"lng":-1.449562,"lat":54.973448},"geometry":{"type":"Polygon","coordinates":[[[-1.449583,54.974023],[-1.448768,54.972879],[-1.449351,54.972747],[-1.449723,54.973268],[-1.449753,54.97331],[-1.45017,54.973889],[-1.449583,54.974023]]]}},{"type":"Feature","properties":{"id":"substation-260","kind":"substation","name":"BRAMFORD 400KV S/S","voltage":"400kV","status":"C","gid":10052157,"risk":"SAFE","floodCodes":[],"floodNames":[],"lng":1.062771,"lat":52.071153},"geometry":{"type":"Polygon","coordinates":[[[1.063642,52.071003],[1.063686,52.070926],[1.063719,52.070933],[1.063764,52.070849],[1.06302,52.070687],[1.062469,52.070576],[1.061807,52.070433],[1.061723,52.07046],[1.061593,52.070566],[1.061241,52.071198],[1.060948,52.071139],[1.060787,52.071426],[1.062782,52.071806],[1.063006,52.071849],[1.063161,52.071846],[1.063261,52.071667],[1.062901,52.071588],[1.063032,52.071344],[1.062994,52.071341],[1.063062,52.071218],[1.0631,52.071224],[1.063112,52.071206],[1.063327,52.071252],[1.063485,52.071285],[1.063642,52.071003]]]}},{"type":"Feature","properties":{"id":"substation-261","kind":"substation","name":"TRAWSFYNYDD 275KV S/S","voltage":"275kV","status":"C","gid":10052158,"risk":"SAFE","floodCodes":[],"floodNames":[],"lng":-3.948174,"lat":52.927708},"geometry":{"type":"Polygon","coordinates":[[[-3.949187,52.928024],[-3.948924,52.92818],[-3.948757,52.928282],[-3.948527,52.928419],[-3.948378,52.928511],[-3.948323,52.928543],[-3.948295,52.928561],[-3.948283,52.928567],[-3.94826,52.928571],[-3.948238,52.928571],[-3.948213,52.928568],[-3.948178,52.928547],[-3.948097,52.928497],[-3.947958,52.928409],[-3.947765,52.928289],[-3.947597,52.928186],[-3.947239,52.927968],[-3.946743,52.927664],[-3.946356,52.927428],[-3.945751,52.92707],[-3.945652,52.92701],[-3.945527,52.926934],[-3.946828,52.926198],[-3.947112,52.926376],[-3.947451,52.926572],[-3.947742,52.926753],[-3.947874,52.926835],[-3.947989,52.926912],[-3.948001,52.926916],[-3.948031,52.926933],[-3.948134,52.926996],[-3.948261,52.927076],[-3.948426,52.92718],[-3.948532,52.927244],[-3.949026,52.927546],[-3.94936,52.927751],[-3.949455,52.92781],[-3.949464,52.92782],[-3.949467,52.927828],[-3.949471,52.927838],[-3.949469,52.927844],[-3.949463,52.927857],[-3.949457,52.927862],[-3.949382,52.927908],[-3.949187,52.928024]]]}},{"type":"Feature","properties":{"id":"substation-262","kind":"substation","name":"LALEHAM 275KV S/S","voltage":"275kV","status":"C","gid":10052159,"risk":"LOW","floodCodes":["062FWF31Ashford","061FWF23Staines"],"floodNames":["River Ash at Ashford and Staines","River Thames at Staines and Egham"],"lng":-0.47026,"lat":51.423779},"geometry":{"type":"Polygon","coordinates":[[[-0.472223,51.423841],[-0.471047,51.424767],[-0.471012,51.424788],[-0.470959,51.424799],[-0.470926,51.424798],[-0.470895,51.424792],[-0.470845,51.424747],[-0.470769,51.424701],[-0.470715,51.424674],[-0.469522,51.424072],[-0.46953,51.424064],[-0.469241,51.42392],[-0.4692,51.423657],[-0.469287,51.423591],[-0.46921,51.423557],[-0.468992,51.423449],[-0.469212,51.423277],[-0.469431,51.42339],[-0.469867,51.423045],[-0.469649,51.422933],[-0.469877,51.422758],[-0.470096,51.42287],[-0.47017,51.422907],[-0.470415,51.422717],[-0.47093,51.422976],[-0.470769,51.423104],[-0.472223,51.423841]]]}},{"type":"Feature","properties":{"id":"substation-263","kind":"substation","name":"ALDWARKE 275KV S/S","voltage":"275kV","status":"C","gid":10052160,"risk":"SAFE","floodCodes":[],"floodNames":[],"lng":-1.320667,"lat":53.445454},"geometry":{"type":"Polygon","coordinates":[[[-1.32135,53.445134],[-1.321114,53.445981],[-1.321096,53.446014],[-1.321067,53.446022],[-1.321048,53.446024],[-1.319912,53.445916],[-1.319854,53.445903],[-1.319818,53.445883],[-1.3198,53.445854],[-1.320036,53.445008],[-1.320043,53.444977],[-1.320069,53.444967],[-1.320105,53.444969],[-1.321296,53.445082],[-1.321332,53.445087],[-1.321354,53.4451],[-1.321357,53.445121],[-1.32135,53.445134]]]}},{"type":"Feature","properties":{"id":"substation-264","kind":"substation","name":"BUSHBURY 275KV S/S","voltage":"275kV","status":"C","gid":10052161,"risk":"LOW","floodCodes":["033FWF3WATERHEAD"],"floodNames":["Waterhead Brook at Bushbury, Wolverhampton"],"lng":-2.115844,"lat":52.636917},"geometry":{"type":"Polygon","coordinates":[[[-2.114831,52.637684],[-2.114806,52.63767],[-2.114549,52.637358],[-2.114343,52.637102],[-2.114257,52.63699],[-2.114254,52.636978],[-2.114254,52.636965],[-2.114259,52.636951],[-2.114286,52.636918],[-2.114318,52.6369],[-2.114702,52.636779],[-2.114719,52.636773],[-2.114777,52.636757],[-2.115184,52.636641],[-2.115665,52.636496],[-2.116069,52.636372],[-2.11612,52.636359],[-2.116476,52.636246],[-2.116499,52.636239],[-2.116523,52.636234],[-2.116547,52.636232],[-2.116563,52.636231],[-2.116588,52.636232],[-2.116612,52.636236],[-2.116624,52.63624],[-2.116641,52.636247],[-2.116665,52.636265],[-2.116794,52.636405],[-2.116999,52.636659],[-2.117116,52.636806],[-2.117226,52.636945],[-2.117233,52.636975],[-2.117231,52.637],[-2.11722,52.637018],[-2.117202,52.637033],[-2.117189,52.637041],[-2.117169,52.637049],[-2.117024,52.637097],[-2.116779,52.637172],[-2.116727,52.637187],[-2.116417,52.637278],[-2.116286,52.637318],[-2.115159,52.637654],[-2.11499,52.637701],[-2.114958,52.637707],[-2.114916,52.637707],[-2.114887,52.637704],[-2.114863,52.637697],[-2.114831,52.637684]]]}},{"type":"Feature","properties":{"id":"substation-265","kind":"substation","name":"COWES 132KV S/S","voltage":"132kV","status":"C","gid":10052163,"risk":"LOW","floodCodes":["065FWC8101"],"floodNames":["Cowes, East Cowes, and Newport"],"lng":-1.286251,"lat":50.74556},"geometry":{"type":"Polygon","coordinates":[[[-1.286151,50.745776],[-1.28612,50.745679],[-1.28609,50.745581],[-1.28607,50.745584],[-1.286055,50.745545],[-1.286046,50.745518],[-1.286025,50.745439],[-1.285994,50.745335],[-1.28597,50.745246],[-1.286084,50.745232],[-1.28621,50.745217],[-1.286206,50.745203],[-1.286315,50.74519],[-1.286467,50.745173],[-1.286481,50.745223],[-1.286513,50.745328],[-1.286552,50.745453],[-1.286587,50.745571],[-1.286641,50.745745],[-1.286662,50.745817],[-1.286613,50.745823],[-1.286437,50.745843],[-1.286263,50.745864],[-1.286128,50.745879],[-1.286116,50.745837],[-1.286101,50.745788],[-1.2861,50.745782],[-1.28612,50.74578],[-1.286151,50.745776]]]}},{"type":"Feature","properties":{"id":"substation-266","kind":"substation","name":"RUGELEY 400KV S/S","voltage":"400kV","status":"C","gid":10052165,"risk":"SAFE","floodCodes":[],"floodNames":[],"lng":-1.915044,"lat":52.756596},"geometry":{"type":"Polygon","coordinates":[[[-1.913134,52.756855],[-1.914667,52.755574],[-1.915659,52.756009],[-1.915763,52.755994],[-1.915785,52.756063],[-1.916785,52.756504],[-1.9153,52.757751],[-1.915171,52.757758],[-1.913134,52.756855]]]}},{"type":"Feature","properties":{"id":"substation-267","kind":"substation","name":"BUSHEY TRACKSIDE 25KV S/S","voltage":"25kV","status":"C","gid":10052166,"risk":"LOW","floodCodes":["062FWF28Watford"],"floodNames":["River Colne at Watford"],"lng":-0.384906,"lat":51.64658},"geometry":{"type":"Polygon","coordinates":[[[-0.384999,51.646638],[-0.384728,51.6466],[-0.384762,51.646494],[-0.385039,51.646531],[-0.384999,51.646638]]]}},{"type":"Feature","properties":{"id":"substation-268","kind":"substation","name":"COREYS MILL 25KV S/S","voltage":"33kV","status":"C","gid":10052167,"risk":"SAFE","floodCodes":[],"floodNames":[],"lng":-0.227709,"lat":51.929061},"geometry":{"type":"Polygon","coordinates":[[[-0.227513,51.928858],[-0.228125,51.929301],[-0.228003,51.929366],[-0.227391,51.928923],[-0.227513,51.928858]]]}},{"type":"Feature","properties":{"id":"substation-269","kind":"substation","name":"PATFORD BRIDGE 400KV S/S","voltage":"400kV","status":"C","gid":10052168,"risk":"SAFE","floodCodes":[],"floodNames":[],"lng":-1.055468,"lat":52.291549},"geometry":{"type":"Polygon","coordinates":[[[-1.055926,52.291533],[-1.055924,52.291693],[-1.055917,52.291921],[-1.055874,52.291949],[-1.055302,52.291943],[-1.055256,52.291914],[-1.055254,52.291782],[-1.054609,52.291773],[-1.054498,52.291644],[-1.054508,52.291242],[-1.054765,52.291245],[-1.055378,52.291252],[-1.055559,52.29128],[-1.055786,52.291282],[-1.055784,52.291339],[-1.055848,52.291339],[-1.055848,52.291385],[-1.055928,52.291386],[-1.055926,52.291533]]]}},{"type":"Feature","properties":{"id":"substation-270","kind":"substation","name":"SELLINDGE 132KV S/S","voltage":"132kV","status":"C","gid":10052169,"risk":"HIGH","floodCodes":["064FWF6EastStour"],"floodNames":["East Stour from Sellinge to South Ashford"],"lng":0.977428,"lat":51.106115},"geometry":{"type":"Polygon","coordinates":[[[0.977475,51.105849],[0.977215,51.105888],[0.977174,51.105951],[0.97717,51.105957],[0.977149,51.106029],[0.97717,51.106085],[0.977201,51.106176],[0.977212,51.106208],[0.977245,51.106305],[0.977282,51.106414],[0.977286,51.106434],[0.977312,51.106503],[0.977392,51.10654],[0.977581,51.106467],[0.978023,51.106268],[0.977909,51.105921],[0.977852,51.105927],[0.977743,51.105941],[0.977525,51.105968],[0.977517,51.105941],[0.977504,51.105918],[0.977475,51.105849]]]}},{"type":"Feature","properties":{"id":"substation-271","kind":"substation","name":"WERN 400KV CABLE COMPOUND","voltage":"400kV","status":"C","gid":10052170,"risk":"SAFE","floodCodes":[],"floodNames":[],"lng":-4.168706,"lat":52.939049},"geometry":{"type":"Polygon","coordinates":[[[-4.168566,52.938872],[-4.1689,52.938866],[-4.16892,52.939314],[-4.168581,52.939319],[-4.168566,52.938872]]]}},{"type":"Feature","properties":{"id":"substation-272","kind":"substation","name":"FFESTINIOG 275KV S/S","voltage":"275kV","status":"C","gid":10052171,"risk":"SAFE","floodCodes":[],"floodNames":[],"lng":-3.968968,"lat":52.980786},"geometry":{"type":"Polygon","coordinates":[[[-3.96874,52.981055],[-3.968683,52.980472],[-3.969104,52.98046],[-3.969113,52.980653],[-3.969019,52.980718],[-3.969037,52.980785],[-3.969128,52.980824],[-3.969146,52.981053],[-3.96874,52.981055]]]}},{"type":"Feature","properties":{"id":"substation-273","kind":"substation","name":"PYLE 275KV S/S","voltage":"275kV","status":"C","gid":10052172,"risk":"SAFE","floodCodes":[],"floodNames":[],"lng":-3.687849,"lat":51.535356},"geometry":{"type":"Polygon","coordinates":[[[-3.686579,51.536456],[-3.686378,51.535945],[-3.686521,51.535824],[-3.687236,51.535123],[-3.687505,51.535028],[-3.687669,51.535093],[-3.687804,51.534964],[-3.68794,51.534936],[-3.688068,51.534987],[-3.688144,51.534922],[-3.688625,51.535119],[-3.68869,51.535058],[-3.688816,51.535111],[-3.688753,51.53517],[-3.689204,51.535358],[-3.688909,51.535644],[-3.687863,51.535207],[-3.686579,51.536456]]]}},{"type":"Feature","properties":{"id":"substation-274","kind":"substation","name":"SPENNYMOOR 275KV S/S","voltage":"275kV","status":"C","gid":10052173,"risk":"SAFE","floodCodes":[],"floodNames":[],"lng":-1.55491,"lat":54.705508},"geometry":{"type":"Polygon","coordinates":[[[-1.55608,54.705347],[-1.555828,54.705381],[-1.555862,54.705463],[-1.555894,54.705541],[-1.555916,54.705594],[-1.555938,54.705649],[-1.555845,54.705662],[-1.555866,54.705709],[-1.555873,54.705729],[-1.555882,54.705748],[-1.555526,54.705802],[-1.554776,54.705906],[-1.554313,54.705973],[-1.553981,54.706021],[-1.553794,54.706047],[-1.553732,54.705905],[-1.553652,54.705723],[-1.553649,54.705717],[-1.553599,54.705724],[-1.553553,54.705614],[-1.553603,54.705607],[-1.553597,54.705593],[-1.553502,54.705379],[-1.553495,54.705361],[-1.553636,54.705342],[-1.553833,54.705314],[-1.554348,54.705241],[-1.554744,54.705185],[-1.555094,54.705137],[-1.555487,54.705082],[-1.555897,54.705024],[-1.555907,54.705053],[-1.555958,54.705048],[-1.555966,54.705067],[-1.55604,54.705252],[-1.55608,54.705347]]]}},{"type":"Feature","properties":{"id":"substation-275","kind":"substation","name":"WALPOLE 132KV S/S","voltage":"132kV","status":"C","gid":10052174,"risk":"HIGH","floodCodes":["055FWTNENE2C"],"floodNames":["Wash Frontage and the right bank of the Tidal Nene from Walton Dam to Admiralty Point"],"lng":0.198721,"lat":52.727594},"geometry":{"type":"Polygon","coordinates":[[[0.199036,52.728505],[0.198687,52.728185],[0.200595,52.727428],[0.200652,52.727404],[0.200047,52.726799],[0.199584,52.726982],[0.199197,52.727131],[0.199064,52.727186],[0.198989,52.727217],[0.19881,52.727284],[0.198744,52.727308],[0.198702,52.72732],[0.198677,52.727331],[0.198609,52.727358],[0.198565,52.727374],[0.198534,52.727388],[0.198473,52.727413],[0.198418,52.727445],[0.198263,52.727509],[0.198256,52.727508],[0.198159,52.727546],[0.198169,52.727557],[0.197156,52.727955],[0.19713,52.727968],[0.197793,52.728566],[0.198116,52.728871],[0.199036,52.728505]]]}},{"type":"Feature","properties":{"id":"substation-276","kind":"substation","name":"LITTLEBROOK 132KV S/S","voltage":"132kV","status":"C","gid":10052175,"risk":"HIGH","floodCodes":["064FWT1Dartford"],"floodNames":["Dartford, Crayford and Greenhithe"],"lng":0.24418,"lat":51.460611},"geometry":{"type":"Polygon","coordinates":[[[0.24666,51.460242],[0.246161,51.459731],[0.246151,51.459704],[0.245965,51.459591],[0.245891,51.45961],[0.245243,51.459852],[0.245247,51.459859],[0.244631,51.460081],[0.244625,51.460076],[0.24453,51.46011],[0.244029,51.460344],[0.242733,51.460781],[0.242499,51.46089],[0.242386,51.460946],[0.242316,51.460993],[0.242268,51.461057],[0.242278,51.461141],[0.242307,51.461398],[0.242415,51.461515],[0.242573,51.461687],[0.242911,51.461566],[0.243727,51.461274],[0.244159,51.461121],[0.244458,51.46101],[0.244944,51.460873],[0.245096,51.460816],[0.24666,51.460242]]]}},{"type":"Feature","properties":{"id":"substation-277","kind":"substation","name":"NORWICH TROWSE 132KV S/S","voltage":"132kV","status":"C","gid":10052176,"risk":"HIGH","floodCodes":["054FWFNF3D"],"floodNames":["The River Yare from the A11 at Cringleford to Trowse Newton"],"lng":1.308463,"lat":52.607657},"geometry":{"type":"Polygon","coordinates":[[[1.306669,52.607888],[1.306998,52.608138],[1.306572,52.608343],[1.307061,52.608705],[1.30763,52.608452],[1.307656,52.608461],[1.308347,52.608123],[1.308359,52.608131],[1.308539,52.608043],[1.308807,52.608249],[1.309597,52.607864],[1.309313,52.607652],[1.309202,52.607706],[1.308913,52.607485],[1.308952,52.607463],[1.30901,52.607509],[1.309402,52.60732],[1.309342,52.607275],[1.309428,52.607233],[1.309387,52.607203],[1.309343,52.607225],[1.309318,52.60722],[1.309233,52.607154],[1.309219,52.60716],[1.309139,52.607098],[1.309158,52.607077],[1.309142,52.607075],[1.308639,52.606694],[1.306558,52.607702],[1.306747,52.607847],[1.306669,52.607888]]]}},{"type":"Feature","properties":{"id":"substation-278","kind":"substation","name":"LEISTON 132KV S/S","voltage":"132kV","status":"C","gid":10052177,"risk":"LOW","floodCodes":["054FWCDV3B10","054FWFSF3A"],"floodNames":["Minsmere Marshes on the Suffolk coast","The Rivers Minsmere and Yox, from Sibton and Peasenhall to the Minsmere Levels"],"lng":1.611305,"lat":52.208041},"geometry":{"type":"Polygon","coordinates":[[[1.610729,52.207875],[1.610634,52.208142],[1.610652,52.208158],[1.611597,52.208286],[1.61161,52.208281],[1.61167,52.208114],[1.611663,52.208107],[1.611682,52.208053],[1.611693,52.20805],[1.611742,52.207912],[1.611727,52.207899],[1.610843,52.207778],[1.610729,52.207875]]]}},{"type":"Feature","properties":{"id":"substation-279","kind":"substation","name":"BEDDINGTON 132KV GIS S/S","voltage":"132kV","status":"C","gid":10052178,"risk":"HIGH","floodCodes":["064FWF41BeddPark"],"floodNames":["River Wandle at Beddington Park"],"lng":-0.126373,"lat":51.374119},"geometry":{"type":"Polygon","coordinates":[[[-0.126531,51.374185],[-0.126469,51.374163],[-0.126425,51.374214],[-0.125866,51.374024],[-0.125969,51.373906],[-0.126527,51.374096],[-0.12649,51.374139],[-0.126553,51.37416],[-0.126531,51.374185]]]}},{"type":"Feature","properties":{"id":"substation-280","kind":"substation","name":"WEST BOLDON 66KV S/S","voltage":"66kV","status":"C","gid":10052179,"risk":"SAFE","floodCodes":[],"floodNames":[],"lng":-1.471822,"lat":54.940097},"geometry":{"type":"Polygon","coordinates":[[[-1.472072,54.940996],[-1.471119,54.940846],[-1.471419,54.940196],[-1.471274,54.940174],[-1.471371,54.939985],[-1.471484,54.940004],[-1.471869,54.939129],[-1.472758,54.93926],[-1.472788,54.93938],[-1.472072,54.940996]]]}},{"type":"Feature","properties":{"id":"substation-281","kind":"substation","name":"LALEHAM 132KV S/S","voltage":"132kV","status":"C","gid":10052180,"risk":"LOW","floodCodes":["062FWF31Ashford"],"floodNames":["River Ash at Ashford and Staines"],"lng":-0.469408,"lat":51.424359},"geometry":{"type":"Polygon","coordinates":[[[-0.469918,51.424743],[-0.469709,51.424903],[-0.468585,51.424336],[-0.468794,51.424176],[-0.46894,51.424249],[-0.469242,51.424014],[-0.469275,51.424034],[-0.469261,51.424107],[-0.46933,51.424139],[-0.469492,51.424133],[-0.470072,51.424429],[-0.469765,51.424664],[-0.469918,51.424743]]]}},{"type":"Feature","properties":{"id":"substation-282","kind":"substation","name":"TRAWSFYNYDD 132KV S/S","voltage":"132kV","status":"C","gid":10052181,"risk":"SAFE","floodCodes":[],"floodNames":[],"lng":-3.950251,"lat":52.928846},"geometry":{"type":"Polygon","coordinates":[[[-3.951211,52.929774],[-3.949307,52.928601],[-3.949301,52.928456],[-3.949388,52.928348],[-3.94948,52.92842],[-3.950083,52.928097],[-3.952024,52.929299],[-3.951211,52.929774]]]}},{"type":"Feature","properties":{"id":"substation-283","kind":"substation","name":"HAWTHORN PIT 66KV S/S","voltage":"66kV","status":"C","gid":10052182,"risk":"SAFE","floodCodes":[],"floodNames":[],"lng":-1.401726,"lat":54.806305},"geometry":{"type":"Polygon","coordinates":[[[-1.402204,54.806516],[-1.401629,54.806687],[-1.40101,54.805988],[-1.401582,54.805815],[-1.402204,54.806516]]]}},{"type":"Feature","properties":{"id":"substation-284","kind":"substation","name":"WATFORD SOUTH 132KV S/S","voltage":"132kV","status":"C","gid":10052183,"risk":"HIGH","floodCodes":["062FWF28Watford"],"floodNames":["River Colne at Watford"],"lng":-0.405178,"lat":51.64218},"geometry":{"type":"Polygon","coordinates":[[[-0.404304,51.641704],[-0.40436,51.641724],[-0.404464,51.641709],[-0.40509,51.641952],[-0.405208,51.641957],[-0.405453,51.642047],[-0.405497,51.642115],[-0.406082,51.642341],[-0.406117,51.642367],[-0.406121,51.642402],[-0.406104,51.64245],[-0.405945,51.642586],[-0.405912,51.64263],[-0.405732,51.642756],[-0.405479,51.642907],[-0.404126,51.642067],[-0.404076,51.642021],[-0.404,51.641985],[-0.404304,51.641704]]]}},{"type":"Feature","properties":{"id":"substation-285","kind":"substation","name":"LOVEDEAN 132KV S/S","voltage":"132kV","status":"C","gid":10052184,"risk":"SAFE","floodCodes":[],"floodNames":[],"lng":-1.04048,"lat":50.916472},"geometry":{"type":"Polygon","coordinates":[[[-1.042092,50.916268],[-1.041721,50.916898],[-1.041674,50.916888],[-1.041619,50.916908],[-1.041565,50.916929],[-1.041395,50.916891],[-1.041245,50.916857],[-1.041105,50.916826],[-1.040882,50.916776],[-1.040851,50.916826],[-1.04079,50.916817],[-1.040532,50.916752],[-1.040566,50.916693],[-1.040234,50.916595],[-1.040199,50.916548],[-1.040137,50.916534],[-1.040121,50.916544],[-1.040104,50.916552],[-1.040092,50.916555],[-1.04008,50.916558],[-1.040067,50.916562],[-1.040048,50.916561],[-1.039666,50.916469],[-1.038311,50.91615],[-1.038478,50.915866],[-1.038876,50.915517],[-1.039716,50.915709],[-1.039757,50.915644],[-1.040451,50.915801],[-1.040405,50.915882],[-1.042092,50.916268]]]}},{"type":"Feature","properties":{"id":"substation-286","kind":"substation","name":"RAINHILL 132KV S/S","voltage":"132kV","status":"C","gid":10052185,"risk":"SAFE","floodCodes":[],"floodNames":[],"lng":-2.737615,"lat":53.421215},"geometry":{"type":"Polygon","coordinates":[[[-2.737038,53.421821],[-2.737563,53.420201],[-2.738478,53.420305],[-2.737959,53.421927],[-2.737038,53.421821]]]}},{"type":"Feature","properties":{"id":"substation-287","kind":"substation","name":"COVENTRY 132KV S/S","voltage":"132kV","status":"C","gid":10052186,"risk":"SAFE","floodCodes":[],"floodNames":[],"lng":-1.463865,"lat":52.455652},"geometry":{"type":"Polygon","coordinates":[[[-1.464329,52.456004],[-1.463035,52.455844],[-1.463005,52.455836],[-1.462931,52.455809],[-1.46288,52.455781],[-1.462821,52.455731],[-1.462796,52.455681],[-1.462795,52.455642],[-1.462996,52.455042],[-1.464749,52.45525],[-1.4648,52.455048],[-1.465142,52.455088],[-1.465027,52.455451],[-1.464893,52.45588],[-1.464827,52.456027],[-1.464342,52.455972],[-1.464329,52.456004]]]}},{"type":"Feature","properties":{"id":"substation-288","kind":"substation","name":"BURWELL MAIN 132KV S/S","voltage":"132kV","status":"C","gid":10052187,"risk":"SAFE","floodCodes":[],"floodNames":[],"lng":0.312711,"lat":52.279898},"geometry":{"type":"Polygon","coordinates":[[[0.313604,52.279832],[0.31343,52.27981],[0.313265,52.279676],[0.313018,52.279761],[0.312582,52.279376],[0.310754,52.280148],[0.311432,52.280753],[0.313604,52.279832]]]}},{"type":"Feature","properties":{"id":"substation-289","kind":"substation","name":"CHICKERELL 132KV S/S","voltage":"132kV","status":"C","gid":10052188,"risk":"SAFE","floodCodes":[],"floodNames":[],"lng":-2.48947,"lat":50.624454},"geometry":{"type":"Polygon","coordinates":[[[-2.490287,50.624777],[-2.4883,50.624832],[-2.488229,50.62396],[-2.490244,50.623924],[-2.490287,50.624777]]]}},{"type":"Feature","properties":{"id":"substation-290","kind":"substation","name":"EATON SOCON 132KV S/S","voltage":"132kV","status":"C","gid":10052189,"risk":"SAFE","floodCodes":[],"floodNames":[],"lng":-0.302662,"lat":52.214985},"geometry":{"type":"Polygon","coordinates":[[[-0.303177,52.215165],[-0.302313,52.215376],[-0.301892,52.214713],[-0.30275,52.214504],[-0.303177,52.215165]]]}},{"type":"Feature","properties":{"id":"substation-291","kind":"substation","name":"BISHOPS WOOD 132KV S/S","voltage":"132kV","status":"C","gid":10052190,"risk":"SAFE","floodCodes":[],"floodNames":[],"lng":-2.242499,"lat":52.312809},"geometry":{"type":"Polygon","coordinates":[[[-2.242159,52.313186],[-2.242001,52.313164],[-2.241986,52.3132],[-2.241872,52.313187],[-2.242449,52.311577],[-2.242543,52.311589],[-2.242553,52.311559],[-2.243632,52.311693],[-2.243027,52.313332],[-2.24298,52.313349],[-2.242878,52.313444],[-2.242649,52.313468],[-2.242102,52.313395],[-2.242159,52.313186]]]}},{"type":"Feature","properties":{"id":"substation-292","kind":"substation","name":"GRIMSBY WEST 132KV S/S","voltage":"132kV","status":"C","gid":10052191,"risk":"SAFE","floodCodes":[],"floodNames":[],"lng":-0.150917,"lat":53.565802},"geometry":{"type":"Polygon","coordinates":[[[-0.151987,53.566262],[-0.150816,53.566751],[-0.149532,53.565663],[-0.150633,53.565202],[-0.150694,53.565253],[-0.150769,53.565222],[-0.151987,53.566262]]]}},{"type":"Feature","properties":{"id":"substation-293","kind":"substation","name":"BARKING GRID 132KV S/S","voltage":"132kV","status":"C","gid":10052192,"risk":"HIGH","floodCodes":["063FWT23Barking"],"floodNames":["Tidal Thames from The Mardyke to Barking Creek"],"lng":0.109162,"lat":51.51775},"geometry":{"type":"Polygon","coordinates":[[[0.107831,51.517471],[0.108807,51.517744],[0.108797,51.517768],[0.10893,51.517805],[0.108943,51.517789],[0.109737,51.518016],[0.109783,51.51795],[0.109938,51.517994],[0.110006,51.517985],[0.11011,51.517844],[0.110054,51.517826],[0.109888,51.517815],[0.108796,51.5175],[0.107972,51.517264],[0.107831,51.517471]]]}},{"type":"Feature","properties":{"id":"substation-294","kind":"substation","name":"ABHAM 132KV S/S","voltage":"132kV","status":"C","gid":10052193,"risk":"SAFE","floodCodes":[],"floodNames":[],"lng":-3.729505,"lat":50.47184},"geometry":{"type":"Polygon","coordinates":[[[-3.729999,50.472408],[-3.729077,50.472401],[-3.729,50.472381],[-3.728962,50.47072],[-3.729992,50.470726],[-3.729999,50.472408]]]}},{"type":"Feature","properties":{"id":"substation-295","kind":"substation","name":"PENTRE-MAWR CABLE COMPOUND","voltage":"400kV","status":"C","gid":10052194,"risk":"SAFE","floodCodes":[],"floodNames":[],"lng":-3.480498,"lat":53.246759},"geometry":{"type":"Polygon","coordinates":[[[-3.480732,53.24671],[-3.480618,53.246887],[-3.480601,53.246906],[-3.480588,53.246916],[-3.480572,53.246924],[-3.480554,53.246927],[-3.480538,53.246927],[-3.480529,53.246925],[-3.480297,53.246871],[-3.480272,53.246865],[-3.480261,53.246858],[-3.480252,53.246849],[-3.480249,53.246836],[-3.480252,53.246823],[-3.480262,53.246803],[-3.480381,53.246621],[-3.480391,53.246609],[-3.480403,53.246598],[-3.480419,53.24659],[-3.480437,53.246587],[-3.480452,53.246587],[-3.480478,53.246592],[-3.480719,53.246649],[-3.48073,53.246655],[-3.48074,53.246664],[-3.480743,53.246677],[-3.480741,53.24669],[-3.480732,53.24671]]]}},{"type":"Feature","properties":{"id":"substation-296","kind":"substation","name":"CARPENTERS ROAD HEAD HOUSE","voltage":"-1kV","status":"C","gid":10052195,"risk":"HIGH","floodCodes":["062FWF53Stratfd"],"floodNames":["Lower River Lee at Stratford"],"lng":-0.009406,"lat":51.538056},"geometry":{"type":"Polygon","coordinates":[[[-0.009778,51.538045],[-0.009426,51.538116],[-0.009533,51.53831],[-0.009106,51.538404],[-0.009014,51.53824],[-0.009025,51.538239],[-0.00899,51.53818],[-0.009136,51.538062],[-0.009195,51.538018],[-0.009227,51.537997],[-0.009303,51.537949],[-0.009442,51.537882],[-0.009583,51.537833],[-0.00967,51.537899],[-0.009669,51.537908],[-0.009719,51.537942],[-0.009718,51.537942],[-0.009778,51.538045]]]}},{"type":"Feature","properties":{"id":"substation-297","kind":"substation","name":"HIGHBURY 400KV S/S","voltage":"400kV","status":"C","gid":10052196,"risk":"SAFE","floodCodes":[],"floodNames":[],"lng":-0.113585,"lat":51.561469},"geometry":{"type":"Polygon","coordinates":[[[-0.113884,51.561125],[-0.114255,51.561371],[-0.114115,51.561443],[-0.11384,51.5616],[-0.113609,51.561727],[-0.113373,51.561862],[-0.113228,51.561762],[-0.113034,51.561563],[-0.112987,51.561533],[-0.113001,51.561471],[-0.113807,51.561049],[-0.113884,51.561125]]]}},{"type":"Feature","properties":{"id":"substation-298","kind":"substation","name":"ISLINGTON HEADHOUSE","voltage":"132kV","status":"C","gid":10052197,"risk":"SAFE","floodCodes":[],"floodNames":[],"lng":-0.115766,"lat":51.549872},"geometry":{"type":"Polygon","coordinates":[[[-0.115951,51.549889],[-0.115823,51.549948],[-0.115774,51.549972],[-0.115697,51.549909],[-0.115657,51.549877],[-0.115545,51.549789],[-0.115732,51.549701],[-0.115951,51.549889]]]}},{"type":"Feature","properties":{"id":"substation-299","kind":"substation","name":"FOXHALL JUNCTION 25KV S/S","voltage":"25kV","status":"C","gid":10052198,"risk":"SAFE","floodCodes":[],"floodNames":[],"lng":-1.254262,"lat":51.614625},"geometry":{"type":"Polygon","coordinates":[[[-1.254457,51.614608],[-1.254371,51.614748],[-1.253969,51.614652],[-1.254055,51.614512],[-1.254457,51.614608]]]}},{"type":"Feature","properties":{"id":"substation-300","kind":"substation","name":"KIRKBY 132KV S/S","voltage":"132kV","status":"C","gid":10052199,"risk":"SAFE","floodCodes":[],"floodNames":[],"lng":-2.84978,"lat":53.469394},"geometry":{"type":"Polygon","coordinates":[[[-2.848731,53.470127],[-2.849171,53.468393],[-2.849866,53.468456],[-2.849851,53.46854],[-2.850128,53.468707],[-2.85027,53.468801],[-2.850245,53.468928],[-2.85012,53.469297],[-2.850203,53.469307],[-2.850154,53.469482],[-2.85003,53.469948],[-2.849833,53.469929],[-2.849791,53.470012],[-2.849704,53.470036],[-2.84966,53.470212],[-2.848731,53.470127]]]}},{"type":"Feature","properties":{"id":"substation-301","kind":"substation","name":"DRAKELOW 275KV S/S","voltage":"275kV","status":"C","gid":10052201,"risk":"SAFE","floodCodes":[],"floodNames":[],"lng":-1.655531,"lat":52.771314},"geometry":{"type":"Polygon","coordinates":[[[-1.657484,52.771085],[-1.657474,52.771094],[-1.656576,52.771821],[-1.656463,52.771912],[-1.656395,52.771969],[-1.65634,52.772012],[-1.656293,52.772054],[-1.656236,52.772099],[-1.656204,52.772121],[-1.655619,52.772564],[-1.654543,52.77338],[-1.652452,52.772449],[-1.652204,52.772642],[-1.651766,52.772436],[-1.65136,52.772234],[-1.651343,52.772194],[-1.651842,52.77184],[-1.651849,52.771835],[-1.652313,52.771853],[-1.652368,52.77188],[-1.652631,52.77201],[-1.652985,52.772181],[-1.653325,52.771944],[-1.653513,52.772004],[-1.653589,52.771946],[-1.653705,52.771883],[-1.653944,52.771755],[-1.654146,52.771695],[-1.654546,52.771604],[-1.654636,52.771574],[-1.655021,52.771279],[-1.655103,52.771215],[-1.655349,52.771015],[-1.655423,52.770958],[-1.655442,52.770939],[-1.655756,52.770702],[-1.655772,52.770689],[-1.655797,52.770672],[-1.655815,52.770664],[-1.65589,52.770598],[-1.655896,52.770592],[-1.655907,52.770583],[-1.65608,52.770448],[-1.65617,52.770413],[-1.656269,52.770389],[-1.656391,52.770363],[-1.656419,52.77036],[-1.656467,52.770365],[-1.656507,52.770375],[-1.656561,52.770391],[-1.656797,52.770505],[-1.657238,52.770718],[-1.657406,52.770799],[-1.657446,52.770818],[-1.657482,52.770833],[-1.657505,52.770852],[-1.657515,52.770863],[-1.657521,52.770875],[-1.657526,52.770896],[-1.657532,52.770939],[-1.657531,52.770961],[-1.657526,52.770979],[-1.657524,52.770986],[-1.657506,52.771007],[-1.657491,52.771023],[-1.657464,52.771044],[-1.657441,52.771065],[-1.657484,52.771085]]]}},{"type":"Feature","properties":{"id":"substation-302","kind":"substation","name":"ELSTREE 275KV S/S","voltage":"275kV","status":"C","gid":10052202,"risk":"LOW","floodCodes":["062FWF28Watford"],"floodNames":["River Colne at Watford"],"lng":-0.343146,"lat":51.660654},"geometry":{"type":"Polygon","coordinates":[[[-0.342559,51.660463],[-0.342961,51.660272],[-0.343413,51.660052],[-0.343723,51.659904],[-0.343875,51.659831],[-0.344033,51.659755],[-0.344313,51.659614],[-0.344409,51.659603],[-0.344493,51.659573],[-0.344767,51.659788],[-0.344768,51.659828],[-0.344699,51.659866],[-0.344722,51.659937],[-0.344941,51.660114],[-0.345017,51.660175],[-0.34568,51.660709],[-0.345886,51.660872],[-0.345896,51.660884],[-0.344391,51.661603],[-0.34424,51.661602],[-0.344147,51.661557],[-0.342051,51.662548],[-0.340861,51.661596],[-0.340561,51.661354],[-0.340807,51.661238],[-0.340871,51.661244],[-0.34091,51.661195],[-0.341112,51.661097],[-0.341151,51.661134],[-0.341363,51.661038],[-0.341377,51.66105],[-0.341399,51.66104],[-0.341658,51.660913],[-0.341764,51.660861],[-0.3419,51.660777],[-0.342559,51.660463]]]}},{"type":"Feature","properties":{"id":"substation-303","kind":"substation","name":"MANNINGTON 400KV S/S","voltage":"400kV","status":"C","gid":10052203,"risk":"SAFE","floodCodes":[],"floodNames":[],"lng":-1.89611,"lat":50.846897},"geometry":{"type":"Polygon","coordinates":[[[-1.898158,50.847355],[-1.896765,50.847533],[-1.896595,50.847553],[-1.895915,50.847644],[-1.895058,50.847753],[-1.894479,50.847814],[-1.894313,50.847836],[-1.894303,50.847815],[-1.894291,50.847788],[-1.894104,50.84721],[-1.89391,50.846527],[-1.89556,50.846303],[-1.895827,50.846275],[-1.895878,50.846282],[-1.896166,50.846261],[-1.896323,50.846311],[-1.896425,50.846322],[-1.896364,50.846134],[-1.896631,50.8461],[-1.897741,50.845955],[-1.897843,50.846292],[-1.897859,50.846345],[-1.897968,50.846757],[-1.898158,50.847355]]]}},{"type":"Feature","properties":{"id":"substation-304","kind":"substation","name":"AXMINSTER 400KV S/S","voltage":"400kV","status":"C","gid":10052204,"risk":"SAFE","floodCodes":[],"floodNames":[],"lng":-2.924137,"lat":50.786535},"geometry":{"type":"Polygon","coordinates":[[[-2.923621,50.78668],[-2.923254,50.786668],[-2.923393,50.786591],[-2.923387,50.786578],[-2.923388,50.786564],[-2.923406,50.786331],[-2.923507,50.786335],[-2.923518,50.786209],[-2.925643,50.786267],[-2.925619,50.786575],[-2.925204,50.786571],[-2.925197,50.786719],[-2.925162,50.786718],[-2.923621,50.78668]]]}},{"type":"Feature","properties":{"id":"substation-305","kind":"substation","name":"AMERSHAM 400KV S/S","voltage":"400kV","status":"C","gid":10052205,"risk":"SAFE","floodCodes":[],"floodNames":[],"lng":-0.656343,"lat":51.664842},"geometry":{"type":"Polygon","coordinates":[[[-0.654878,51.664815],[-0.655008,51.66478],[-0.656315,51.664331],[-0.656379,51.664337],[-0.65676,51.664219],[-0.656931,51.664169],[-0.656991,51.664238],[-0.657777,51.665132],[-0.656951,51.665411],[-0.657225,51.665723],[-0.656024,51.66613],[-0.654878,51.664815]]]}},{"type":"Feature","properties":{"id":"substation-306","kind":"substation","name":"PENISARWAUN CABLE COMPOUND","voltage":"400kV","status":"C","gid":10052206,"risk":"SAFE","floodCodes":[],"floodNames":[],"lng":-4.170533,"lat":53.150113},"geometry":{"type":"Polygon","coordinates":[[[-4.170574,53.150252],[-4.170194,53.150201],[-4.170307,53.149925],[-4.170624,53.149968],[-4.170679,53.149975],[-4.170627,53.150111],[-4.170616,53.15014],[-4.170598,53.150189],[-4.170574,53.150252]]]}},{"type":"Feature","properties":{"id":"substation-307","kind":"substation","name":"BARKING WEST 33KV S/S","voltage":"33kV","status":"C","gid":10052207,"risk":"HIGH","floodCodes":["063FWT23Barking"],"floodNames":["Tidal Thames from The Mardyke to Barking Creek"],"lng":0.10708,"lat":51.516491},"geometry":{"type":"Polygon","coordinates":[[[0.107096,51.516613],[0.107113,51.516589],[0.107398,51.516668],[0.107474,51.516565],[0.107226,51.516494],[0.107247,51.516465],[0.107269,51.51647],[0.107285,51.516447],[0.106636,51.516262],[0.10663,51.516261],[0.106491,51.516441],[0.107096,51.516613]]]}},{"type":"Feature","properties":{"id":"substation-308","kind":"substation","name":"HUTTON 132KV S/S","voltage":"132kV","status":"C","gid":10052208,"risk":"SAFE","floodCodes":[],"floodNames":[],"lng":-2.672126,"lat":54.297529},"geometry":{"type":"Polygon","coordinates":[[[-2.671709,54.298125],[-2.67175,54.297755],[-2.671689,54.297753],[-2.671724,54.297474],[-2.671773,54.297475],[-2.671824,54.297044],[-2.671858,54.297046],[-2.671953,54.296977],[-2.672965,54.297023],[-2.672897,54.297431],[-2.672757,54.297511],[-2.672622,54.297508],[-2.672535,54.298163],[-2.671709,54.298125]]]}},{"type":"Feature","properties":{"id":"substation-309","kind":"substation","name":"BLYTH 275KV S/S","voltage":"275kV","status":"C","gid":10052209,"risk":"SAFE","floodCodes":[],"floodNames":[],"lng":-1.531212,"lat":55.141223},"geometry":{"type":"Polygon","coordinates":[[[-1.53327,55.140914],[-1.533063,55.141679],[-1.533197,55.141755],[-1.533187,55.141847],[-1.533166,55.141889],[-1.53308,55.141924],[-1.533003,55.141936],[-1.532891,55.141927],[-1.532609,55.141904],[-1.532582,55.141877],[-1.532084,55.141831],[-1.532072,55.141801],[-1.532031,55.141798],[-1.532,55.141815],[-1.531071,55.141746],[-1.53105,55.141717],[-1.531007,55.141714],[-1.530915,55.141749],[-1.530467,55.141707],[-1.530403,55.141676],[-1.530019,55.141646],[-1.530007,55.141621],[-1.529955,55.141618],[-1.529898,55.141651],[-1.528429,55.14151],[-1.528412,55.141478],[-1.528227,55.141463],[-1.528313,55.141156],[-1.52789,55.140973],[-1.52795,55.140775],[-1.528446,55.140602],[-1.528579,55.140616],[-1.529038,55.140439],[-1.529043,55.140388],[-1.529122,55.140367],[-1.529378,55.140395],[-1.529389,55.140366],[-1.530149,55.140426],[-1.531035,55.140496],[-1.531734,55.140561],[-1.532865,55.140672],[-1.532862,55.140691],[-1.532857,55.140724],[-1.532854,55.14074],[-1.532885,55.14078],[-1.532998,55.140788],[-1.533201,55.140802],[-1.533299,55.140809],[-1.533292,55.140835],[-1.533278,55.140886],[-1.53327,55.140914]]]}},{"type":"Feature","properties":{"id":"substation-310","kind":"substation","name":"BRADFORD WEST 275KV SUBSTATION","voltage":"275kV","status":"C","gid":10052210,"risk":"SAFE","floodCodes":[],"floodNames":[],"lng":-1.865298,"lat":53.810726},"geometry":{"type":"Polygon","coordinates":[[[-1.865248,53.811602],[-1.865137,53.811579],[-1.865124,53.811557],[-1.865063,53.811573],[-1.864409,53.810794],[-1.864916,53.810645],[-1.864411,53.81006],[-1.863937,53.810203],[-1.863699,53.80992],[-1.865581,53.809381],[-1.865641,53.809453],[-1.86611,53.810011],[-1.86627,53.81021],[-1.866966,53.811063],[-1.866932,53.811119],[-1.865373,53.811565],[-1.865248,53.811602]]]}},{"type":"Feature","properties":{"id":"substation-311","kind":"substation","name":"ELLAND 275KV S/S","voltage":"275kV","status":"C","gid":10052211,"risk":"HIGH","floodCodes":["123FWF323"],"floodNames":["River Calder at Elland - Saddleworth Road to Lowfields Business Park"],"lng":-1.823529,"lat":53.694033},"geometry":{"type":"Polygon","coordinates":[[[-1.822599,53.69433],[-1.822747,53.694305],[-1.822717,53.694245],[-1.822823,53.694227],[-1.822543,53.693641],[-1.822981,53.693568],[-1.824023,53.69339],[-1.824522,53.693305],[-1.824651,53.693568],[-1.824884,53.694046],[-1.824887,53.694071],[-1.824865,53.694094],[-1.824802,53.694116],[-1.822958,53.694423],[-1.822744,53.694458],[-1.822652,53.694447],[-1.822599,53.69433]]]}},{"type":"Feature","properties":{"id":"substation-312","kind":"substation","name":"KIRKSTALL A 275KV S/S","voltage":"275kV","status":"C","gid":10052212,"risk":"LOW","floodCodes":["123FWF163"],"floodNames":["River Aire at Kirkstall Road and Wellington Street"],"lng":-1.598022,"lat":53.806208},"geometry":{"type":"Polygon","coordinates":[[[-1.59936,53.806374],[-1.599341,53.8064],[-1.598712,53.80692],[-1.598677,53.80695],[-1.598671,53.806954],[-1.598604,53.806959],[-1.596832,53.806218],[-1.596783,53.806193],[-1.596744,53.806161],[-1.596735,53.80614],[-1.596727,53.80609],[-1.596739,53.806064],[-1.597346,53.805554],[-1.597392,53.805532],[-1.597416,53.805526],[-1.597473,53.805521],[-1.597534,53.805528],[-1.599306,53.806267],[-1.599342,53.806289],[-1.599367,53.806343],[-1.59936,53.806374]]]}},{"type":"Feature","properties":{"id":"substation-313","kind":"substation","name":"ELSTREE 400KV S/S","voltage":"400kV","status":"C","gid":10052213,"risk":"SAFE","floodCodes":[],"floodNames":[],"lng":-0.345094,"lat":51.661494},"geometry":{"type":"Polygon","coordinates":[[[-0.346096,51.660927],[-0.346208,51.661019],[-0.346285,51.66108],[-0.346285,51.661134],[-0.346528,51.661152],[-0.346846,51.661204],[-0.346839,51.661381],[-0.346274,51.661477],[-0.345816,51.6617],[-0.345803,51.661776],[-0.345608,51.661869],[-0.345613,51.661945],[-0.345822,51.66209],[-0.345775,51.662106],[-0.345734,51.662104],[-0.344798,51.662558],[-0.343812,51.661768],[-0.343749,51.661745],[-0.343786,51.661727],[-0.343817,51.661713],[-0.343823,51.66171],[-0.343831,51.661706],[-0.343838,51.661703],[-0.34384,51.661702],[-0.343845,51.661699],[-0.343853,51.661696],[-0.343864,51.66169],[-0.343876,51.661685],[-0.343909,51.661669],[-0.344042,51.661606],[-0.344147,51.661557],[-0.34424,51.661602],[-0.344323,51.661603],[-0.344391,51.661603],[-0.344551,51.661527],[-0.344746,51.661434],[-0.345223,51.661206],[-0.345573,51.661039],[-0.345759,51.66095],[-0.345896,51.660884],[-0.345939,51.660875],[-0.346025,51.660904],[-0.346042,51.660896],[-0.346053,51.660891],[-0.346096,51.660927]]]}},{"type":"Feature","properties":{"id":"substation-314","kind":"substation","name":"DUNGENESS 400KV S/S","voltage":"400kV","status":"C","gid":10052214,"risk":"HIGH","floodCodes":["064FWC9"],"floodNames":["Coast from Dungeness to Rye"],"lng":0.946958,"lat":50.915107},"geometry":{"type":"Polygon","coordinates":[[[0.94838,50.916075],[0.948391,50.915541],[0.948775,50.915544],[0.948778,50.915285],[0.948794,50.914654],[0.948411,50.914649],[0.948428,50.913917],[0.946535,50.913898],[0.946524,50.914295],[0.946114,50.914291],[0.946106,50.914506],[0.946272,50.914508],[0.946268,50.91467],[0.946102,50.914668],[0.946099,50.914889],[0.946371,50.914891],[0.946361,50.915242],[0.946093,50.915242],[0.946092,50.915465],[0.946258,50.915467],[0.946254,50.915631],[0.946086,50.91563],[0.946082,50.915847],[0.946486,50.915852],[0.94648,50.916057],[0.94838,50.916075]]]}},{"type":"Feature","properties":{"id":"substation-315","kind":"substation","name":"STELLA WEST 275KV S/S","voltage":"275kV","status":"C","gid":10052215,"risk":"SAFE","floodCodes":[],"floodNames":[],"lng":-1.742643,"lat":54.977422},"geometry":{"type":"Polygon","coordinates":[[[-1.740085,54.978254],[-1.740235,54.978101],[-1.740408,54.977936],[-1.740916,54.97746],[-1.741493,54.976916],[-1.742073,54.976368],[-1.742308,54.976183],[-1.742417,54.976197],[-1.743028,54.976364],[-1.742995,54.976399],[-1.743246,54.976556],[-1.743831,54.976759],[-1.744125,54.97693],[-1.744241,54.97697],[-1.74431,54.976992],[-1.743905,54.977372],[-1.744099,54.977437],[-1.743363,54.978123],[-1.744069,54.978372],[-1.743611,54.978806],[-1.743428,54.97887],[-1.742511,54.97909],[-1.740085,54.978254]]]}},{"type":"Feature","properties":{"id":"substation-316","kind":"substation","name":"HAMS HALL 400KV S/S","voltage":"400kV","status":"C","gid":10052216,"risk":"SAFE","floodCodes":[],"floodNames":[],"lng":-1.713979,"lat":52.530611},"geometry":{"type":"Polygon","coordinates":[[[-1.71407,52.53278],[-1.71196,52.532033],[-1.712633,52.531305],[-1.71268,52.531259],[-1.712704,52.531239],[-1.712734,52.531223],[-1.712769,52.531207],[-1.712942,52.531149],[-1.71338,52.530682],[-1.713369,52.53054],[-1.713445,52.530459],[-1.713419,52.53045],[-1.713232,52.530387],[-1.712967,52.530293],[-1.712935,52.530281],[-1.713362,52.529618],[-1.713569,52.529636],[-1.713598,52.52951],[-1.713896,52.52919],[-1.714454,52.529376],[-1.716515,52.530111],[-1.716596,52.530137],[-1.716592,52.530166],[-1.716554,52.530193],[-1.716535,52.530209],[-1.716443,52.530293],[-1.71407,52.53278]]]}},{"type":"Feature","properties":{"id":"substation-317","kind":"substation","name":"BOLNEY 400KV S/S","voltage":"400kV","status":"C","gid":10052217,"risk":"SAFE","floodCodes":[],"floodNames":[],"lng":-0.234577,"lat":50.974866},"geometry":{"type":"Polygon","coordinates":[[[-0.232883,50.974056],[-0.232966,50.973943],[-0.233032,50.973963],[-0.233045,50.973945],[-0.23306,50.973933],[-0.23308,50.973917],[-0.233105,50.973903],[-0.233122,50.973893],[-0.233151,50.973883],[-0.233197,50.97389],[-0.23333,50.973929],[-0.233743,50.974048],[-0.23425,50.974201],[-0.234491,50.974275],[-0.234743,50.974349],[-0.234998,50.974423],[-0.235189,50.97448],[-0.235377,50.974539],[-0.235669,50.974622],[-0.235998,50.97472],[-0.236056,50.974737],[-0.236167,50.974772],[-0.236452,50.974863],[-0.236908,50.974996],[-0.237101,50.975054],[-0.237154,50.97507],[-0.23727,50.975104],[-0.23734,50.975125],[-0.237664,50.975221],[-0.238016,50.97529],[-0.237955,50.975386],[-0.238108,50.975716],[-0.237898,50.975997],[-0.23729,50.97682],[-0.236911,50.976886],[-0.23615,50.976652],[-0.236052,50.976546],[-0.235094,50.976232],[-0.234904,50.976269],[-0.234413,50.976125],[-0.234265,50.975971],[-0.233871,50.975854],[-0.233297,50.975685],[-0.232789,50.975537],[-0.232767,50.97532],[-0.232736,50.975151],[-0.232836,50.975005],[-0.232954,50.974866],[-0.233082,50.974668],[-0.233085,50.974583],[-0.232992,50.974553],[-0.232719,50.974506],[-0.232676,50.97445],[-0.23266,50.974372],[-0.232693,50.974301],[-0.232729,50.97424],[-0.232809,50.974131],[-0.232855,50.974092],[-0.232883,50.974056]]]}},{"type":"Feature","properties":{"id":"substation-318","kind":"substation","name":"WHITEGATE 275KV S/S","voltage":"275kV","status":"C","gid":10052218,"risk":"SAFE","floodCodes":[],"floodNames":[],"lng":-2.167395,"lat":53.529026},"geometry":{"type":"Polygon","coordinates":[[[-2.169156,53.528913],[-2.168714,53.528941],[-2.168797,53.52943],[-2.16865,53.52944],[-2.16844,53.529389],[-2.168405,53.529193],[-2.166117,53.529332],[-2.16575,53.529209],[-2.165336,53.529231],[-2.165305,53.529029],[-2.165388,53.528914],[-2.165292,53.528328],[-2.169025,53.528103],[-2.169156,53.528913]]]}},{"type":"Feature","properties":{"id":"substation-319","kind":"substation","name":"POPPLETON 275KV S/S","voltage":"275kV","status":"C","gid":10052219,"risk":"SAFE","floodCodes":[],"floodNames":[],"lng":-1.131617,"lat":53.975035},"geometry":{"type":"Polygon","coordinates":[[[-1.130931,53.975107],[-1.131852,53.974651],[-1.131962,53.974727],[-1.132039,53.97478],[-1.132351,53.975002],[-1.131438,53.975454],[-1.131427,53.975449],[-1.130931,53.975107]]]}},{"type":"Feature","properties":{"id":"substation-320","kind":"substation","name":"DRAX 400KV S/S","voltage":"400kV","status":"C","gid":10052220,"risk":"SAFE","floodCodes":[],"floodNames":[],"lng":-0.992447,"lat":53.736199},"geometry":{"type":"Polygon","coordinates":[[[-0.991556,53.738048],[-0.991147,53.737996],[-0.990954,53.737969],[-0.99093,53.737967],[-0.990604,53.737924],[-0.990513,53.737916],[-0.9905,53.737913],[-0.990492,53.737909],[-0.99048,53.737902],[-0.990476,53.737895],[-0.990468,53.737883],[-0.990467,53.737874],[-0.990479,53.737838],[-0.990933,53.736654],[-0.990947,53.736567],[-0.991064,53.736205],[-0.991205,53.735834],[-0.991304,53.735567],[-0.991322,53.735521],[-0.991365,53.735414],[-0.991405,53.735324],[-0.991413,53.735279],[-0.991467,53.735143],[-0.991753,53.734382],[-0.991777,53.734313],[-0.991786,53.734288],[-0.991812,53.734263],[-0.99185,53.734241],[-0.991903,53.734224],[-0.991959,53.734217],[-0.992,53.734217],[-0.992191,53.734235],[-0.992274,53.73425],[-0.992696,53.734305],[-0.993391,53.734394],[-0.993855,53.734453],[-0.994066,53.734481],[-0.994179,53.734506],[-0.994194,53.734511],[-0.994205,53.734515],[-0.994224,53.734525],[-0.994245,53.734538],[-0.99427,53.734556],[-0.994291,53.734575],[-0.994308,53.734601],[-0.994324,53.734643],[-0.99433,53.734691],[-0.994326,53.734705],[-0.993982,53.735633],[-0.993976,53.735649],[-0.993966,53.735665],[-0.993793,53.736121],[-0.993717,53.736337],[-0.993696,53.736397],[-0.993645,53.736537],[-0.993448,53.737084],[-0.993285,53.737517],[-0.993224,53.737659],[-0.993031,53.738157],[-0.993016,53.738193],[-0.99301,53.738204],[-0.993001,53.738211],[-0.992987,53.738218],[-0.992975,53.738222],[-0.992967,53.738224],[-0.992961,53.738224],[-0.992949,53.738224],[-0.992299,53.738141],[-0.992113,53.73812],[-0.991556,53.738048]]]}},{"type":"Feature","properties":{"id":"substation-321","kind":"substation","name":"TREMORFA 33KV S/S","voltage":"33kV","status":"C","gid":10052221,"risk":"SAFE","floodCodes":[],"floodNames":[],"lng":-3.130719,"lat":51.481762},"geometry":{"type":"Polygon","coordinates":[[[-3.130757,51.481781],[-3.130667,51.48184],[-3.130385,51.48167],[-3.130551,51.481561],[-3.130998,51.48183],[-3.130918,51.481876],[-3.130757,51.481781]]]}},{"type":"Feature","properties":{"id":"substation-322","kind":"substation","name":"SINGLEWELL 400KV S/S","voltage":"400kV","status":"C","gid":10052223,"risk":"SAFE","floodCodes":[],"floodNames":[],"lng":0.392617,"lat":51.404975},"geometry":{"type":"Polygon","coordinates":[[[0.392437,51.405389],[0.39308,51.405201],[0.393175,51.405169],[0.393195,51.405161],[0.393187,51.405136],[0.392767,51.404582],[0.392715,51.404514],[0.392578,51.404555],[0.392468,51.404588],[0.392396,51.40461],[0.391548,51.404864],[0.392043,51.405512],[0.392437,51.405389]]]}},{"type":"Feature","properties":{"id":"substation-323","kind":"substation","name":"LEIGHTON BUZZARD 400KV S/S","voltage":"400kV","status":"C","gid":10052224,"risk":"SAFE","floodCodes":[],"floodNames":[],"lng":-0.677661,"lat":51.904492},"geometry":{"type":"Polygon","coordinates":[[[-0.677931,51.904972],[-0.677945,51.905103],[-0.677955,51.9052],[-0.677742,51.905222],[-0.677516,51.904933],[-0.677421,51.904927],[-0.677413,51.904819],[-0.677398,51.904603],[-0.677419,51.904532],[-0.677415,51.904467],[-0.67741,51.904397],[-0.677399,51.90422],[-0.677392,51.904134],[-0.677348,51.903857],[-0.677368,51.903856],[-0.677441,51.903852],[-0.677651,51.90385],[-0.677652,51.903908],[-0.677781,51.903908],[-0.677802,51.904033],[-0.677817,51.90412],[-0.677834,51.904218],[-0.677884,51.904509],[-0.677894,51.904603],[-0.677912,51.904782],[-0.67792,51.904856],[-0.677926,51.904914],[-0.677931,51.904972]]]}},{"type":"Feature","properties":{"id":"substation-324","kind":"substation","name":"SELLINDGE 400KV S/S","voltage":"400kV","status":"C","gid":10052225,"risk":"HIGH","floodCodes":["064FWF6EastStour"],"floodNames":["East Stour from Sellinge to South Ashford"],"lng":0.975968,"lat":51.106602},"geometry":{"type":"Polygon","coordinates":[[[0.975932,51.107047],[0.976004,51.107036],[0.976035,51.107032],[0.976051,51.107028],[0.976065,51.107023],[0.976079,51.107018],[0.976093,51.107013],[0.976106,51.107006],[0.976131,51.106993],[0.976134,51.10699],[0.976156,51.106975],[0.976167,51.106967],[0.976175,51.106959],[0.976184,51.106949],[0.976192,51.10694],[0.976197,51.106933],[0.976282,51.106766],[0.976629,51.106721],[0.976766,51.106702],[0.976943,51.106676],[0.97722,51.10664],[0.977232,51.106439],[0.977213,51.106383],[0.977187,51.106305],[0.977139,51.10622],[0.977127,51.106183],[0.977093,51.106086],[0.977085,51.106063],[0.977076,51.106039],[0.977044,51.10594],[0.977039,51.105928],[0.977035,51.105925],[0.97703,51.105919],[0.977022,51.105912],[0.977021,51.10591],[0.976996,51.105896],[0.976991,51.105893],[0.976984,51.105891],[0.976963,51.10589],[0.976936,51.105894],[0.976519,51.105957],[0.976177,51.106006],[0.976132,51.106011],[0.976105,51.106014],[0.976078,51.106017],[0.975716,51.10607],[0.975652,51.106078],[0.975622,51.106082],[0.975473,51.106108],[0.975457,51.106109],[0.975039,51.106168],[0.975021,51.106173],[0.975006,51.106183],[0.974995,51.106192],[0.974987,51.106203],[0.974983,51.106219],[0.974984,51.106237],[0.974988,51.106254],[0.975,51.106287],[0.975079,51.106524],[0.975155,51.106735],[0.975233,51.106947],[0.97525,51.107002],[0.975259,51.107012],[0.975271,51.107023],[0.975277,51.107029],[0.975285,51.107037],[0.975296,51.107044],[0.975305,51.107051],[0.975309,51.107054],[0.975316,51.107059],[0.975334,51.10707],[0.975345,51.107075],[0.975355,51.107078],[0.975358,51.10708],[0.975371,51.107084],[0.975385,51.107088],[0.975399,51.107091],[0.975413,51.107095],[0.97542,51.107095],[0.975435,51.107098],[0.975449,51.107099],[0.975465,51.1071],[0.975479,51.107101],[0.975515,51.1071],[0.975538,51.107099],[0.975574,51.107093],[0.975642,51.107083],[0.975932,51.107047]]]}},{"type":"Feature","properties":{"id":"substation-325","kind":"substation","name":"STOCKSBRIDGE 400KV S/S","voltage":"400kV","status":"C","gid":10052226,"risk":"LOW","floodCodes":["123FWF041"],"floodNames":["River Little Don at Stocksbridge"],"lng":-1.602057,"lat":53.487822},"geometry":{"type":"Polygon","coordinates":[[[-1.602949,53.487597],[-1.602937,53.487669],[-1.602927,53.487734],[-1.602896,53.487893],[-1.602937,53.487896],[-1.602928,53.487936],[-1.602908,53.487935],[-1.602898,53.488004],[-1.602691,53.487991],[-1.602488,53.487977],[-1.602135,53.487954],[-1.601821,53.487933],[-1.601359,53.487902],[-1.601154,53.487887],[-1.60104,53.487879],[-1.601034,53.487879],[-1.601039,53.487856],[-1.600982,53.487852],[-1.601,53.487746],[-1.601051,53.487492],[-1.601131,53.487472],[-1.602949,53.487597]]]}},{"type":"Feature","properties":{"id":"substation-326","kind":"substation","name":"WEST WEYBRIDGE 275KV S/S","voltage":"275kV","status":"C","gid":10052227,"risk":"HIGH","floodCodes":["061FWF30RiveDtch"],"floodNames":["The Rive Ditch at Woodham"],"lng":-0.480634,"lat":51.352336},"geometry":{"type":"Polygon","coordinates":[[[-0.480758,51.353952],[-0.478767,51.352555],[-0.479091,51.352361],[-0.478617,51.352029],[-0.47962,51.35149],[-0.479829,51.351357],[-0.479756,51.351129],[-0.480096,51.350958],[-0.48102,51.351607],[-0.480407,51.351944],[-0.480992,51.352357],[-0.481111,51.352289],[-0.481185,51.352341],[-0.481497,51.352167],[-0.48192,51.352464],[-0.482292,51.353098],[-0.482185,51.353159],[-0.482149,51.353179],[-0.480758,51.353952]]]}},{"type":"Feature","properties":{"id":"substation-327","kind":"substation","name":"TAUNTON 400KV S/S","voltage":"400kV","status":"C","gid":10052228,"risk":"LOW","floodCodes":["112FWFTON10A"],"floodNames":["River Tone from Waterrow to Taunton"],"lng":-3.154907,"lat":51.017172},"geometry":{"type":"Polygon","coordinates":[[[-3.155415,51.017889],[-3.15472,51.017828],[-3.154412,51.017801],[-3.154286,51.017788],[-3.154014,51.017765],[-3.15363,51.017731],[-3.153678,51.017513],[-3.153783,51.017042],[-3.153843,51.016851],[-3.153831,51.016798],[-3.153975,51.016162],[-3.153861,51.016154],[-3.153907,51.015974],[-3.156449,51.016194],[-3.156372,51.016554],[-3.1566,51.016576],[-3.156452,51.017229],[-3.156229,51.017208],[-3.156109,51.017724],[-3.156062,51.017943],[-3.155415,51.017889]]]}},{"type":"Feature","properties":{"id":"substation-328","kind":"substation","name":"BRINSWORTH 275KV S/S","voltage":"275kV","status":"C","gid":10052229,"risk":"SAFE","floodCodes":[],"floodNames":[],"lng":-1.351982,"lat":53.401627},"geometry":{"type":"Polygon","coordinates":[[[-1.350111,53.401837],[-1.350675,53.400604],[-1.352192,53.400851],[-1.352111,53.401038],[-1.352301,53.401068],[-1.352382,53.400884],[-1.352513,53.400906],[-1.353441,53.401057],[-1.353527,53.401071],[-1.353922,53.401138],[-1.353366,53.402366],[-1.35204,53.402145],[-1.352019,53.402141],[-1.351888,53.40212],[-1.351772,53.402102],[-1.351835,53.401944],[-1.351863,53.401948],[-1.351886,53.401895],[-1.351801,53.401881],[-1.351812,53.401857],[-1.35178,53.401853],[-1.351731,53.401844],[-1.351713,53.401842],[-1.3516,53.402075],[-1.351141,53.401999],[-1.350111,53.401837]]]}},{"type":"Feature","properties":{"id":"substation-329","kind":"substation","name":"PENN 275KV S/S","voltage":"275kV","status":"C","gid":10052230,"risk":"SAFE","floodCodes":[],"floodNames":[],"lng":-2.21026,"lat":52.556042},"geometry":{"type":"Polygon","coordinates":[[[-2.210599,52.556744],[-2.208907,52.556765],[-2.208852,52.555637],[-2.210221,52.555607],[-2.21023,52.555543],[-2.210427,52.555542],[-2.21047,52.555541],[-2.210513,52.555534],[-2.210532,52.55584],[-2.210548,52.55584],[-2.210583,52.556306],[-2.210565,52.556307],[-2.21059,52.556631],[-2.210599,52.556744]]]}},{"type":"Feature","properties":{"id":"substation-330","kind":"substation","name":"CILFYNYDD 400KV S/S","voltage":"400kV","status":"C","gid":10052231,"risk":"SAFE","floodCodes":[],"floodNames":[],"lng":-3.300131,"lat":51.635699},"geometry":{"type":"Polygon","coordinates":[[[-3.300863,51.636726],[-3.299323,51.636787],[-3.299293,51.636506],[-3.299176,51.636447],[-3.299062,51.636387],[-3.298799,51.636398],[-3.298796,51.636357],[-3.298739,51.635742],[-3.298371,51.635748],[-3.298357,51.635481],[-3.298457,51.635471],[-3.298429,51.635257],[-3.298421,51.635189],[-3.298448,51.635183],[-3.298485,51.635181],[-3.298567,51.635178],[-3.298685,51.635174],[-3.29876,51.635171],[-3.298838,51.635168],[-3.298958,51.635164],[-3.300095,51.635121],[-3.300688,51.635099],[-3.300699,51.635098],[-3.301156,51.635083],[-3.301294,51.635079],[-3.301373,51.635075],[-3.301431,51.635058],[-3.301456,51.635291],[-3.30146,51.635336],[-3.301466,51.635383],[-3.301589,51.63538],[-3.301833,51.635373],[-3.302773,51.635339],[-3.302858,51.636247],[-3.302478,51.636262],[-3.301426,51.6363],[-3.301014,51.636315],[-3.300918,51.636386],[-3.300835,51.636447],[-3.300847,51.636561],[-3.300863,51.636726]]]}},{"type":"Feature","properties":{"id":"substation-331","kind":"substation","name":"BOTLEY WOOD 400KV S/S","voltage":"400kV","status":"C","gid":10052232,"risk":"LOW","floodCodes":["065FWF3903"],"floodNames":["Whiteley on the Whiteley Stream"],"lng":-1.2321,"lat":50.884582},"geometry":{"type":"Polygon","coordinates":[[[-1.231136,50.884783],[-1.232732,50.884],[-1.232963,50.884183],[-1.232592,50.884365],[-1.23255,50.884386],[-1.232764,50.884559],[-1.231956,50.884955],[-1.231777,50.884813],[-1.231398,50.884994],[-1.231136,50.884783]]]}},{"type":"Feature","properties":{"id":"substation-332","kind":"substation","name":"PENTIR 400KV S/S","voltage":"400kV","status":"C","gid":10052233,"risk":"SAFE","floodCodes":[],"floodNames":[],"lng":-4.158217,"lat":53.187779},"geometry":{"type":"Polygon","coordinates":[[[-4.158244,53.188859],[-4.158241,53.188856],[-4.15824,53.188852],[-4.156625,53.187947],[-4.156117,53.187663],[-4.155982,53.187586],[-4.155906,53.187543],[-4.155888,53.187534],[-4.155874,53.187526],[-4.155859,53.187515],[-4.155855,53.187511],[-4.155849,53.187498],[-4.155848,53.187475],[-4.155849,53.187468],[-4.155847,53.187431],[-4.15583,53.187224],[-4.155823,53.187133],[-4.155824,53.187122],[-4.155833,53.18711],[-4.155917,53.186974],[-4.155924,53.186965],[-4.155933,53.186956],[-4.155943,53.186947],[-4.155951,53.18694],[-4.15599,53.186916],[-4.156,53.186911],[-4.156242,53.186761],[-4.15631,53.186719],[-4.156334,53.186704],[-4.156482,53.186616],[-4.156556,53.186567],[-4.157026,53.186266],[-4.157234,53.186261],[-4.157452,53.186381],[-4.158386,53.186909],[-4.158808,53.187135],[-4.159075,53.187288],[-4.159823,53.18771],[-4.159914,53.18776],[-4.159939,53.187779],[-4.159956,53.187794],[-4.159977,53.18784],[-4.160048,53.188001],[-4.160085,53.188084],[-4.160086,53.188089],[-4.160088,53.188094],[-4.160089,53.188099],[-4.16009,53.188104],[-4.16009,53.188109],[-4.16009,53.188114],[-4.160089,53.188119],[-4.160089,53.188124],[-4.160088,53.188129],[-4.160086,53.188139],[-4.160084,53.188144],[-4.160082,53.188151],[-4.16008,53.188157],[-4.160077,53.188164],[-4.160074,53.18817],[-4.16007,53.188176],[-4.160066,53.188183],[-4.160063,53.188188],[-4.160059,53.188192],[-4.160054,53.188197],[-4.160049,53.188202],[-4.159932,53.188291],[-4.15992,53.188304],[-4.159826,53.188366],[-4.159782,53.188407],[-4.159596,53.188516],[-4.159162,53.188792],[-4.158882,53.188851],[-4.158869,53.188853],[-4.158854,53.188854],[-4.158839,53.188853],[-4.158267,53.188864],[-4.158252,53.188864],[-4.158244,53.188859]]]}},{"type":"Feature","properties":{"id":"substation-333","kind":"substation","name":"MACCLESFIELD 275KV S/S","voltage":"275kV","status":"C","gid":10052234,"risk":"SAFE","floodCodes":[],"floodNames":[],"lng":-2.12027,"lat":53.268395},"geometry":{"type":"Polygon","coordinates":[[[-2.120663,53.268896],[-2.119586,53.268514],[-2.119704,53.268408],[-2.119959,53.268262],[-2.120145,53.268126],[-2.120229,53.268066],[-2.120307,53.268038],[-2.121176,53.268346],[-2.120663,53.268896]]]}},{"type":"Feature","properties":{"id":"substation-334","kind":"substation","name":"THURCROFT 275KV S/S","voltage":"275kV","status":"C","gid":10052235,"risk":"SAFE","floodCodes":[],"floodNames":[],"lng":-1.268372,"lat":53.404961},"geometry":{"type":"Polygon","coordinates":[[[-1.268607,53.405491],[-1.268546,53.405451],[-1.268244,53.405399],[-1.268038,53.405261],[-1.26797,53.405297],[-1.267467,53.404962],[-1.267534,53.404923],[-1.267448,53.404865],[-1.267464,53.404814],[-1.26773,53.40467],[-1.268009,53.404517],[-1.268382,53.404334],[-1.268625,53.404355],[-1.26874,53.40443],[-1.268796,53.404404],[-1.269606,53.404953],[-1.269607,53.405004],[-1.269031,53.405317],[-1.268979,53.405289],[-1.268607,53.405491]]]}},{"type":"Feature","properties":{"id":"substation-335","kind":"substation","name":"UPPER BOAT 275KV S/S","voltage":"275kV","status":"C","gid":10052236,"risk":"SAFE","floodCodes":[],"floodNames":[],"lng":-3.300464,"lat":51.574098},"geometry":{"type":"Polygon","coordinates":[[[-3.299314,51.574366],[-3.29951,51.573622],[-3.299781,51.573652],[-3.300007,51.573676],[-3.300031,51.573673],[-3.300068,51.57366],[-3.300096,51.573517],[-3.301,51.573604],[-3.300966,51.573749],[-3.300985,51.57377],[-3.301402,51.573811],[-3.301499,51.57389],[-3.301352,51.57445],[-3.301387,51.574494],[-3.301363,51.574571],[-3.301053,51.57454],[-3.300552,51.574488],[-3.300288,51.574464],[-3.300278,51.574497],[-3.300163,51.574484],[-3.300173,51.574454],[-3.300091,51.574446],[-3.299314,51.574366]]]}},{"type":"Feature","properties":{"id":"substation-336","kind":"substation","name":"WALTHAM CROSS 400KV S/S","voltage":"400kV","status":"C","gid":10052237,"risk":"HIGH","floodCodes":["062FWF53Hoddesdn"],"floodNames":["Lower River Lee at Hoddesdon and Cheshunt"],"lng":-0.011275,"lat":51.71479},"geometry":{"type":"Polygon","coordinates":[[[-0.010504,51.715135],[-0.010008,51.714739],[-0.010182,51.714375],[-0.010579,51.714449],[-0.010855,51.714503],[-0.011073,51.714543],[-0.011343,51.714652],[-0.011973,51.714767],[-0.011988,51.714734],[-0.012109,51.714756],[-0.012095,51.714789],[-0.012315,51.71483],[-0.01217,51.715139],[-0.011423,51.715304],[-0.010504,51.715135]]]}},{"type":"Feature","properties":{"id":"substation-337","kind":"substation","name":"HARTLEPOOL 275KV S/S","voltage":"275kV","status":"C","gid":10052238,"risk":"HIGH","floodCodes":["121FWT565"],"floodNames":["Tees estuary at Greatham Creek"],"lng":-1.183164,"lat":54.635726},"geometry":{"type":"Polygon","coordinates":[[[-1.182579,54.635955],[-1.182747,54.635697],[-1.182726,54.635691],[-1.182777,54.635609],[-1.182882,54.635631],[-1.182996,54.635455],[-1.182916,54.635436],[-1.183088,54.635177],[-1.183865,54.635345],[-1.183696,54.635603],[-1.183767,54.635619],[-1.183598,54.63588],[-1.183527,54.635864],[-1.183441,54.635994],[-1.183568,54.636022],[-1.183484,54.636151],[-1.182723,54.635986],[-1.182579,54.635955]]]}},{"type":"Feature","properties":{"id":"substation-338","kind":"substation","name":"TYNEMOUTH 11KV S/S","voltage":"11kV","status":"C","gid":10052239,"risk":"SAFE","floodCodes":[],"floodNames":[],"lng":-1.50158,"lat":55.023063},"geometry":{"type":"Polygon","coordinates":[[[-1.501517,55.02311],[-1.501478,55.023008],[-1.501592,55.022994],[-1.501694,55.022982],[-1.50174,55.023104],[-1.501525,55.023133],[-1.501517,55.02311]]]}},{"type":"Feature","properties":{"id":"substation-339","kind":"substation","name":"DUNFORD BRIDGE 400KV S/S","voltage":"400kV","status":"C","gid":10052240,"risk":"SAFE","floodCodes":[],"floodNames":[],"lng":-1.766859,"lat":53.516606},"geometry":{"type":"Polygon","coordinates":[[[-1.767366,53.516924],[-1.766554,53.517198],[-1.766258,53.516831],[-1.766355,53.516781],[-1.76653,53.516715],[-1.766569,53.516648],[-1.76647,53.516513],[-1.766582,53.516464],[-1.766731,53.51649],[-1.766798,53.516466],[-1.76708,53.516278],[-1.767267,53.516234],[-1.767402,53.516232],[-1.767553,53.516389],[-1.767366,53.516924]]]}},{"type":"Feature","properties":{"id":"substation-340","kind":"substation","name":"MONK FRYSTON 400KV S/S","voltage":"400kV","status":"C","gid":10052241,"risk":"SAFE","floodCodes":[],"floodNames":[],"lng":-1.26715,"lat":53.756363},"geometry":{"type":"Polygon","coordinates":[[[-1.267604,53.756359],[-1.267558,53.756516],[-1.267163,53.756465],[-1.267142,53.756529],[-1.266068,53.756405],[-1.26617,53.756119],[-1.267233,53.756245],[-1.26721,53.756315],[-1.267398,53.756336],[-1.267496,53.756347],[-1.267604,53.756359]]]}},{"type":"Feature","properties":{"id":"substation-341","kind":"substation","name":"PENWORTHAM 400KV S/S","voltage":"400kV","status":"C","gid":10052242,"risk":"SAFE","floodCodes":[],"floodNames":[],"lng":-2.756034,"lat":53.743226},"geometry":{"type":"Polygon","coordinates":[[[-2.754905,53.744259],[-2.754854,53.744257],[-2.754716,53.744027],[-2.754601,53.743869],[-2.754489,53.743695],[-2.754313,53.74339],[-2.7542,53.743203],[-2.754119,53.743063],[-2.754082,53.743001],[-2.754064,53.742961],[-2.754058,53.742948],[-2.754058,53.742934],[-2.75406,53.742913],[-2.754069,53.742888],[-2.754089,53.742857],[-2.754114,53.742834],[-2.754149,53.74281],[-2.754184,53.742795],[-2.754235,53.742777],[-2.754305,53.742761],[-2.756842,53.742206],[-2.757133,53.742151],[-2.757173,53.742147],[-2.757216,53.742149],[-2.757256,53.742154],[-2.757287,53.742167],[-2.757314,53.742183],[-2.757333,53.742195],[-2.757364,53.742238],[-2.757503,53.742462],[-2.757629,53.742667],[-2.757665,53.74272],[-2.757897,53.7431],[-2.75791,53.743123],[-2.758041,53.743328],[-2.758181,53.743564],[-2.758192,53.74358],[-2.758206,53.743608],[-2.758204,53.743628],[-2.758194,53.743647],[-2.758181,53.743662],[-2.75816,53.743676],[-2.758133,53.743687],[-2.758094,53.7437],[-2.758024,53.743716],[-2.755081,53.744345],[-2.755062,53.744324],[-2.755037,53.744302],[-2.755004,53.744284],[-2.754968,53.744271],[-2.754934,53.744262],[-2.754905,53.744259]]]}},{"type":"Feature","properties":{"id":"substation-342","kind":"substation","name":"LLANWERN 33KV S/S","voltage":"33kV","status":"C","gid":10052243,"risk":"SAFE","floodCodes":[],"floodNames":[],"lng":-2.90627,"lat":51.572922},"geometry":{"type":"Polygon","coordinates":[[[-2.906351,51.573049],[-2.906108,51.573045],[-2.906148,51.572725],[-2.906394,51.57274],[-2.906351,51.573049]]]}},{"type":"Feature","properties":{"id":"substation-343","kind":"substation","name":"OXENHOLME 25KV S/S","voltage":"25kV","status":"C","gid":10052244,"risk":"SAFE","floodCodes":[],"floodNames":[],"lng":-2.720505,"lat":54.30509},"geometry":{"type":"Polygon","coordinates":[[[-2.720528,54.305238],[-2.720289,54.305189],[-2.720471,54.304868],[-2.720708,54.304916],[-2.720528,54.305238]]]}},{"type":"Feature","properties":{"id":"substation-344","kind":"substation","name":"PORT HAM 132KV S/S","voltage":"132kV","status":"C","gid":10052245,"risk":"LOW","floodCodes":["031FWBSE600"],"floodNames":["River Severn at Alney Island, Gloucester"],"lng":-2.266233,"lat":51.871673},"geometry":{"type":"Polygon","coordinates":[[[-2.266835,51.871652],[-2.265762,51.871898],[-2.265733,51.871844],[-2.265559,51.871619],[-2.266671,51.871373],[-2.266835,51.871652]]]}},{"type":"Feature","properties":{"id":"substation-345","kind":"substation","name":"SUNDON 132KV S/S","voltage":"132kV","status":"C","gid":10052246,"risk":"SAFE","floodCodes":[],"floodNames":[],"lng":-0.501703,"lat":51.933264},"geometry":{"type":"Polygon","coordinates":[[[-0.501907,51.933452],[-0.501433,51.933551],[-0.501204,51.933134],[-0.501841,51.933006],[-0.501852,51.933076],[-0.501777,51.933173],[-0.501907,51.933452]]]}},{"type":"Feature","properties":{"id":"substation-346","kind":"substation","name":"STOKE BARDOLPH 400KV S/S","voltage":"400kV","status":"C","gid":10052247,"risk":"HIGH","floodCodes":["034FWFTRSTKEBAR"],"floodNames":["River Trent at Stoke Bardolph"],"lng":-1.050198,"lat":52.960136},"geometry":{"type":"Polygon","coordinates":[[[-1.048541,52.960175],[-1.048662,52.959392],[-1.049999,52.958599],[-1.052415,52.959955],[-1.051338,52.960625],[-1.051588,52.960766],[-1.0505,52.961399],[-1.048541,52.960175]]]}},{"type":"Feature","properties":{"id":"substation-347","kind":"substation","name":"SWANSEA NORTH 132KV S/S","voltage":"132kV","status":"C","gid":10052248,"risk":"SAFE","floodCodes":[],"floodNames":[],"lng":-3.960747,"lat":51.682759},"geometry":{"type":"Polygon","coordinates":[[[-3.960675,51.683849],[-3.959554,51.683331],[-3.960405,51.6826],[-3.960279,51.682536],[-3.960407,51.682423],[-3.960293,51.682338],[-3.960846,51.681843],[-3.960569,51.681545],[-3.960561,51.681376],[-3.960917,51.681251],[-3.961715,51.68198],[-3.962186,51.682829],[-3.961055,51.683778],[-3.960942,51.683725],[-3.960858,51.683809],[-3.960755,51.683834],[-3.960675,51.683849]]]}},{"type":"Feature","properties":{"id":"substation-348","kind":"substation","name":"SALTEND NORTH 132KV S/S","voltage":"132kV","status":"C","gid":10052249,"risk":"SAFE","floodCodes":[],"floodNames":[],"lng":-0.237975,"lat":53.742798},"geometry":{"type":"Polygon","coordinates":[[[-0.238422,53.743269],[-0.237705,53.743181],[-0.237431,53.743085],[-0.237628,53.742466],[-0.237703,53.742448],[-0.237747,53.74227],[-0.238741,53.742397],[-0.238422,53.743269]]]}},{"type":"Feature","properties":{"id":"substation-349","kind":"substation","name":"NORTON 132KV S/S","voltage":"132kV","status":"C","gid":10052250,"risk":"SAFE","floodCodes":[],"floodNames":[],"lng":-1.362877,"lat":54.592271},"geometry":{"type":"Polygon","coordinates":[[[-1.362971,54.592851],[-1.36247,54.592792],[-1.362542,54.592542],[-1.362389,54.592526],[-1.362582,54.59193],[-1.362519,54.591663],[-1.363217,54.591573],[-1.363299,54.591708],[-1.363235,54.591891],[-1.363131,54.591879],[-1.363098,54.59199],[-1.36286,54.592794],[-1.362992,54.592806],[-1.362971,54.592851]]]}},{"type":"Feature","properties":{"id":"substation-350","kind":"substation","name":"KITWELL 132KV S/S","voltage":"132kV","status":"C","gid":10052252,"risk":"SAFE","floodCodes":[],"floodNames":[],"lng":-2.013583,"lat":52.431152},"geometry":{"type":"Polygon","coordinates":[[[-2.014172,52.432069],[-2.011649,52.431039],[-2.01226,52.430479],[-2.013002,52.430784],[-2.013079,52.430816],[-2.013144,52.430843],[-2.013182,52.43086],[-2.013267,52.430895],[-2.01334,52.430925],[-2.01343,52.430961],[-2.01349,52.430985],[-2.013541,52.431006],[-2.014396,52.431356],[-2.014406,52.431343],[-2.014448,52.43136],[-2.014743,52.431418],[-2.014767,52.431526],[-2.014172,52.432069]]]}},{"type":"Feature","properties":{"id":"substation-351","kind":"substation","name":"WEST HAM 132KV S/S","voltage":"132kV","status":"C","gid":10052253,"risk":"HIGH","floodCodes":["063FWT23RDockC","062FWB53TidalLee"],"floodNames":["Tidal Thames at Mill Meads and East Plaistow","Lower River Lee from West Ham and Canning Town"],"lng":0.002013,"lat":51.519782},"geometry":{"type":"Polygon","coordinates":[[[0.002145,51.519985],[0.002206,51.51995],[0.002252,51.519981],[0.002495,51.51985],[0.001539,51.519153],[0.001205,51.519349],[0.002117,51.520001],[0.002145,51.519985]]]}},{"type":"Feature","properties":{"id":"substation-352","kind":"substation","name":"CHESTERFIELD 132KV S/S","voltage":"132kV","status":"C","gid":10052254,"risk":"SAFE","floodCodes":[],"floodNames":[],"lng":-1.38731,"lat":53.224729},"geometry":{"type":"Polygon","coordinates":[[[-1.387517,53.225135],[-1.386554,53.224993],[-1.38651,53.224968],[-1.386514,53.224943],[-1.386589,53.224849],[-1.387149,53.223403],[-1.388422,53.223572],[-1.387941,53.224968],[-1.38791,53.224995],[-1.387781,53.225054],[-1.387517,53.225135]]]}},{"type":"Feature","properties":{"id":"substation-353","kind":"substation","name":"BARKING C 132KV S/S","voltage":"132kV","status":"C","gid":10052255,"risk":"HIGH","floodCodes":["063FWT23Barking"],"floodNames":["Tidal Thames from The Mardyke to Barking Creek"],"lng":0.114051,"lat":51.519442},"geometry":{"type":"Polygon","coordinates":[[[0.11222,51.519445],[0.11225,51.519668],[0.112248,51.519669],[0.114451,51.519718],[0.114605,51.519815],[0.115221,51.519824],[0.115482,51.519914],[0.115555,51.519802],[0.115522,51.519739],[0.115386,51.519569],[0.115248,51.519437],[0.115087,51.519311],[0.114951,51.519228],[0.114792,51.519158],[0.114676,51.51912],[0.114661,51.519087],[0.113561,51.51877],[0.11339,51.518919],[0.113305,51.518892],[0.112821,51.519532],[0.112791,51.519545],[0.112719,51.519552],[0.11222,51.519445]]]}},{"type":"Feature","properties":{"id":"substation-354","kind":"substation","name":"BRAMFORD 132KV S/S","voltage":"132kV","status":"C","gid":10052256,"risk":"SAFE","floodCodes":[],"floodNames":[],"lng":1.063195,"lat":52.070174},"geometry":{"type":"Polygon","coordinates":[[[1.06083,52.070161],[1.063389,52.070714],[1.064376,52.070927],[1.064779,52.070211],[1.064405,52.070127],[1.064439,52.070063],[1.063848,52.06994],[1.063815,52.070001],[1.06124,52.069439],[1.06083,52.070161]]]}},{"type":"Feature","properties":{"id":"substation-355","kind":"substation","name":"ALVERDISCOTT 132KV S/S","voltage":"132kV","status":"C","gid":10052257,"risk":"SAFE","floodCodes":[],"floodNames":[],"lng":-4.137464,"lat":51.005693},"geometry":{"type":"Polygon","coordinates":[[[-4.13775,51.006234],[-4.13692,51.006169],[-4.137173,51.00517],[-4.137216,51.005133],[-4.137976,51.005219],[-4.13775,51.006234]]]}},{"type":"Feature","properties":{"id":"substation-356","kind":"substation","name":"BRADFORD WEST 132KV S/S","voltage":"132kV","status":"C","gid":10052258,"risk":"SAFE","floodCodes":[],"floodNames":[],"lng":-1.867043,"lat":53.810218},"geometry":{"type":"Polygon","coordinates":[[[-1.866781,53.809041],[-1.868262,53.810866],[-1.867432,53.811103],[-1.867247,53.811096],[-1.867084,53.811037],[-1.865714,53.809343],[-1.866781,53.809041]]]}},{"type":"Feature","properties":{"id":"substation-357","kind":"substation","name":"INDIAN QUEENS 132KV S/S","voltage":"132kV","status":"C","gid":10052259,"risk":"SAFE","floodCodes":[],"floodNames":[],"lng":-4.90029,"lat":50.394685},"geometry":{"type":"Polygon","coordinates":[[[-4.902033,50.395592],[-4.900907,50.395946],[-4.900223,50.395059],[-4.900328,50.395025],[-4.900293,50.394989],[-4.900286,50.394991],[-4.900115,50.394764],[-4.900068,50.39478],[-4.899995,50.39476],[-4.899716,50.394383],[-4.899683,50.394347],[-4.899638,50.394278],[-4.899637,50.394261],[-4.899645,50.39423],[-4.899614,50.394183],[-4.899931,50.394081],[-4.900631,50.393866],[-4.900738,50.393889],[-4.902033,50.395592]]]}},{"type":"Feature","properties":{"id":"substation-358","kind":"substation","name":"RAYLEIGH MAIN 132KV S/S","voltage":"132kV","status":"C","gid":10052260,"risk":"SAFE","floodCodes":[],"floodNames":[],"lng":0.568446,"lat":51.593804},"geometry":{"type":"Polygon","coordinates":[[[0.568169,51.594452],[0.569413,51.594292],[0.568862,51.592832],[0.567618,51.592992],[0.568169,51.594452]]]}},{"type":"Feature","properties":{"id":"substation-359","kind":"substation","name":"LITTLEBROOK/W THURROCK CABLE COMPOUND","voltage":"400kV","status":"C","gid":10052261,"risk":"HIGH","floodCodes":["064FWT1Dartford"],"floodNames":["Dartford, Crayford and Greenhithe"],"lng":0.248939,"lat":51.460607},"geometry":{"type":"Polygon","coordinates":[[[0.249256,51.460233],[0.24838,51.460554],[0.248276,51.460704],[0.248577,51.461021],[0.249083,51.46078],[0.249131,51.460773],[0.249557,51.460558],[0.249256,51.460233]]]}},{"type":"Feature","properties":{"id":"substation-360","kind":"substation","name":"USKMOUTH 275KV GIS S/S","voltage":"275kV","status":"C","gid":10052262,"risk":"SAFE","floodCodes":[],"floodNames":[],"lng":-2.979645,"lat":51.546473},"geometry":{"type":"Polygon","coordinates":[[[-2.979994,51.546458],[-2.97924,51.546666],[-2.97912,51.546496],[-2.979874,51.546288],[-2.979994,51.546458]]]}},{"type":"Feature","properties":{"id":"substation-361","kind":"substation","name":"GRAIN 400KV GIS S/S","voltage":"400kV","status":"C","gid":10052263,"risk":"HIGH","floodCodes":["064FWT1Grain"],"floodNames":["Isle of Grain and Stoke"],"lng":0.716717,"lat":51.439731},"geometry":{"type":"Polygon","coordinates":[[[0.716493,51.43973],[0.716716,51.439925],[0.717059,51.439778],[0.716839,51.43958],[0.716699,51.439642],[0.716493,51.43973]]]}},{"type":"Feature","properties":{"id":"substation-362","kind":"substation","name":"LEIGHTON BUZZARD 25KV S/S","voltage":"25kV","status":"C","gid":10052264,"risk":"SAFE","floodCodes":[],"floodNames":[],"lng":-0.677605,"lat":51.903669},"geometry":{"type":"Polygon","coordinates":[[[-0.677716,51.903588],[-0.677764,51.903785],[-0.677474,51.903814],[-0.677431,51.903637],[-0.677532,51.903601],[-0.677716,51.903588]]]}},{"type":"Feature","properties":{"id":"substation-363","kind":"substation","name":"NEW CROSS 132KV S/S","voltage":"132kV","status":"C","gid":10052265,"risk":"HIGH","floodCodes":["063FWT23BermD"],"floodNames":["Tidal Thames at South Bermondsey"],"lng":-0.059549,"lat":51.483596},"geometry":{"type":"Polygon","coordinates":[[[-0.060688,51.48351],[-0.060634,51.484001],[-0.060137,51.483978],[-0.059936,51.484075],[-0.059896,51.484075],[-0.059912,51.48443],[-0.059166,51.484415],[-0.058298,51.484395],[-0.058003,51.484324],[-0.058076,51.48355],[-0.058403,51.483372],[-0.058897,51.483388],[-0.058967,51.483341],[-0.059366,51.483072],[-0.059365,51.483037],[-0.059373,51.483041],[-0.059387,51.483031],[-0.05939,51.483033],[-0.059601,51.483152],[-0.059789,51.483341],[-0.059895,51.48337],[-0.060603,51.483406],[-0.060694,51.483457],[-0.060688,51.48351]]]}},{"type":"Feature","properties":{"id":"substation-364","kind":"substation","name":"FLINTSHIRE BRIDGE 400KV CONVERTER STN","voltage":"400kV","status":"C","gid":10052266,"risk":"SAFE","floodCodes":[],"floodNames":[],"lng":-3.032815,"lat":53.230597},"geometry":{"type":"Polygon","coordinates":[[[-3.034656,53.232033],[-3.031264,53.232159],[-3.031187,53.231412],[-3.030987,53.231243],[-3.030777,53.229202],[-3.031477,53.228728],[-3.033193,53.228665],[-3.033966,53.229088],[-3.034246,53.231008],[-3.034558,53.230997],[-3.034656,53.232033]]]}},{"type":"Feature","properties":{"id":"substation-365","kind":"substation","name":"Wymondley","voltage":"400kV","status":"C","gid":10052402,"risk":"HIGH","floodCodes":["062FWF53Stratfd"],"floodNames":["Lower River Lee at Stratford"],"lng":-0.016658,"lat":51.531533},"geometry":{"type":"Polygon","coordinates":[[[-0.01612,51.531351],[-0.016316,51.531165],[-0.016364,51.531184],[-0.016406,51.531177],[-0.016458,51.531126],[-0.016558,51.531165],[-0.016598,51.531178],[-0.016607,51.531182],[-0.016851,51.531283],[-0.016854,51.531283],[-0.016858,51.531286],[-0.016859,51.531287],[-0.016935,51.531328],[-0.017121,51.531431],[-0.017137,51.531438],[-0.017136,51.53144],[-0.017241,51.531498],[-0.017249,51.531504],[-0.017304,51.531539],[-0.017373,51.531595],[-0.017375,51.531597],[-0.01738,51.531602],[-0.017097,51.53178],[-0.016971,51.531859],[-0.016727,51.532013],[-0.016668,51.532049],[-0.016532,51.532027],[-0.016364,51.531941],[-0.016285,51.531902],[-0.016236,51.531877],[-0.016142,51.53183],[-0.016,51.531838],[-0.015859,51.531766],[-0.015743,51.531706],[-0.015849,51.531605],[-0.01612,51.531351]]]}},{"type":"Feature","properties":{"id":"substation-366","kind":"substation","name":"EAST CLAYDON 132KV S/S","voltage":"132kV","status":"C","gid":10052268,"risk":"SAFE","floodCodes":[],"floodNames":[],"lng":-0.908982,"lat":51.926943},"geometry":{"type":"Polygon","coordinates":[[[-0.909603,51.926942],[-0.909721,51.927321],[-0.908562,51.927454],[-0.908267,51.927488],[-0.908305,51.927616],[-0.907825,51.92767],[-0.90778,51.927544],[-0.906965,51.927636],[-0.90682,51.92717],[-0.906783,51.927068],[-0.906765,51.927008],[-0.90737,51.926938],[-0.908195,51.926844],[-0.908529,51.926807],[-0.908856,51.926769],[-0.909222,51.926727],[-0.909287,51.926719],[-0.909355,51.926712],[-0.909391,51.926709],[-0.909406,51.926708],[-0.909443,51.926706],[-0.909479,51.926705],[-0.909493,51.926706],[-0.90953,51.92671],[-0.909564,51.926716],[-0.909596,51.926723],[-0.909627,51.926733],[-0.909635,51.926736],[-0.90966,51.926747],[-0.909681,51.926759],[-0.909707,51.926776],[-0.909728,51.926796],[-0.909741,51.926808],[-0.909751,51.926821],[-0.909761,51.926843],[-0.90977,51.926872],[-0.909786,51.92692],[-0.909743,51.926925],[-0.909603,51.926942]]]}},{"type":"Feature","properties":{"id":"substation-367","kind":"substation","name":"GRENDON 132KV S/S","voltage":"132kV","status":"C","gid":10052269,"risk":"LOW","floodCodes":["055FWFPNTR01","055FWFPMNE01"],"floodNames":["Grendon Brook catchment including Yardley Hastings, Denton, Bozeat, Easton Maudit and Grendon","Isolated properties near the River Nene from Cogenhoe to Great Doddington"],"lng":-0.725925,"lat":52.243419},"geometry":{"type":"Polygon","coordinates":[[[-0.725505,52.244321],[-0.725104,52.243373],[-0.72491,52.242901],[-0.724775,52.242581],[-0.725871,52.242407],[-0.725992,52.242702],[-0.726106,52.242977],[-0.726188,52.243173],[-0.7262,52.243202],[-0.726314,52.243477],[-0.726318,52.243485],[-0.726333,52.24352],[-0.726535,52.244025],[-0.726559,52.244086],[-0.726587,52.244154],[-0.725505,52.244321]]]}},{"type":"Feature","properties":{"id":"substation-368","kind":"substation","name":"RATCLIFFE ON SOAR 132KV S/S","voltage":"132kV","status":"C","gid":10052271,"risk":"SAFE","floodCodes":[],"floodNames":[],"lng":-1.252814,"lat":52.863261},"geometry":{"type":"Polygon","coordinates":[[[-1.252573,52.863787],[-1.252467,52.863791],[-1.252423,52.863379],[-1.252208,52.863388],[-1.252194,52.863253],[-1.252399,52.863245],[-1.252353,52.862831],[-1.252467,52.862826],[-1.252465,52.8628],[-1.25279,52.862788],[-1.252836,52.862786],[-1.252839,52.862812],[-1.25296,52.862807],[-1.252961,52.862811],[-1.252996,52.863138],[-1.253023,52.863138],[-1.253024,52.863149],[-1.253061,52.863148],[-1.253073,52.863148],[-1.253081,52.863222],[-1.253083,52.863244],[-1.253084,52.863247],[-1.253073,52.863247],[-1.253033,52.863249],[-1.253038,52.86329],[-1.253099,52.863287],[-1.253114,52.863434],[-1.253029,52.863437],[-1.253065,52.863769],[-1.252952,52.863772],[-1.252955,52.863803],[-1.252582,52.863815],[-1.252573,52.863787]]]}},{"type":"Feature","properties":{"id":"substation-369","kind":"substation","name":"BARKING 400KV S/S","voltage":"400kV","status":"C","gid":10052272,"risk":"HIGH","floodCodes":["063FWT23Barking"],"floodNames":["Tidal Thames from The Mardyke to Barking Creek"],"lng":0.115512,"lat":51.522737},"geometry":{"type":"Polygon","coordinates":[[[0.11616,51.523074],[0.116166,51.523009],[0.116287,51.522982],[0.116263,51.522825],[0.116169,51.522198],[0.116123,51.522171],[0.116079,51.522144],[0.116028,51.522113],[0.115962,51.522073],[0.115914,51.522044],[0.115647,51.522076],[0.114627,51.522199],[0.114382,51.522229],[0.114241,51.522355],[0.114293,51.52253],[0.11446,51.523095],[0.114511,51.523269],[0.11457,51.523469],[0.114792,51.523594],[0.115571,51.5235],[0.115805,51.523333],[0.115987,51.523203],[0.116093,51.523127],[0.11616,51.523074]]]}},{"type":"Feature","properties":{"id":"substation-370","kind":"substation","name":"WILLESDEN 275KV S/S","voltage":"275kV","status":"C","gid":10052273,"risk":"SAFE","floodCodes":[],"floodNames":[],"lng":-0.257749,"lat":51.534235},"geometry":{"type":"Polygon","coordinates":[[[-0.257078,51.534235],[-0.257322,51.533864],[-0.258755,51.534234],[-0.25851,51.534604],[-0.257078,51.534235]]]}},{"type":"Feature","properties":{"id":"substation-371","kind":"substation","name":"BOTLEY WOOD 132KV S/S","voltage":"132kV","status":"C","gid":10052274,"risk":"LOW","floodCodes":["065FWF3903"],"floodNames":["Whiteley on the Whiteley Stream"],"lng":-1.232895,"lat":50.884858},"geometry":{"type":"Polygon","coordinates":[[[-1.232428,50.885647],[-1.232009,50.885307],[-1.231823,50.885156],[-1.231834,50.885151],[-1.232085,50.885028],[-1.232324,50.884903],[-1.232659,50.884746],[-1.233203,50.884478],[-1.233518,50.884323],[-1.233579,50.884293],[-1.233693,50.884392],[-1.233729,50.884422],[-1.233925,50.884583],[-1.234183,50.884795],[-1.232428,50.885647]]]}},{"type":"Feature","properties":{"id":"substation-372","kind":"substation","name":"BRIMSDOWN 132KV S/S","voltage":"132kV","status":"C","gid":10052275,"risk":"HIGH","floodCodes":["062FWF53Enfield"],"floodNames":["Lower River Lee at Enfield"],"lng":-0.024048,"lat":51.663793},"geometry":{"type":"Polygon","coordinates":[[[-0.024142,51.664383],[-0.023446,51.663847],[-0.023436,51.663836],[-0.023432,51.663832],[-0.023424,51.663819],[-0.023416,51.663804],[-0.023409,51.663788],[-0.023406,51.663771],[-0.023406,51.663758],[-0.023408,51.663745],[-0.023411,51.663731],[-0.023417,51.663714],[-0.023426,51.663698],[-0.023432,51.663691],[-0.023478,51.663658],[-0.025553,51.6626],[-0.025806,51.662785],[-0.026449,51.663289],[-0.025461,51.663774],[-0.025044,51.663977],[-0.02423,51.664378],[-0.0242,51.664387],[-0.024173,51.664389],[-0.024142,51.664383]]]}},{"type":"Feature","properties":{"id":"substation-373","kind":"substation","name":"TOD POINT 275KV S/S","voltage":"275kV","status":"C","gid":10052276,"risk":"SAFE","floodCodes":[],"floodNames":[],"lng":-1.116704,"lat":54.606522},"geometry":{"type":"Polygon","coordinates":[[[-1.116202,54.606064],[-1.116548,54.606067],[-1.116543,54.606207],[-1.117201,54.606223],[-1.117192,54.60641],[-1.117165,54.606409],[-1.117161,54.606455],[-1.117102,54.606454],[-1.117097,54.606518],[-1.117187,54.60652],[-1.117174,54.606756],[-1.11696,54.606753],[-1.116956,54.6068],[-1.116898,54.606799],[-1.116898,54.606809],[-1.116762,54.606806],[-1.116335,54.606797],[-1.116329,54.60689],[-1.11616,54.606887],[-1.116183,54.606509],[-1.116227,54.606485],[-1.116227,54.606431],[-1.116185,54.606404],[-1.116202,54.606064]]]}},{"type":"Feature","properties":{"id":"substation-374","kind":"substation","name":"WEST MELTON 275KV S/S","voltage":"275kV","status":"C","gid":10052277,"risk":"SAFE","floodCodes":[],"floodNames":[],"lng":-1.37742,"lat":53.50166},"geometry":{"type":"Polygon","coordinates":[[[-1.376206,53.500892],[-1.376317,53.500706],[-1.377281,53.500904],[-1.377718,53.500991],[-1.377963,53.501048],[-1.378095,53.501076],[-1.378144,53.501084],[-1.378231,53.501097],[-1.378114,53.501299],[-1.377932,53.501615],[-1.377858,53.501757],[-1.377773,53.501897],[-1.377661,53.502096],[-1.377648,53.502112],[-1.377621,53.502132],[-1.377604,53.502144],[-1.377588,53.502154],[-1.377571,53.50216],[-1.377566,53.502162],[-1.377547,53.502168],[-1.377516,53.502174],[-1.377498,53.502176],[-1.377474,53.502179],[-1.377438,53.502178],[-1.376048,53.501895],[-1.375712,53.501826],[-1.376206,53.500892]]]}},{"type":"Feature","properties":{"id":"substation-375","kind":"substation","name":"NINFIELD 400KV S/S","voltage":"400kV","status":"C","gid":10052278,"risk":"SAFE","floodCodes":[],"floodNames":[],"lng":0.44767,"lat":50.881547},"geometry":{"type":"Polygon","coordinates":[[[0.446178,50.880739],[0.446429,50.880958],[0.446446,50.880973],[0.446463,50.880987],[0.446396,50.881037],[0.446116,50.881248],[0.446024,50.881313],[0.445999,50.881331],[0.445977,50.881352],[0.44596,50.881376],[0.445953,50.88139],[0.445947,50.881417],[0.445946,50.881429],[0.445944,50.881451],[0.445946,50.881466],[0.445952,50.881487],[0.445955,50.881494],[0.445969,50.881512],[0.445984,50.881529],[0.446003,50.881548],[0.446035,50.881575],[0.446058,50.88159],[0.446351,50.881838],[0.446523,50.881987],[0.446679,50.882121],[0.446792,50.882214],[0.446892,50.882303],[0.446999,50.882394],[0.447107,50.882491],[0.447211,50.882579],[0.447287,50.882644],[0.447313,50.882667],[0.447333,50.88268],[0.447347,50.882687],[0.44738,50.882699],[0.447386,50.8827],[0.447418,50.882709],[0.447432,50.882711],[0.447468,50.882716],[0.447474,50.882716],[0.447518,50.882716],[0.447526,50.882716],[0.447555,50.882715],[0.44757,50.882713],[0.447601,50.882707],[0.447631,50.882698],[0.447658,50.882686],[0.447661,50.882685],[0.44784,50.882599],[0.447982,50.882535],[0.448127,50.882465],[0.448202,50.882431],[0.448338,50.882369],[0.448451,50.882317],[0.448559,50.882269],[0.448666,50.88222],[0.448772,50.882171],[0.448849,50.882134],[0.448947,50.88209],[0.448921,50.882069],[0.449018,50.882024],[0.449227,50.881926],[0.449407,50.881844],[0.449506,50.881795],[0.449545,50.881771],[0.449561,50.881754],[0.449572,50.881736],[0.449578,50.881723],[0.449582,50.881713],[0.449584,50.881703],[0.449586,50.881695],[0.449586,50.881676],[0.449581,50.881653],[0.449566,50.88163],[0.449546,50.88161],[0.44942,50.881501],[0.449223,50.881331],[0.448959,50.881106],[0.448918,50.88107],[0.448875,50.881034],[0.44869,50.880876],[0.448671,50.880858],[0.448567,50.880766],[0.448268,50.880508],[0.44811,50.880373],[0.448064,50.880333],[0.448034,50.880311],[0.448002,50.880292],[0.447988,50.880284],[0.447961,50.880271],[0.447934,50.88026],[0.447914,50.880254],[0.447888,50.880249],[0.447869,50.880246],[0.447845,50.880245],[0.447816,50.880247],[0.447772,50.88026],[0.447731,50.880275],[0.447716,50.880281],[0.447588,50.88034],[0.447412,50.880423],[0.447368,50.880443],[0.44727,50.880486],[0.447195,50.880417],[0.447065,50.880304],[0.446839,50.88041],[0.446283,50.880668],[0.446178,50.880739]]]}},{"type":"Feature","properties":{"id":"substation-376","kind":"substation","name":"HARKER 275KV S/S","voltage":"275kV","status":"C","gid":10052279,"risk":"SAFE","floodCodes":[],"floodNames":[],"lng":-2.962883,"lat":54.941355},"geometry":{"type":"Polygon","coordinates":[[[-2.962032,54.942372],[-2.962021,54.94237],[-2.962013,54.942367],[-2.961944,54.942361],[-2.961927,54.942355],[-2.961911,54.942348],[-2.961897,54.942341],[-2.961884,54.942332],[-2.961873,54.942322],[-2.961863,54.942311],[-2.961855,54.9423],[-2.961849,54.942288],[-2.961841,54.942272],[-2.961836,54.942257],[-2.961834,54.942241],[-2.961843,54.94217],[-2.961861,54.942032],[-2.961902,54.941719],[-2.961913,54.941638],[-2.961897,54.941557],[-2.96192,54.941361],[-2.961948,54.941127],[-2.961968,54.940958],[-2.961993,54.940751],[-2.962015,54.940583],[-2.962035,54.940433],[-2.96204,54.940421],[-2.962047,54.940411],[-2.962056,54.9404],[-2.962066,54.940392],[-2.962078,54.940384],[-2.962092,54.940376],[-2.962107,54.94037],[-2.962124,54.940363],[-2.962148,54.940358],[-2.962166,54.940355],[-2.962183,54.940354],[-2.962696,54.940373],[-2.963064,54.940387],[-2.96308,54.940387],[-2.963107,54.940384],[-2.963122,54.94038],[-2.963136,54.940374],[-2.963148,54.940368],[-2.963162,54.940357],[-2.963226,54.940326],[-2.963244,54.94032],[-2.963271,54.940314],[-2.963291,54.940312],[-2.963322,54.940311],[-2.96361,54.940324],[-2.963858,54.940335],[-2.963882,54.940336],[-2.963896,54.940338],[-2.963909,54.940341],[-2.963921,54.940345],[-2.963933,54.940351],[-2.963941,54.940357],[-2.963948,54.940365],[-2.963955,54.94038],[-2.963928,54.940532],[-2.963918,54.940591],[-2.963896,54.940768],[-2.963874,54.940952],[-2.963848,54.941173],[-2.963825,54.941362],[-2.96381,54.941492],[-2.963788,54.941678],[-2.96377,54.941809],[-2.963754,54.941921],[-2.96374,54.942039],[-2.963733,54.942099],[-2.963713,54.942258],[-2.963701,54.94236],[-2.963698,54.94237],[-2.963686,54.942388],[-2.963677,54.942396],[-2.963674,54.942398],[-2.963663,54.942405],[-2.963651,54.942413],[-2.963637,54.942418],[-2.963621,54.942423],[-2.963615,54.942424],[-2.963599,54.942426],[-2.963581,54.942427],[-2.963575,54.942426],[-2.963427,54.942422],[-2.962779,54.942403],[-2.962418,54.942388],[-2.962043,54.942373],[-2.962032,54.942372]]]}},{"type":"Feature","properties":{"id":"substation-377","kind":"substation","name":"EAST CLAYDON 400KV S/S","voltage":"400kV","status":"C","gid":10052280,"risk":"SAFE","floodCodes":[],"floodNames":[],"lng":-0.907287,"lat":51.926177},"geometry":{"type":"Polygon","coordinates":[[[-0.907502,51.926873],[-0.907179,51.926905],[-0.907102,51.926914],[-0.906935,51.926933],[-0.90662,51.926969],[-0.906421,51.926992],[-0.906298,51.927006],[-0.905925,51.927047],[-0.905448,51.927101],[-0.905053,51.927147],[-0.905021,51.927147],[-0.904992,51.927141],[-0.904977,51.927136],[-0.904967,51.927132],[-0.904927,51.927109],[-0.904913,51.927098],[-0.904902,51.927089],[-0.904877,51.927],[-0.904828,51.926848],[-0.904809,51.926797],[-0.904796,51.926756],[-0.904752,51.92661],[-0.904732,51.926555],[-0.904687,51.926417],[-0.904655,51.926322],[-0.904645,51.926293],[-0.904641,51.926278],[-0.90464,51.926274],[-0.90464,51.926268],[-0.904643,51.92626],[-0.904648,51.926252],[-0.904654,51.926245],[-0.904664,51.926235],[-0.904837,51.926068],[-0.90488,51.926031],[-0.904972,51.925944],[-0.905043,51.925879],[-0.905106,51.925824],[-0.905122,51.925808],[-0.905131,51.9258],[-0.90514,51.925793],[-0.905159,51.925783],[-0.905178,51.925774],[-0.905193,51.925768],[-0.905227,51.925759],[-0.905294,51.925752],[-0.905428,51.925736],[-0.905638,51.925711],[-0.905908,51.92568],[-0.906211,51.925643],[-0.90649,51.925611],[-0.906792,51.925574],[-0.9069,51.925562],[-0.907209,51.92553],[-0.907569,51.925488],[-0.908123,51.925424],[-0.908838,51.925341],[-0.908924,51.925335],[-0.909001,51.925342],[-0.909039,51.925346],[-0.909103,51.925355],[-0.909156,51.925367],[-0.909171,51.925371],[-0.909193,51.925378],[-0.909205,51.925382],[-0.909216,51.925387],[-0.909246,51.925401],[-0.909252,51.925405],[-0.909283,51.925425],[-0.909305,51.925439],[-0.90935,51.925477],[-0.909367,51.925508],[-0.909377,51.92554],[-0.909383,51.925555],[-0.909387,51.925569],[-0.909392,51.925583],[-0.909396,51.925595],[-0.909402,51.925612],[-0.909447,51.925706],[-0.909453,51.925721],[-0.909464,51.925756],[-0.909503,51.925878],[-0.909549,51.926021],[-0.909557,51.926047],[-0.909561,51.926068],[-0.909603,51.92619],[-0.909606,51.926202],[-0.909622,51.926246],[-0.909654,51.926359],[-0.90969,51.92648],[-0.909713,51.926546],[-0.909708,51.926567],[-0.909701,51.926579],[-0.909698,51.926585],[-0.909682,51.926604],[-0.909672,51.926611],[-0.90965,51.926623],[-0.909643,51.926626],[-0.909617,51.926633],[-0.909518,51.926644],[-0.909264,51.926674],[-0.908876,51.926716],[-0.908553,51.926754],[-0.908359,51.926775],[-0.90808,51.926808],[-0.907736,51.926847],[-0.907502,51.926873]]]}},{"type":"Feature","properties":{"id":"substation-378","kind":"substation","name":"INDIAN QUEENS 400KV S/S","voltage":"400kV","status":"C","gid":10052281,"risk":"SAFE","floodCodes":[],"floodNames":[],"lng":-4.899205,"lat":50.39482},"geometry":{"type":"Polygon","coordinates":[[[-4.898589,50.395867],[-4.897741,50.394748],[-4.897557,50.394516],[-4.899003,50.394067],[-4.899007,50.394074],[-4.899046,50.394116],[-4.899056,50.394127],[-4.899209,50.394081],[-4.899241,50.394128],[-4.899306,50.394108],[-4.899722,50.394667],[-4.900126,50.395162],[-4.90022,50.395285],[-4.900257,50.395342],[-4.899785,50.395498],[-4.899748,50.39551],[-4.899481,50.395592],[-4.898589,50.395867]]]}},{"type":"Feature","properties":{"id":"substation-379","kind":"substation","name":"FERRYBRIDGE C 400KV S/S","voltage":"400kV","status":"C","gid":10052282,"risk":"LOW","floodCodes":["123FWF137"],"floodNames":["River Aire at Ferrybridge"],"lng":-1.284928,"lat":53.717125},"geometry":{"type":"Polygon","coordinates":[[[-1.284475,53.71681],[-1.284801,53.716687],[-1.284997,53.71688],[-1.285142,53.716826],[-1.285392,53.717066],[-1.285127,53.717162],[-1.285475,53.717483],[-1.28522,53.717782],[-1.285044,53.717844],[-1.28431,53.717141],[-1.284678,53.717005],[-1.284475,53.71681]]]}},{"type":"Feature","properties":{"id":"substation-380","kind":"substation","name":"WIMBLEDON 275KV S/S","voltage":"275kV","status":"C","gid":10052283,"risk":"HIGH","floodCodes":["064FWF41Wimbledn"],"floodNames":["River Wandle at Wimbledon"],"lng":-0.189154,"lat":51.431163},"geometry":{"type":"Polygon","coordinates":[[[-0.189152,51.431432],[-0.188713,51.430905],[-0.189156,51.430758],[-0.189596,51.431288],[-0.189152,51.431432]]]}},{"type":"Feature","properties":{"id":"substation-381","kind":"substation","name":"DEESIDE 400KV S/S","voltage":"400kV","status":"C","gid":10052284,"risk":"SAFE","floodCodes":[],"floodNames":[],"lng":-3.078136,"lat":53.230572},"geometry":{"type":"Polygon","coordinates":[[[-3.078658,53.231594],[-3.078454,53.231783],[-3.078428,53.231807],[-3.078404,53.231829],[-3.078388,53.231844],[-3.078355,53.231875],[-3.078217,53.232003],[-3.078136,53.231971],[-3.078069,53.231946],[-3.078001,53.231919],[-3.077941,53.231896],[-3.077905,53.231882],[-3.077773,53.231831],[-3.077612,53.231769],[-3.076914,53.2315],[-3.076789,53.231451],[-3.076634,53.231391],[-3.076518,53.231346],[-3.07639,53.231296],[-3.076234,53.231235],[-3.076101,53.231183],[-3.075947,53.231124],[-3.075587,53.230984],[-3.075284,53.230866],[-3.075098,53.230793],[-3.075086,53.23077],[-3.074892,53.230695],[-3.07508,53.23052],[-3.075134,53.230471],[-3.075171,53.230437],[-3.075211,53.230402],[-3.075245,53.230369],[-3.075286,53.23033],[-3.075368,53.230255],[-3.07546,53.230169],[-3.075545,53.230091],[-3.0756,53.23004],[-3.07652,53.229925],[-3.076842,53.229635],[-3.076831,53.229601],[-3.076503,53.229476],[-3.076617,53.229366],[-3.076698,53.22929],[-3.076772,53.229219],[-3.076852,53.229249],[-3.076851,53.229272],[-3.076911,53.229301],[-3.076978,53.229294],[-3.077341,53.229437],[-3.077803,53.229619],[-3.078289,53.229809],[-3.078676,53.229961],[-3.078886,53.230043],[-3.078955,53.23007],[-3.079008,53.230091],[-3.079046,53.230106],[-3.079081,53.23012],[-3.079108,53.230131],[-3.079148,53.230147],[-3.079196,53.230165],[-3.079232,53.230179],[-3.079249,53.230186],[-3.079282,53.230199],[-3.079308,53.230209],[-3.079345,53.230224],[-3.07938,53.230237],[-3.079417,53.230252],[-3.079448,53.230264],[-3.079482,53.230276],[-3.079497,53.230281],[-3.079522,53.23029],[-3.079554,53.230301],[-3.079583,53.23031],[-3.079604,53.230318],[-3.079633,53.230327],[-3.079662,53.230337],[-3.07969,53.230346],[-3.07971,53.230353],[-3.079729,53.230356],[-3.079757,53.230369],[-3.079804,53.230385],[-3.079865,53.230405],[-3.079919,53.230423],[-3.079869,53.23047],[-3.079855,53.230483],[-3.07984,53.230496],[-3.07982,53.230515],[-3.079801,53.230533],[-3.079787,53.230546],[-3.079774,53.230558],[-3.079757,53.230573],[-3.079748,53.230582],[-3.079734,53.230595],[-3.079719,53.230608],[-3.079712,53.230616],[-3.079704,53.230623],[-3.079698,53.230628],[-3.079691,53.230634],[-3.079667,53.230657],[-3.079472,53.230838],[-3.079303,53.230995],[-3.079201,53.23109],[-3.079114,53.23117],[-3.078823,53.23144],[-3.078658,53.231594]]]}},{"type":"Feature","properties":{"id":"substation-382","kind":"substation","name":"PADIHAM 132KV S/S","voltage":"132kV","status":"C","gid":10052285,"risk":"HIGH","floodCodes":["012FWFL34C"],"floodNames":["River Calder at Padiham, comprising the business park at Mead Way"],"lng":-2.327028,"lat":53.794507},"geometry":{"type":"Polygon","coordinates":[[[-2.326524,53.793822],[-2.327819,53.794231],[-2.327904,53.794143],[-2.328489,53.794332],[-2.328412,53.794423],[-2.328982,53.794602],[-2.328419,53.795217],[-2.327514,53.794929],[-2.327428,53.794942],[-2.327344,53.794913],[-2.327158,53.794942],[-2.326102,53.794605],[-2.326026,53.794472],[-2.326024,53.794468],[-2.326016,53.794466],[-2.325989,53.794457],[-2.325973,53.794452],[-2.325967,53.79445],[-2.325954,53.794446],[-2.326524,53.793822]]]}},{"type":"Feature","properties":{"id":"substation-383","kind":"substation","name":"STELLA SOUTH 132KV S/S","voltage":"132kV","status":"C","gid":10052286,"risk":"SAFE","floodCodes":[],"floodNames":[],"lng":-1.73205,"lat":54.974487},"geometry":{"type":"Polygon","coordinates":[[[-1.732101,54.97541],[-1.731073,54.975054],[-1.731341,54.974816],[-1.73159,54.974559],[-1.731775,54.974382],[-1.731797,54.974361],[-1.731938,54.974225],[-1.731975,54.974192],[-1.732912,54.973297],[-1.733944,54.973654],[-1.732101,54.97541]]]}},{"type":"Feature","properties":{"id":"substation-384","kind":"substation","name":"STAYTHORPE 1B 132KV S/S","voltage":"132kV","status":"C","gid":10052287,"risk":"HIGH","floodCodes":["034FWFTRAVRSTAY"],"floodNames":["River Trent at Averham, Staythorpe and Kelham"],"lng":-0.864195,"lat":53.077759},"geometry":{"type":"Polygon","coordinates":[[[-0.864585,53.078358],[-0.864168,53.07837],[-0.86394,53.078251],[-0.863452,53.07799],[-0.863169,53.077841],[-0.863121,53.077816],[-0.863114,53.077805],[-0.863113,53.077793],[-0.863091,53.077561],[-0.863546,53.077258],[-0.863945,53.077242],[-0.864233,53.077395],[-0.864303,53.077345],[-0.864317,53.077353],[-0.864732,53.077575],[-0.864778,53.077597],[-0.864968,53.077555],[-0.865136,53.077647],[-0.865174,53.077668],[-0.864968,53.077799],[-0.865018,53.077826],[-0.865028,53.078061],[-0.864585,53.078358]]]}},{"type":"Feature","properties":{"id":"substation-385","kind":"substation","name":"DAINES 400KV S/S","voltage":"400kV","status":"C","gid":10052288,"risk":"SAFE","floodCodes":[],"floodNames":[],"lng":-2.379083,"lat":53.425834},"geometry":{"type":"Polygon","coordinates":[[[-2.378516,53.426667],[-2.378429,53.426691],[-2.378428,53.426691],[-2.378363,53.426706],[-2.378299,53.426686],[-2.37826,53.42664],[-2.378099,53.426434],[-2.378042,53.426348],[-2.37763,53.425821],[-2.377534,53.425695],[-2.377329,53.425431],[-2.377344,53.425389],[-2.377402,53.425367],[-2.379745,53.424717],[-2.379814,53.42471],[-2.379858,53.424729],[-2.379875,53.424747],[-2.380005,53.424928],[-2.380181,53.425141],[-2.380562,53.425638],[-2.380693,53.425804],[-2.380829,53.425975],[-2.380831,53.426005],[-2.380812,53.426021],[-2.380769,53.426038],[-2.378516,53.426667]]]}},{"type":"Feature","properties":{"id":"substation-386","kind":"substation","name":"BEDDINGTON 275KV S/S","voltage":"275kV","status":"C","gid":10052289,"risk":"HIGH","floodCodes":["064FWF41BeddPark"],"floodNames":["River Wandle at Beddington Park"],"lng":-0.128234,"lat":51.372814},"geometry":{"type":"Polygon","coordinates":[[[-0.130403,51.372909],[-0.130025,51.373341],[-0.130191,51.373399],[-0.1296,51.374029],[-0.129406,51.374251],[-0.126472,51.373264],[-0.12645,51.373224],[-0.126451,51.3732],[-0.126456,51.373188],[-0.126626,51.37299],[-0.126743,51.372852],[-0.127032,51.372535],[-0.127022,51.372398],[-0.127405,51.37195],[-0.127478,51.371965],[-0.12753,51.371909],[-0.127779,51.371996],[-0.128264,51.372165],[-0.128675,51.372307],[-0.129185,51.372485],[-0.129676,51.372656],[-0.130118,51.37281],[-0.130403,51.372909]]]}},{"type":"Feature","properties":{"id":"substation-387","kind":"substation","name":"BREDBURY 275KV S/S","voltage":"275kV","status":"C","gid":10052290,"risk":"LOW","floodCodes":["013FWFGM31"],"floodNames":["Rivers Goyt and Mersey at Stockport"],"lng":-2.129406,"lat":53.414429},"geometry":{"type":"Polygon","coordinates":[[[-2.130883,53.414088],[-2.12994,53.415504],[-2.129884,53.415528],[-2.129792,53.415545],[-2.129707,53.415546],[-2.12935,53.415463],[-2.127016,53.414898],[-2.127917,53.41353],[-2.128835,53.413736],[-2.128859,53.413702],[-2.128932,53.41372],[-2.128909,53.413755],[-2.129818,53.413976],[-2.129854,53.413945],[-2.129915,53.413846],[-2.130883,53.414088]]]}},{"type":"Feature","properties":{"id":"substation-388","kind":"substation","name":"MARGAM 275KV S/S","voltage":"275kV","status":"C","gid":10052291,"risk":"SAFE","floodCodes":[],"floodNames":[],"lng":-3.753982,"lat":51.563183},"geometry":{"type":"Polygon","coordinates":[[[-3.754095,51.563577],[-3.754047,51.563495],[-3.753903,51.563527],[-3.75325,51.562387],[-3.753901,51.562248],[-3.754584,51.563471],[-3.754095,51.563577]]]}},{"type":"Feature","properties":{"id":"substation-389","kind":"substation","name":"HINKLEY POINT 275KV S/S","voltage":"275kV","status":"C","gid":10052292,"risk":"LOW","floodCodes":["112FWTSTE03","112FWTSTE02"],"floodNames":["Somerset coast at Steart, Stolford and Stretcholt","Somerset coast at Steart and Stolford, properties located behind the seafront"],"lng":-3.13282,"lat":51.206003},"geometry":{"type":"Polygon","coordinates":[[[-3.134515,51.206763],[-3.130444,51.206863],[-3.130378,51.205653],[-3.130432,51.205607],[-3.130692,51.205598],[-3.130829,51.205625],[-3.133923,51.205546],[-3.134274,51.205328],[-3.134634,51.205321],[-3.134698,51.206372],[-3.13451,51.206595],[-3.134515,51.206763]]]}},{"type":"Feature","properties":{"id":"substation-390","kind":"substation","name":"BISHOPS WOOD 275KV S/S","voltage":"275kV","status":"C","gid":10052293,"risk":"SAFE","floodCodes":[],"floodNames":[],"lng":-2.241859,"lat":52.312426},"geometry":{"type":"Polygon","coordinates":[[[-2.242023,52.312765],[-2.241789,52.312737],[-2.24155,52.312708],[-2.241457,52.312696],[-2.240906,52.312633],[-2.241335,52.31144],[-2.241575,52.311469],[-2.242449,52.311577],[-2.242165,52.312369],[-2.242127,52.312475],[-2.242108,52.31253],[-2.242088,52.312585],[-2.24207,52.312634],[-2.24205,52.312691],[-2.24203,52.312747],[-2.242023,52.312765]]]}},{"type":"Feature","properties":{"id":"substation-391","kind":"substation","name":"SOUTH MANCHESTER 275KV S/S","voltage":"275kV","status":"C","gid":10052294,"risk":"HIGH","floodCodes":["013FWFGM37"],"floodNames":["River Mersey at Chorlton & Sale Golf Clubs, Chorlton Water Parks and Stretford"],"lng":-2.276539,"lat":53.420249},"geometry":{"type":"Polygon","coordinates":[[[-2.274659,53.42058],[-2.274632,53.420572],[-2.275414,53.419429],[-2.275447,53.419437],[-2.276159,53.419609],[-2.276159,53.419627],[-2.276174,53.419638],[-2.276793,53.41979],[-2.276938,53.419826],[-2.277845,53.420047],[-2.277893,53.420062],[-2.277907,53.420076],[-2.277906,53.420085],[-2.277289,53.420988],[-2.277246,53.421045],[-2.277186,53.421091],[-2.277059,53.421131],[-2.276883,53.421123],[-2.274659,53.42058]]]}},{"type":"Feature","properties":{"id":"substation-392","kind":"substation","name":"MILL HILL 132KV S/S","voltage":"132kV","status":"C","gid":10052295,"risk":"SAFE","floodCodes":[],"floodNames":[],"lng":-0.209273,"lat":51.617985},"geometry":{"type":"Polygon","coordinates":[[[-0.209006,51.618854],[-0.208976,51.617962],[-0.209231,51.617958],[-0.209262,51.61796],[-0.209248,51.617534],[-0.20897,51.617535],[-0.208959,51.617181],[-0.210013,51.617172],[-0.210061,51.618844],[-0.209006,51.618854]]]}},{"type":"Feature","properties":{"id":"substation-393","kind":"substation","name":"WEST WEYBRIDGE 132KV S/S","voltage":"132kV","status":"C","gid":10052296,"risk":"HIGH","floodCodes":["061FWF30RiveDtch"],"floodNames":["The Rive Ditch at Woodham"],"lng":-0.489089,"lat":51.348332},"geometry":{"type":"Polygon","coordinates":[[[-0.490233,51.348671],[-0.490221,51.348674],[-0.490136,51.348699],[-0.489902,51.348767],[-0.489595,51.348857],[-0.489454,51.348897],[-0.489314,51.348937],[-0.489077,51.349007],[-0.488904,51.349056],[-0.488815,51.348935],[-0.488781,51.348889],[-0.488741,51.348835],[-0.488704,51.348784],[-0.488661,51.348726],[-0.488815,51.348683],[-0.488867,51.348668],[-0.488904,51.348657],[-0.488782,51.348493],[-0.488801,51.348488],[-0.488652,51.348286],[-0.488622,51.348294],[-0.488545,51.34819],[-0.488359,51.34794],[-0.488229,51.347762],[-0.48797,51.347332],[-0.488102,51.347294],[-0.488449,51.347197],[-0.488697,51.347131],[-0.489033,51.347048],[-0.489213,51.347284],[-0.48925,51.347334],[-0.489927,51.348254],[-0.489991,51.348342],[-0.490142,51.348547],[-0.490233,51.348671]]]}},{"type":"Feature","properties":{"id":"substation-394","kind":"substation","name":"WOODHEAD 400KV CABLE COMPOUND","voltage":"400kV","status":"C","gid":10052297,"risk":"SAFE","floodCodes":[],"floodNames":[],"lng":-1.833657,"lat":53.495373},"geometry":{"type":"Polygon","coordinates":[[[-1.833921,53.49524],[-1.833836,53.495414],[-1.833683,53.495438],[-1.833595,53.495562],[-1.833274,53.495609],[-1.833125,53.495302],[-1.833904,53.495177],[-1.833921,53.49524]]]}},{"type":"Feature","properties":{"id":"substation-395","kind":"substation","name":"RAINHILL 275KV S/S","voltage":"275kV","status":"C","gid":10052298,"risk":"SAFE","floodCodes":[],"floodNames":[],"lng":-2.738975,"lat":53.420986},"geometry":{"type":"Polygon","coordinates":[[[-2.739288,53.422085],[-2.739198,53.422071],[-2.739026,53.422051],[-2.738823,53.422026],[-2.738622,53.422003],[-2.738266,53.421962],[-2.737959,53.421927],[-2.738478,53.420305],[-2.738572,53.420316],[-2.738621,53.420323],[-2.738689,53.420318],[-2.738756,53.420315],[-2.738793,53.42032],[-2.738915,53.420335],[-2.739026,53.420348],[-2.739104,53.42036],[-2.739059,53.420503],[-2.739049,53.420535],[-2.739032,53.420587],[-2.739013,53.420646],[-2.739004,53.420707],[-2.738995,53.420773],[-2.739179,53.420794],[-2.739465,53.420827],[-2.739778,53.420865],[-2.739706,53.421093],[-2.7396,53.421133],[-2.739288,53.422085]]]}},{"type":"Feature","properties":{"id":"substation-396","kind":"substation","name":"FOURSTONES 275KV S/S","voltage":"275kV","status":"C","gid":10052299,"risk":"SAFE","floodCodes":[],"floodNames":[],"lng":-2.164425,"lat":55.011819},"geometry":{"type":"Polygon","coordinates":[[[-2.165199,55.011713],[-2.165135,55.012067],[-2.165124,55.012129],[-2.163327,55.012025],[-2.163141,55.011781],[-2.163191,55.011507],[-2.165081,55.01162],[-2.165199,55.011713]]]}},{"type":"Feature","properties":{"id":"substation-397","kind":"substation","name":"NUNTHORPE 400KV CABLE COMPOUND","voltage":"400kV","status":"C","gid":10052300,"risk":"SAFE","floodCodes":[],"floodNames":[],"lng":-1.160817,"lat":54.52459},"geometry":{"type":"Polygon","coordinates":[[[-1.161287,54.524794],[-1.159969,54.524505],[-1.160112,54.524284],[-1.16143,54.524573],[-1.161287,54.524794]]]}},{"type":"Feature","properties":{"id":"substation-398","kind":"substation","name":"CAMBLESFORTH 66KV S/S","voltage":"66kV","status":"C","gid":10052404,"risk":"SAFE","floodCodes":[],"floodNames":[],"lng":-1.000911,"lat":53.729424},"geometry":{"type":"Polygon","coordinates":[[[-1.000306,53.729346],[-1.001292,53.729109],[-1.001509,53.729417],[-1.001431,53.729563],[-1.000619,53.729762],[-1.000306,53.729346]]]}},{"type":"Feature","properties":{"id":"substation-399","kind":"substation","name":"SKELTON GRANGE B 275KV S/S","voltage":"275kV","status":"C","gid":10052302,"risk":"HIGH","floodCodes":["123FWF177"],"floodNames":["River Aire at Knowsthorpe, Thwaite Gate and Stourton"],"lng":-1.49584,"lat":53.775355},"geometry":{"type":"Polygon","coordinates":[[[-1.495636,53.77569],[-1.495428,53.775575],[-1.495661,53.775422],[-1.495671,53.775415],[-1.49558,53.775366],[-1.49592,53.775143],[-1.496009,53.77519],[-1.496305,53.774995],[-1.496553,53.775064],[-1.495636,53.77569]]]}},{"type":"Feature","properties":{"id":"substation-400","kind":"substation","name":"PADIHAM 400KV S/S","voltage":"400kV","status":"C","gid":10052303,"risk":"HIGH","floodCodes":["012FWFL34C"],"floodNames":["River Calder at Padiham, comprising the business park at Mead Way"],"lng":-2.321265,"lat":53.795762},"geometry":{"type":"Polygon","coordinates":[[[-2.321127,53.796134],[-2.320293,53.796098],[-2.320332,53.795794],[-2.320714,53.795809],[-2.320851,53.79456],[-2.321841,53.794596],[-2.321713,53.795827],[-2.321591,53.79585],[-2.321584,53.795902],[-2.321582,53.795913],[-2.321582,53.795915],[-2.321582,53.795916],[-2.321581,53.795919],[-2.321581,53.795919],[-2.321161,53.795902],[-2.321127,53.796134]]]}},{"type":"Feature","properties":{"id":"substation-401","kind":"substation","name":"THORPE MARSH 400KV S/S","voltage":"400kV","status":"C","gid":10052304,"risk":"HIGH","floodCodes":["123FWF680"],"floodNames":["Ea Beck at Thorpe Marsh and Almholme"],"lng":-1.089312,"lat":53.575767},"geometry":{"type":"Polygon","coordinates":[[[-1.088247,53.576385],[-1.087882,53.574948],[-1.089812,53.574771],[-1.089975,53.575441],[-1.090209,53.575418],[-1.09038,53.576105],[-1.08952,53.576187],[-1.089539,53.576266],[-1.088247,53.576385]]]}},{"type":"Feature","properties":{"id":"substation-402","kind":"substation","name":"BICKER FEN 400KV S/S","voltage":"400kV","status":"C","gid":10052305,"risk":"HIGH","floodCodes":["053FWFPSFD04","053FWTWASH3B"],"floodNames":["Isolated properties and villages in the east of the South Forty Foot Drain","Area at risk from the furthest extent of tidal flooding from Holland Fen to Northgate"],"lng":-0.221615,"lat":52.930713},"geometry":{"type":"Polygon","coordinates":[[[-0.223415,52.930368],[-0.220396,52.932151],[-0.218911,52.931228],[-0.22194,52.929451],[-0.223415,52.930368]]]}},{"type":"Feature","properties":{"id":"substation-403","kind":"substation","name":"ELTHAM 132KV S/S","voltage":"132kV","status":"C","gid":10052306,"risk":"SAFE","floodCodes":[],"floodNames":[],"lng":0.080345,"lat":51.459845},"geometry":{"type":"Polygon","coordinates":[[[0.07953,51.460021],[0.080942,51.460186],[0.081072,51.459774],[0.081289,51.459794],[0.081332,51.459629],[0.079972,51.45947],[0.079848,51.459869],[0.079592,51.459843],[0.07953,51.460021]]]}},{"type":"Feature","properties":{"id":"substation-404","kind":"substation","name":"LANGAGE 400KV S/S","voltage":"400kV","status":"C","gid":10052307,"risk":"SAFE","floodCodes":[],"floodNames":[],"lng":-4.012844,"lat":50.389052},"geometry":{"type":"Polygon","coordinates":[[[-4.013425,50.389244],[-4.012536,50.389523],[-4.012019,50.388864],[-4.012027,50.388815],[-4.012811,50.388562],[-4.013187,50.389064],[-4.013323,50.389099],[-4.013425,50.389244]]]}},{"type":"Feature","properties":{"id":"substation-405","kind":"substation","name":"SOUTH MANCHESTER 132KV S/S","voltage":"132kV","status":"C","gid":10052308,"risk":"HIGH","floodCodes":["013FWFGM37"],"floodNames":["River Mersey at Chorlton & Sale Golf Clubs, Chorlton Water Parks and Stretford"],"lng":-2.275166,"lat":53.421857},"geometry":{"type":"Polygon","coordinates":[[[-2.275728,53.422716],[-2.273999,53.42228],[-2.273963,53.422243],[-2.273946,53.422234],[-2.273934,53.422224],[-2.273927,53.422216],[-2.273923,53.422207],[-2.273921,53.422199],[-2.273922,53.422189],[-2.273924,53.422182],[-2.274424,53.421459],[-2.274445,53.421443],[-2.274455,53.421437],[-2.274469,53.421432],[-2.274483,53.421429],[-2.274498,53.421429],[-2.274516,53.42143],[-2.274532,53.421433],[-2.274627,53.421455],[-2.275207,53.421599],[-2.27522,53.421605],[-2.275228,53.421612],[-2.275231,53.421617],[-2.275232,53.421623],[-2.275229,53.421631],[-2.275195,53.421685],[-2.275544,53.42177],[-2.275586,53.42171],[-2.27559,53.421706],[-2.275597,53.421703],[-2.27561,53.421701],[-2.275622,53.421701],[-2.275631,53.421702],[-2.276318,53.421872],[-2.276338,53.421879],[-2.276352,53.421887],[-2.276362,53.421894],[-2.276367,53.421899],[-2.276368,53.421905],[-2.276418,53.421935],[-2.276279,53.42214],[-2.276235,53.42213],[-2.276215,53.422158],[-2.276127,53.422136],[-2.275728,53.422716]]]}},{"type":"Feature","properties":{"id":"substation-406","kind":"substation","name":"LANDULPH 132KV S/S","voltage":"132kV","status":"C","gid":10052309,"risk":"SAFE","floodCodes":[],"floodNames":[],"lng":-4.242074,"lat":50.44456},"geometry":{"type":"Polygon","coordinates":[[[-4.24285,50.443615],[-4.243368,50.444261],[-4.242985,50.44439],[-4.242869,50.444428],[-4.242551,50.444529],[-4.242461,50.444559],[-4.242433,50.444566],[-4.242408,50.444569],[-4.242387,50.444569],[-4.242373,50.444565],[-4.242353,50.444553],[-4.242332,50.444528],[-4.242223,50.444564],[-4.242238,50.444588],[-4.24201,50.444658],[-4.24202,50.444672],[-4.242021,50.444685],[-4.242016,50.444697],[-4.242005,50.444705],[-4.24198,50.444715],[-4.24175,50.444788],[-4.241726,50.444797],[-4.241441,50.444893],[-4.241335,50.44493],[-4.241264,50.444971],[-4.241122,50.444784],[-4.241025,50.444666],[-4.241058,50.444654],[-4.240772,50.444299],[-4.24285,50.443615]]]}},{"type":"Feature","properties":{"id":"substation-407","kind":"substation","name":"TAUNTON 132KV S/S","voltage":"132kV","status":"C","gid":10052310,"risk":"LOW","floodCodes":["112FWFTON10A"],"floodNames":["River Tone from Waterrow to Taunton"],"lng":-3.15288,"lat":51.017076},"geometry":{"type":"Polygon","coordinates":[[[-3.153122,51.017486],[-3.152468,51.017434],[-3.152454,51.017551],[-3.152227,51.017532],[-3.152497,51.016278],[-3.15342,51.016337],[-3.15333,51.016791],[-3.15328,51.016789],[-3.153122,51.017486]]]}},{"type":"Feature","properties":{"id":"substation-408","kind":"substation","name":"CANTERBURY NORTH 132KV S/S","voltage":"132kV","status":"C","gid":10052311,"risk":"HIGH","floodCodes":["064FWF6Canterbury"],"floodNames":["River Great Stour at Canterbury"],"lng":1.094361,"lat":51.292227},"geometry":{"type":"Polygon","coordinates":[[[1.094391,51.29323],[1.095373,51.292742],[1.094355,51.291933],[1.094758,51.291731],[1.094395,51.291427],[1.094288,51.291415],[1.092936,51.29211],[1.094391,51.29323]]]}},{"type":"Feature","properties":{"id":"substation-409","kind":"substation","name":"CARDIFF EAST 132KV S/S","voltage":"132kV","status":"C","gid":10052312,"risk":"SAFE","floodCodes":[],"floodNames":[],"lng":-3.145369,"lat":51.495669},"geometry":{"type":"Polygon","coordinates":[[[-3.145573,51.496121],[-3.145553,51.496113],[-3.145542,51.496101],[-3.145533,51.496083],[-3.145527,51.496056],[-3.145482,51.496045],[-3.145465,51.496057],[-3.145428,51.496065],[-3.145366,51.496073],[-3.14386,51.495645],[-3.144344,51.494983],[-3.14436,51.494961],[-3.144729,51.495066],[-3.145332,51.495239],[-3.145548,51.4953],[-3.145695,51.495343],[-3.145775,51.495365],[-3.145966,51.49542],[-3.146029,51.495438],[-3.146066,51.495449],[-3.145573,51.496121]]]}},{"type":"Feature","properties":{"id":"substation-410","kind":"substation","name":"WIMBLEDON 132KV GIS S/S","voltage":"132kV","status":"P","gid":10052313,"risk":"HIGH","floodCodes":["064FWF41Wimbledn"],"floodNames":["River Wandle at Wimbledon"],"lng":-0.189524,"lat":51.432347},"geometry":{"type":"Polygon","coordinates":[[[-0.189402,51.431776],[-0.190063,51.432476],[-0.189782,51.432562],[-0.189734,51.432528],[-0.189606,51.432571],[-0.189567,51.432706],[-0.189371,51.432758],[-0.18879,51.431971],[-0.189402,51.431776]]]}},{"type":"Feature","properties":{"id":"substation-411","kind":"substation","name":"RUGELEY 132KV S/S","voltage":"132kV","status":"C","gid":10052314,"risk":"SAFE","floodCodes":[],"floodNames":[],"lng":-1.912756,"lat":52.753872},"geometry":{"type":"Polygon","coordinates":[[[-1.913284,52.754224],[-1.911737,52.753533],[-1.911962,52.753343],[-1.913514,52.754034],[-1.913284,52.754224]]]}},{"type":"Feature","properties":{"id":"substation-412","kind":"substation","name":"ST JOHNS WOOD 275KV S/S","voltage":"275kV","status":"C","gid":10052315,"risk":"SAFE","floodCodes":[],"floodNames":[],"lng":-0.170913,"lat":51.526918},"geometry":{"type":"Polygon","coordinates":[[[-0.170426,51.527459],[-0.16995,51.52706],[-0.170113,51.526981],[-0.170185,51.526925],[-0.170421,51.526812],[-0.170592,51.526732],[-0.171161,51.526663],[-0.171535,51.526661],[-0.171711,51.526624],[-0.171884,51.526534],[-0.172163,51.526658],[-0.171457,51.526984],[-0.170757,51.527307],[-0.170426,51.527459]]]}},{"type":"Feature","properties":{"id":"substation-413","kind":"substation","name":"HACKNEY 275KV S/S","voltage":"275kV","status":"C","gid":10052316,"risk":"HIGH","floodCodes":["062FWF53Hackney"],"floodNames":["Lower River Lee at Hackney and Walthamstow"],"lng":-0.043205,"lat":51.559522},"geometry":{"type":"Polygon","coordinates":[[[-0.043407,51.558931],[-0.043823,51.559527],[-0.043367,51.559647],[-0.043095,51.559724],[-0.043267,51.559978],[-0.043042,51.560037],[-0.042833,51.55973],[-0.043062,51.559675],[-0.043122,51.559659],[-0.043284,51.559614],[-0.04314,51.559386],[-0.043115,51.559392],[-0.042901,51.559072],[-0.043407,51.558931]]]}},{"type":"Feature","properties":{"id":"substation-414","kind":"substation","name":"COWBRIDGE 275KV S/S","voltage":"275kV","status":"C","gid":10052318,"risk":"SAFE","floodCodes":[],"floodNames":[],"lng":-3.407166,"lat":51.487147},"geometry":{"type":"Polygon","coordinates":[[[-3.406877,51.487422],[-3.406531,51.487519],[-3.406191,51.487041],[-3.406405,51.48698],[-3.406197,51.486679],[-3.407323,51.486371],[-3.407813,51.487075],[-3.407875,51.487084],[-3.407882,51.487093],[-3.407912,51.487137],[-3.407578,51.487231],[-3.407625,51.487293],[-3.407465,51.487357],[-3.406931,51.487505],[-3.406877,51.487422]]]}},{"type":"Feature","properties":{"id":"substation-415","kind":"substation","name":"HIGH MARNHAM 275KV S/S","voltage":"275kV","status":"C","gid":10052319,"risk":"LOW","floodCodes":["034FWBTRMARNHAM"],"floodNames":["River Trent at High Marnham and Low Marnham"],"lng":-0.793168,"lat":53.227899},"geometry":{"type":"Polygon","coordinates":[[[-0.794324,53.228691],[-0.790875,53.228654],[-0.790914,53.22725],[-0.791818,53.227261],[-0.794374,53.227285],[-0.794367,53.227545],[-0.794351,53.227818],[-0.794324,53.228691]]]}},{"type":"Feature","properties":{"id":"substation-416","kind":"substation","name":"HAMS HALL 132KV S/S","voltage":"132kV","status":"E","gid":10052320,"risk":"SAFE","floodCodes":[],"floodNames":[],"lng":-1.708776,"lat":52.52709},"geometry":{"type":"Polygon","coordinates":[[[-1.708139,52.5286],[-1.707363,52.528374],[-1.707005,52.528116],[-1.706973,52.528093],[-1.707905,52.526898],[-1.707543,52.526801],[-1.707745,52.52655],[-1.707966,52.52662],[-1.708381,52.526098],[-1.708934,52.526183],[-1.709108,52.526235],[-1.709332,52.526264],[-1.709933,52.52644],[-1.709872,52.526518],[-1.709986,52.526558],[-1.709984,52.52662],[-1.709984,52.526636],[-1.710088,52.526666],[-1.71019,52.526696],[-1.709583,52.527464],[-1.709339,52.52739],[-1.708344,52.528659],[-1.708139,52.5286]]]}},{"type":"Feature","properties":{"id":"substation-417","kind":"substation","name":"IMPERIAL PARK 400KV S/S","voltage":"400kV","status":"C","gid":10052321,"risk":"SAFE","floodCodes":[],"floodNames":[],"lng":-3.031451,"lat":51.54764},"geometry":{"type":"Polygon","coordinates":[[[-3.031165,51.547066],[-3.031322,51.54719],[-3.031148,51.547286],[-3.031412,51.54747],[-3.031491,51.547526],[-3.031617,51.547614],[-3.031674,51.547654],[-3.031851,51.547557],[-3.032206,51.547805],[-3.032089,51.54787],[-3.032106,51.547882],[-3.032184,51.547936],[-3.030736,51.54874],[-3.029593,51.547938],[-3.031165,51.547066]]]}},{"type":"Feature","properties":{"id":"substation-418","kind":"substation","name":"OSBALDWICK 132KV S/S","voltage":"132kV","status":"C","gid":10052322,"risk":"LOW","floodCodes":["122FWF780"],"floodNames":["Osbaldwick Beck - Osbaldwick"],"lng":-1.024495,"lat":53.956709},"geometry":{"type":"Polygon","coordinates":[[[-1.024683,53.957239],[-1.023938,53.956617],[-1.023887,53.956574],[-1.02387,53.956561],[-1.023682,53.956402],[-1.023151,53.955969],[-1.022989,53.955833],[-1.023836,53.95548],[-1.025096,53.956521],[-1.025196,53.956604],[-1.025648,53.956975],[-1.025634,53.956982],[-1.025622,53.95704],[-1.024895,53.957349],[-1.024809,53.957342],[-1.024789,53.957325],[-1.024683,53.957239]]]}},{"type":"Feature","properties":{"id":"substation-419","kind":"substation","name":"GRANGETOWN 275KV S/S","voltage":"275kV","status":"C","gid":10052323,"risk":"SAFE","floodCodes":[],"floodNames":[],"lng":-1.148834,"lat":54.580555},"geometry":{"type":"Polygon","coordinates":[[[-1.149213,54.58073],[-1.148782,54.580864],[-1.148263,54.580291],[-1.148695,54.580161],[-1.149213,54.58073]]]}},{"type":"Feature","properties":{"id":"substation-420","kind":"substation","name":"GRAIN 400KV S/S","voltage":"400kV","status":"C","gid":10052324,"risk":"HIGH","floodCodes":["064FWT1Grain"],"floodNames":["Isle of Grain and Stoke"],"lng":0.715532,"lat":51.444236},"geometry":{"type":"Polygon","coordinates":[[[0.718468,51.44598],[0.715322,51.443382],[0.715282,51.443349],[0.715238,51.443323],[0.715231,51.443321],[0.715224,51.443321],[0.715208,51.443319],[0.715197,51.443319],[0.715174,51.443321],[0.71499,51.443406],[0.714965,51.443384],[0.713729,51.443951],[0.713663,51.44398],[0.713519,51.444021],[0.713126,51.444237],[0.716252,51.446768],[0.717913,51.445971],[0.718131,51.446143],[0.718468,51.44598]]]}},{"type":"Feature","properties":{"id":"substation-421","kind":"substation","name":"OLDBURY 400KV S/S","voltage":"400kV","status":"C","gid":10052325,"risk":"SAFE","floodCodes":[],"floodNames":[],"lng":-2.023151,"lat":52.499365},"geometry":{"type":"Polygon","coordinates":[[[-2.023243,52.499266],[-2.023896,52.499284],[-2.023223,52.499592],[-2.022809,52.499581],[-2.022821,52.499311],[-2.022824,52.499255],[-2.023243,52.499266]]]}},{"type":"Feature","properties":{"id":"substation-422","kind":"substation","name":"BRADWELL 132KV S/S","voltage":"132kV","status":"C","gid":10052326,"risk":"LOW","floodCodes":["051FWCDV4C9"],"floodNames":["The south bank of the Blackwater estuary in Essex"],"lng":0.899055,"lat":51.738756},"geometry":{"type":"Polygon","coordinates":[[[0.900303,51.739563],[0.900721,51.738891],[0.899448,51.738587],[0.899389,51.738529],[0.899158,51.738472],[0.899049,51.738489],[0.897606,51.738143],[0.897381,51.738507],[0.897192,51.738815],[0.900303,51.739563]]]}},{"type":"Feature","properties":{"id":"substation-423","kind":"substation","name":"FRODSHAM 400KV S/S","voltage":"400kV","status":"C","gid":10052327,"risk":"SAFE","floodCodes":[],"floodNames":[],"lng":-2.715621,"lat":53.309016},"geometry":{"type":"Polygon","coordinates":[[[-2.715438,53.309923],[-2.713829,53.309341],[-2.71419,53.308903],[-2.714908,53.309146],[-2.715106,53.309097],[-2.715638,53.308594],[-2.715545,53.308176],[-2.715822,53.30788],[-2.716999,53.308293],[-2.716953,53.308803],[-2.716853,53.308772],[-2.716496,53.308815],[-2.715554,53.309765],[-2.71555,53.309808],[-2.715438,53.309923]]]}},{"type":"Feature","properties":{"id":"substation-424","kind":"substation","name":"HIGH MARNHAM 400KV S/S","voltage":"400kV","status":"C","gid":10052328,"risk":"SAFE","floodCodes":[],"floodNames":[],"lng":-0.795497,"lat":53.227968},"geometry":{"type":"Polygon","coordinates":[[[-0.796018,53.228331],[-0.795051,53.228328],[-0.795055,53.228291],[-0.795071,53.227836],[-0.794953,53.227836],[-0.794872,53.227797],[-0.794878,53.227523],[-0.795437,53.227524],[-0.796565,53.227527],[-0.796545,53.228326],[-0.796018,53.228331]]]}},{"type":"Feature","properties":{"id":"substation-425","kind":"substation","name":"IRONBRIDGE 400KV S/S","voltage":"400kV","status":"C","gid":10052329,"risk":"LOW","floodCodes":["031FWFSE250"],"floodNames":["River Severn at Ironbridge and Jackfield"],"lng":-2.514255,"lat":52.632391},"geometry":{"type":"Polygon","coordinates":[[[-2.516158,52.631959],[-2.514844,52.632923],[-2.514886,52.632947],[-2.514651,52.633124],[-2.514344,52.632968],[-2.514263,52.632926],[-2.514284,52.632911],[-2.513614,52.632554],[-2.513151,52.632323],[-2.512386,52.631933],[-2.512661,52.631735],[-2.513911,52.630822],[-2.516158,52.631959]]]}},{"type":"Feature","properties":{"id":"substation-426","kind":"substation","name":"GREYSTONES B 275KV S/S","voltage":"275kV","status":"C","gid":10052330,"risk":"SAFE","floodCodes":[],"floodNames":[],"lng":-1.129371,"lat":54.574117},"geometry":{"type":"Polygon","coordinates":[[[-1.129639,54.57409],[-1.129644,54.574097],[-1.128919,54.574281],[-1.12883,54.574163],[-1.129556,54.573979],[-1.129639,54.57409]]]}},{"type":"Feature","properties":{"id":"substation-427","kind":"substation","name":"STELLA NORTH 132KV S/S","voltage":"132kV","status":"C","gid":10052331,"risk":"SAFE","floodCodes":[],"floodNames":[],"lng":-1.724512,"lat":54.97797},"geometry":{"type":"Polygon","coordinates":[[[-1.726119,54.97858],[-1.722645,54.978008],[-1.72269,54.977917],[-1.72275,54.977798],[-1.722822,54.977657],[-1.722877,54.977534],[-1.723746,54.977678],[-1.723938,54.97771],[-1.724623,54.97782],[-1.72485,54.97786],[-1.725912,54.978034],[-1.726074,54.978067],[-1.726202,54.978123],[-1.726318,54.978183],[-1.726119,54.97858]]]}},{"type":"Feature","properties":{"id":"substation-428","kind":"substation","name":"SALTHOLME 275KV S/S","voltage":"275kV","status":"C","gid":10052332,"risk":"SAFE","floodCodes":[],"floodNames":[],"lng":-1.237728,"lat":54.605628},"geometry":{"type":"Polygon","coordinates":[[[-1.237028,54.606015],[-1.237008,54.605092],[-1.237182,54.604989],[-1.238471,54.604983],[-1.238473,54.605036],[-1.238519,54.605061],[-1.238523,54.605961],[-1.238474,54.605991],[-1.237985,54.605992],[-1.237455,54.605991],[-1.237213,54.606018],[-1.237099,54.606017],[-1.237028,54.606015]]]}},{"type":"Feature","properties":{"id":"substation-429","kind":"substation","name":"NORTH HYDE 66KV S/S","voltage":"66kV","status":"C","gid":10052333,"risk":"LOW","floodCodes":["062FWF36Southall"],"floodNames":["River Crane at Southall"],"lng":-0.411256,"lat":51.499114},"geometry":{"type":"Polygon","coordinates":[[[-0.410573,51.49936],[-0.410363,51.499323],[-0.410546,51.498934],[-0.410692,51.498861],[-0.410773,51.49887],[-0.410835,51.498839],[-0.411033,51.498908],[-0.411475,51.498983],[-0.411485,51.49896],[-0.412093,51.499061],[-0.412075,51.499101],[-0.412299,51.499138],[-0.412167,51.499438],[-0.411857,51.499577],[-0.410573,51.49936]]]}},{"type":"Feature","properties":{"id":"substation-430","kind":"substation","name":"WINCOBANK 275KV S/S","voltage":"275kV","status":"C","gid":10052398,"risk":"HIGH","floodCodes":["123FWF629"],"floodNames":["River Don at Meadowhall and Carbrook"],"lng":-1.413952,"lat":53.41574},"geometry":{"type":"Polygon","coordinates":[[[-1.413928,53.416261],[-1.413223,53.415868],[-1.413765,53.415526],[-1.413846,53.415573],[-1.41396,53.415501],[-1.414045,53.415549],[-1.414026,53.415562],[-1.414061,53.415582],[-1.414108,53.415609],[-1.414579,53.415852],[-1.413928,53.416261]]]}},{"type":"Feature","properties":{"id":"substation-431","kind":"substation","name":"CAPENHURST 400KV S/S","voltage":"400kV","status":"C","gid":10052335,"risk":"SAFE","floodCodes":[],"floodNames":[],"lng":-2.949156,"lat":53.268862},"geometry":{"type":"Polygon","coordinates":[[[-2.948059,53.268867],[-2.948026,53.268843],[-2.949545,53.268173],[-2.949647,53.268133],[-2.950312,53.268691],[-2.950387,53.268797],[-2.94959,53.269145],[-2.94943,53.269214],[-2.949006,53.269395],[-2.948655,53.269351],[-2.948059,53.268867]]]}},{"type":"Feature","properties":{"id":"substation-432","kind":"substation","name":"BEDDINGTON 400KV S/S","voltage":"400kV","status":"C","gid":10052336,"risk":"HIGH","floodCodes":["064FWF41BeddPark"],"floodNames":["River Wandle at Beddington Park"],"lng":-0.12646,"lat":51.372561},"geometry":{"type":"Polygon","coordinates":[[[-0.126002,51.372686],[-0.126399,51.372218],[-0.126851,51.372375],[-0.126912,51.372511],[-0.126591,51.372888],[-0.126002,51.372686]]]}},{"type":"Feature","properties":{"id":"substation-433","kind":"substation","name":"BRELSTON GREEN 400KV S/S","voltage":"400kV","status":"C","gid":10052337,"risk":"SAFE","floodCodes":[],"floodNames":[],"lng":-2.635708,"lat":51.876849},"geometry":{"type":"Polygon","coordinates":[[[-2.636271,51.877177],[-2.635636,51.876943],[-2.634961,51.876691],[-2.635148,51.876495],[-2.63519,51.87649],[-2.636477,51.876968],[-2.636271,51.877177]]]}},{"type":"Feature","properties":{"id":"substation-434","kind":"substation","name":"WILLENHALL 132KV S/S","voltage":"132kV","status":"C","gid":10052338,"risk":"SAFE","floodCodes":[],"floodNames":[],"lng":-2.059766,"lat":52.576745},"geometry":{"type":"Polygon","coordinates":[[[-2.061378,52.576377],[-2.06109,52.576569],[-2.060767,52.576786],[-2.060339,52.57708],[-2.060832,52.577348],[-2.060845,52.577355],[-2.06056,52.577552],[-2.060305,52.577727],[-2.059966,52.577958],[-2.059852,52.577896],[-2.059596,52.577758],[-2.059454,52.577682],[-2.058916,52.577386],[-2.058337,52.577065],[-2.058,52.576878],[-2.0581,52.576812],[-2.058236,52.576719],[-2.058379,52.576623],[-2.058586,52.576484],[-2.058755,52.57637],[-2.058809,52.576334],[-2.05889,52.576279],[-2.058943,52.576243],[-2.05903,52.576185],[-2.059338,52.576166],[-2.060069,52.575667],[-2.060616,52.575963],[-2.060651,52.575981],[-2.060679,52.575995],[-2.060821,52.576074],[-2.060982,52.576162],[-2.061378,52.576377]]]}},{"type":"Feature","properties":{"id":"substation-435","kind":"substation","name":"SOUTH SHIELDS 33KV S/S","voltage":"33kV","status":"C","gid":10052339,"risk":"SAFE","floodCodes":[],"floodNames":[],"lng":-1.450096,"lat":54.973319},"geometry":{"type":"Polygon","coordinates":[[[-1.450076,54.973414],[-1.449938,54.973219],[-1.450125,54.973175],[-1.450262,54.973371],[-1.450076,54.973414]]]}},{"type":"Feature","properties":{"id":"substation-436","kind":"substation","name":"WALHAM 400KV S/S","voltage":"400kV","status":"C","gid":10052340,"risk":"HIGH","floodCodes":["031FWBSE570"],"floodNames":["River Severn at Sandhurst and Maisemore"],"lng":-2.253683,"lat":51.879249},"geometry":{"type":"Polygon","coordinates":[[[-2.25258,51.878435],[-2.252573,51.878427],[-2.252544,51.878391],[-2.253569,51.878058],[-2.253855,51.878109],[-2.254036,51.878326],[-2.254544,51.878636],[-2.255223,51.879482],[-2.255136,51.879656],[-2.254391,51.879893],[-2.2542,51.879949],[-2.254366,51.880158],[-2.253924,51.880296],[-2.253765,51.880091],[-2.253731,51.880048],[-2.25368,51.879962],[-2.25364,51.879911],[-2.253246,51.879451],[-2.253133,51.8793],[-2.253094,51.879252],[-2.253215,51.879214],[-2.25258,51.878435]]]}},{"type":"Feature","properties":{"id":"substation-437","kind":"substation","name":"WEST HAM 400KV S/S","voltage":"400kV","status":"C","gid":10052341,"risk":"HIGH","floodCodes":["063FWT23RDockC","062FWB53TidalLee"],"floodNames":["Tidal Thames at Mill Meads and East Plaistow","Lower River Lee from West Ham and Canning Town"],"lng":0.000751,"lat":51.51943},"geometry":{"type":"Polygon","coordinates":[[[-0.000293,51.518552],[-0.000155,51.51865],[-0.000278,51.518718],[-0.00067,51.518937],[-0.000649,51.518954],[-0.000237,51.519252],[0.000147,51.519529],[0.000366,51.51968],[0.000495,51.519779],[0.00095,51.520187],[0.001151,51.521086],[0.001907,51.520977],[0.001904,51.520809],[0.001826,51.520531],[0.001746,51.520237],[0.00218,51.520007],[0.002145,51.519985],[0.002117,51.520001],[0.00099,51.519195],[0.000233,51.519173],[0.000465,51.518834],[0.000577,51.518823],[0.000648,51.518719],[0.001166,51.518688],[0.001307,51.518647],[0.000545,51.518096],[-0.000293,51.518552]]]}},{"type":"Feature","properties":{"id":"substation-438","kind":"substation","name":"WIMBLEDON 132KV S/S","voltage":"132kV","status":"C","gid":10052342,"risk":"HIGH","floodCodes":["064FWF41Wimbledn"],"floodNames":["River Wandle at Wimbledon"],"lng":-0.187907,"lat":51.430899},"geometry":{"type":"Polygon","coordinates":[[[-0.188353,51.432111],[-0.188281,51.432023],[-0.187796,51.431441],[-0.18758,51.431171],[-0.187063,51.430446],[-0.187078,51.430441],[-0.186878,51.430225],[-0.186803,51.430134],[-0.187491,51.429939],[-0.187657,51.429891],[-0.187781,51.42998],[-0.188268,51.430573],[-0.188437,51.430786],[-0.188685,51.431088],[-0.188662,51.431096],[-0.189256,51.431821],[-0.188353,51.432111]]]}},{"type":"Feature","properties":{"id":"substation-439","kind":"substation","name":"COVENTRY 275KV S/S","voltage":"275kV","status":"C","gid":10052343,"risk":"SAFE","floodCodes":[],"floodNames":[],"lng":-1.463672,"lat":52.456402},"geometry":{"type":"Polygon","coordinates":[[[-1.464317,52.457001],[-1.464075,52.456971],[-1.46369,52.456929],[-1.463691,52.456922],[-1.463699,52.456889],[-1.463436,52.456851],[-1.463281,52.456831],[-1.462928,52.456789],[-1.462872,52.456783],[-1.462857,52.45678],[-1.462842,52.456775],[-1.462823,52.456757],[-1.462817,52.456742],[-1.462793,52.456414],[-1.4628,52.456397],[-1.462832,52.456306],[-1.462835,52.456289],[-1.462943,52.455965],[-1.462963,52.455936],[-1.46298,52.455926],[-1.463007,52.455915],[-1.463047,52.455908],[-1.463069,52.455908],[-1.4631,52.45591],[-1.46318,52.455917],[-1.464135,52.456029],[-1.4646,52.45608],[-1.464664,52.456087],[-1.464679,52.456097],[-1.464684,52.456102],[-1.46469,52.45611],[-1.464695,52.456116],[-1.464696,52.456123],[-1.464699,52.456129],[-1.464699,52.456135],[-1.464583,52.456512],[-1.464586,52.456638],[-1.4646,52.456696],[-1.464317,52.457001]]]}},{"type":"Feature","properties":{"id":"substation-440","kind":"substation","name":"BERKSWELL 275KV S/S","voltage":"275kV","status":"C","gid":10052344,"risk":"SAFE","floodCodes":[],"floodNames":[],"lng":-1.615136,"lat":52.385954},"geometry":{"type":"Polygon","coordinates":[[[-1.615649,52.386734],[-1.613968,52.385874],[-1.614057,52.385811],[-1.614232,52.385805],[-1.615416,52.384956],[-1.616982,52.385763],[-1.615649,52.386734]]]}},{"type":"Feature","properties":{"id":"substation-441","kind":"substation","name":"MELKSHAM 275KV S/S","voltage":"275kV","status":"C","gid":10052345,"risk":"SAFE","floodCodes":[],"floodNames":[],"lng":-2.150382,"lat":51.392827},"geometry":{"type":"Polygon","coordinates":[[[-2.152368,51.393618],[-2.152313,51.393616],[-2.150989,51.393632],[-2.149886,51.393653],[-2.149708,51.393656],[-2.149186,51.393672],[-2.148945,51.393674],[-2.148904,51.392618],[-2.148701,51.392622],[-2.148689,51.392307],[-2.148681,51.392254],[-2.148755,51.392246],[-2.149385,51.392233],[-2.149581,51.392232],[-2.150585,51.392215],[-2.150744,51.392212],[-2.151741,51.392191],[-2.151867,51.39219],[-2.152306,51.392178],[-2.152326,51.392723],[-2.152368,51.393618]]]}},{"type":"Feature","properties":{"id":"substation-442","kind":"substation","name":"MILL HILL 275KV S/S","voltage":"275kV","status":"C","gid":10052346,"risk":"SAFE","floodCodes":[],"floodNames":[],"lng":-0.208614,"lat":51.617791},"geometry":{"type":"Polygon","coordinates":[[[-0.208292,51.618862],[-0.208279,51.618463],[-0.208261,51.617821],[-0.208255,51.617436],[-0.208238,51.616897],[-0.208885,51.61689],[-0.208872,51.61693],[-0.208851,51.616996],[-0.208854,51.617432],[-0.208861,51.617734],[-0.208873,51.617925],[-0.208879,51.617984],[-0.20891,51.618843],[-0.208292,51.618862]]]}},{"type":"Feature","properties":{"id":"substation-443","kind":"substation","name":"PITSMOOR 275KV S/S","voltage":"275kV","status":"C","gid":10052347,"risk":"LOW","floodCodes":["123FWF625"],"floodNames":["River Don at Burngreave, Atlas and Attercliffe, Sheffield"],"lng":-1.443604,"lat":53.400863},"geometry":{"type":"Polygon","coordinates":[[[-1.444619,53.400585],[-1.444665,53.400762],[-1.443846,53.401269],[-1.443837,53.401263],[-1.443659,53.401374],[-1.443572,53.401323],[-1.443382,53.40139],[-1.442747,53.401024],[-1.442736,53.400781],[-1.442705,53.400763],[-1.443199,53.40046],[-1.443152,53.400433],[-1.443722,53.400072],[-1.444619,53.400585]]]}},{"type":"Feature","properties":{"id":"substation-444","kind":"substation","name":"BURWELL MAIN 400KV S/S","voltage":"400kV","status":"C","gid":10052348,"risk":"SAFE","floodCodes":[],"floodNames":[],"lng":0.313661,"lat":52.28035},"geometry":{"type":"Polygon","coordinates":[[[0.311447,52.280759],[0.312123,52.28136],[0.312708,52.281877],[0.314271,52.281221],[0.315318,52.280767],[0.315072,52.280537],[0.314771,52.280255],[0.314769,52.28021],[0.315258,52.280006],[0.314983,52.279766],[0.314709,52.279522],[0.314538,52.279587],[0.314424,52.279492],[0.313995,52.279681],[0.313706,52.279803],[0.313073,52.280073],[0.312669,52.280245],[0.312326,52.28039],[0.31162,52.280684],[0.311447,52.280759]]]}},{"type":"Feature","properties":{"id":"substation-445","kind":"substation","name":"COTTAM 400KV S/S","voltage":"400kV","status":"C","gid":10052349,"risk":"HIGH","floodCodes":["034FWBTRCOTTAM"],"floodNames":["River Trent at Cottam"],"lng":-0.781438,"lat":53.300418},"geometry":{"type":"Polygon","coordinates":[[[-0.782579,53.301701],[-0.780119,53.301771],[-0.780114,53.301691],[-0.780055,53.300797],[-0.780013,53.300332],[-0.77999,53.300076],[-0.779983,53.300004],[-0.77987,53.300008],[-0.779854,53.299721],[-0.78051,53.299703],[-0.780511,53.299725],[-0.780595,53.299724],[-0.780637,53.299723],[-0.780652,53.299723],[-0.781777,53.299699],[-0.781788,53.299698],[-0.781837,53.299697],[-0.78184,53.299697],[-0.782429,53.299685],[-0.782444,53.299941],[-0.782463,53.300171],[-0.782477,53.300392],[-0.782484,53.300513],[-0.782258,53.300518],[-0.782276,53.30073],[-0.782288,53.300881],[-0.782513,53.300877],[-0.782538,53.301205],[-0.782546,53.301291],[-0.782572,53.301574],[-0.782579,53.301701]]]}},{"type":"Feature","properties":{"id":"substation-446","kind":"substation","name":"DIDCOT 400KV S/S","voltage":"400kV","status":"C","gid":10052350,"risk":"SAFE","floodCodes":[],"floodNames":[],"lng":-1.257602,"lat":51.625278},"geometry":{"type":"Polygon","coordinates":[[[-1.262693,51.625391],[-1.262639,51.625513],[-1.262569,51.625619],[-1.26255,51.625679],[-1.262532,51.625711],[-1.262802,51.625761],[-1.262736,51.62597],[-1.262663,51.626179],[-1.262578,51.626346],[-1.262442,51.626665],[-1.262426,51.62668],[-1.2624,51.626697],[-1.262384,51.626706],[-1.262367,51.626714],[-1.262335,51.626725],[-1.262315,51.626728],[-1.262294,51.626731],[-1.262273,51.626731],[-1.262252,51.62673],[-1.26223,51.626727],[-1.261023,51.626525],[-1.259316,51.626249],[-1.25862,51.626137],[-1.257866,51.626011],[-1.256475,51.625788],[-1.256108,51.625733],[-1.255868,51.625697],[-1.255838,51.625692],[-1.255809,51.625686],[-1.255781,51.625678],[-1.255754,51.625668],[-1.255724,51.625654],[-1.255704,51.625639],[-1.2557,51.625635],[-1.255695,51.625631],[-1.25569,51.625626],[-1.255684,51.62562],[-1.255679,51.625615],[-1.255674,51.625609],[-1.25567,51.625603],[-1.255665,51.625598],[-1.255661,51.625592],[-1.255658,51.625586],[-1.255656,51.625581],[-1.255653,51.625576],[-1.255652,51.62557],[-1.25565,51.625565],[-1.255649,51.625559],[-1.255648,51.625554],[-1.255648,51.625548],[-1.255647,51.625543],[-1.255647,51.625538],[-1.255647,51.625532],[-1.255648,51.625527],[-1.255649,51.625521],[-1.25565,51.625516],[-1.255651,51.625511],[-1.255653,51.625505],[-1.255654,51.6255],[-1.255717,51.625342],[-1.255833,51.625056],[-1.25592,51.624857],[-1.255923,51.624852],[-1.255926,51.624848],[-1.25593,51.624844],[-1.255934,51.624839],[-1.255938,51.624835],[-1.255943,51.624831],[-1.255947,51.624827],[-1.255952,51.624823],[-1.255957,51.624819],[-1.255968,51.624812],[-1.255973,51.624808],[-1.255979,51.624805],[-1.255985,51.624802],[-1.255991,51.624798],[-1.255998,51.624795],[-1.256005,51.624793],[-1.256011,51.624791],[-1.256017,51.624789],[-1.256029,51.624785],[-1.256036,51.624783],[-1.256042,51.624782],[-1.256049,51.624781],[-1.256063,51.624779],[-1.256071,51.624778],[-1.256079,51.624777],[-1.256087,51.624776],[-1.256096,51.624776],[-1.256104,51.624775],[-1.256112,51.624775],[-1.256121,51.624775],[-1.256129,51.624775],[-1.256452,51.624824],[-1.256459,51.624825],[-1.256466,51.624827],[-1.256473,51.624828],[-1.25648,51.624829],[-1.256487,51.62483],[-1.256494,51.624831],[-1.256508,51.624832],[-1.256515,51.624833],[-1.256529,51.624833],[-1.256536,51.624833],[-1.256543,51.624833],[-1.256551,51.624833],[-1.256558,51.624833],[-1.256565,51.624832],[-1.256572,51.624831],[-1.256579,51.62483],[-1.256586,51.624828],[-1.256593,51.624827],[-1.2566,51.624825],[-1.256673,51.624815],[-1.256753,51.624628],[-1.256802,51.624525],[-1.256826,51.624528],[-1.256902,51.624539],[-1.256951,51.624429],[-1.257191,51.624468],[-1.258497,51.624684],[-1.258509,51.624656],[-1.258533,51.624592],[-1.25872,51.624624],[-1.258854,51.624645],[-1.258936,51.624659],[-1.259075,51.624683],[-1.259161,51.6247],[-1.259126,51.624784],[-1.260372,51.624983],[-1.26084,51.62506],[-1.26101,51.625088],[-1.261356,51.625145],[-1.261713,51.625203],[-1.262257,51.625293],[-1.262703,51.62537],[-1.262693,51.625391]]]}},{"type":"Feature","properties":{"id":"substation-447","kind":"substation","name":"BUSTLEHOLME 132KV S/S","voltage":"132kV","status":"C","gid":10052351,"risk":"HIGH","floodCodes":["033FWF3TAME006"],"floodNames":["River Tame at Ray Hall Water Works"],"lng":-1.964452,"lat":52.552784},"geometry":{"type":"Polygon","coordinates":[[[-1.966043,52.552598],[-1.966029,52.552687],[-1.966014,52.552777],[-1.966032,52.552779],[-1.966054,52.55278],[-1.966056,52.552802],[-1.966059,52.552839],[-1.966062,52.552864],[-1.965996,52.55322],[-1.965788,52.55323],[-1.965675,52.553374],[-1.965409,52.553358],[-1.963884,52.553262],[-1.963693,52.553252],[-1.962738,52.553193],[-1.962508,52.553179],[-1.962124,52.553154],[-1.962008,52.553149],[-1.96202,52.553078],[-1.962032,52.553009],[-1.962062,52.552837],[-1.96207,52.552791],[-1.962085,52.552707],[-1.962137,52.552402],[-1.962202,52.552406],[-1.962249,52.552409],[-1.962232,52.552505],[-1.962284,52.552545],[-1.96236,52.55255],[-1.962749,52.552574],[-1.963254,52.552605],[-1.963979,52.552651],[-1.964484,52.552683],[-1.96456,52.552687],[-1.964637,52.552692],[-1.964801,52.552703],[-1.965059,52.552718],[-1.965332,52.552736],[-1.965579,52.552751],[-1.965813,52.552766],[-1.965832,52.55266],[-1.96584,52.552611],[-1.965881,52.552602],[-1.965884,52.552601],[-1.965886,52.552601],[-1.965888,52.5526],[-1.965891,52.5526],[-1.965895,52.5526],[-1.965899,52.5526],[-1.965961,52.552599],[-1.966043,52.552598]]]}},{"type":"Feature","properties":{"id":"substation-448","kind":"substation","name":"NORTHFLEET EAST 400KV S/S","voltage":"400kV","status":"C","gid":10052352,"risk":"SAFE","floodCodes":[],"floodNames":[],"lng":0.330462,"lat":51.428829},"geometry":{"type":"Polygon","coordinates":[[[0.330056,51.429387],[0.33032,51.429252],[0.33062,51.4291],[0.331051,51.428877],[0.331277,51.428761],[0.331382,51.428708],[0.330826,51.428284],[0.330682,51.428358],[0.330426,51.428164],[0.33002,51.428369],[0.329258,51.428762],[0.330035,51.42937],[0.330056,51.429387]]]}},{"type":"Feature","properties":{"id":"substation-449","kind":"substation","name":"WALFORD 400KV CABLE COMPOUND","voltage":"400kV","status":"C","gid":10052353,"risk":"SAFE","floodCodes":[],"floodNames":[],"lng":-2.604701,"lat":51.888269},"geometry":{"type":"Polygon","coordinates":[[[-2.604891,51.88853],[-2.604238,51.8885],[-2.604304,51.88788],[-2.604957,51.887909],[-2.604926,51.888263],[-2.604891,51.88853]]]}},{"type":"Feature","properties":{"id":"substation-450","kind":"substation","name":"WILLENHALL 275KV S/S","voltage":"275kV","status":"C","gid":10052354,"risk":"SAFE","floodCodes":[],"floodNames":[],"lng":-2.049552,"lat":52.577927},"geometry":{"type":"Polygon","coordinates":[[[-2.049818,52.578055],[-2.049875,52.578148],[-2.04978,52.57817],[-2.049623,52.578334],[-2.049438,52.578261],[-2.048977,52.578367],[-2.048446,52.577532],[-2.048447,52.577524],[-2.049361,52.577309],[-2.04963,52.577737],[-2.049849,52.577708],[-2.049878,52.577712],[-2.049993,52.577889],[-2.050057,52.577988],[-2.049841,52.578039],[-2.049818,52.578055]]]}},{"type":"Feature","properties":{"id":"substation-451","kind":"substation","name":"OLDBURY 275KV S/S","voltage":"275kV","status":"C","gid":10052355,"risk":"SAFE","floodCodes":[],"floodNames":[],"lng":-2.023396,"lat":52.498337},"geometry":{"type":"Polygon","coordinates":[[[-2.023234,52.499266],[-2.022824,52.499255],[-2.02284,52.499051],[-2.022954,52.497625],[-2.022965,52.497747],[-2.023007,52.497775],[-2.023079,52.497777],[-2.023431,52.497787],[-2.023427,52.497881],[-2.023667,52.49789],[-2.023654,52.498035],[-2.024659,52.498059],[-2.024566,52.499303],[-2.023234,52.499266]]]}},{"type":"Feature","properties":{"id":"substation-452","kind":"substation","name":"SHEFFIELD CITY 275KV S/S","voltage":"275kV","status":"C","gid":10052356,"risk":"LOW","floodCodes":["123FWF587","123FWF586","123FWF585"],"floodNames":["Porter Brook from Napier Street to Matilda Street including Mary Street","Porter Brook at Hickmott Road in Sharrow Vale and Wards Brewery","Porter Brook from Moor Street roundabout, Sharrow Vale to Edmund Road, Sheffield"],"lng":-1.47844,"lat":53.374741},"geometry":{"type":"Polygon","coordinates":[[[-1.47802,53.375004],[-1.477889,53.374883],[-1.477871,53.374866],[-1.477862,53.374833],[-1.477899,53.374822],[-1.47794,53.374799],[-1.477965,53.374792],[-1.478568,53.374557],[-1.478609,53.374599],[-1.479021,53.37444],[-1.479231,53.374452],[-1.479313,53.374501],[-1.47925,53.374538],[-1.479096,53.374628],[-1.479069,53.374604],[-1.478664,53.37476],[-1.478042,53.375],[-1.478037,53.374995],[-1.47802,53.375004]]]}},{"type":"Feature","properties":{"id":"substation-453","kind":"substation","name":"SILVERLINK 11KV S/S","voltage":"11kV","status":"C","gid":10052357,"risk":"SAFE","floodCodes":[],"floodNames":[],"lng":-1.504399,"lat":55.017642},"geometry":{"type":"Polygon","coordinates":[[[-1.504006,55.01765],[-1.504621,55.017376],[-1.504995,55.01763],[-1.504365,55.017906],[-1.504006,55.01765]]]}},{"type":"Feature","properties":{"id":"substation-454","kind":"substation","name":"TYNEMOUTH 132KV AIS SUBSTATION","voltage":"132kV","status":"C","gid":10052358,"risk":"SAFE","floodCodes":[],"floodNames":[],"lng":-1.499407,"lat":55.023751},"geometry":{"type":"Polygon","coordinates":[[[-1.50033,55.024773],[-1.499105,55.024929],[-1.498958,55.024557],[-1.498791,55.024128],[-1.498759,55.024047],[-1.49864,55.024061],[-1.498522,55.024075],[-1.498488,55.023983],[-1.498425,55.023812],[-1.498396,55.023733],[-1.498509,55.023719],[-1.498622,55.023705],[-1.498602,55.023651],[-1.498582,55.023596],[-1.498565,55.02355],[-1.498548,55.023504],[-1.498487,55.023345],[-1.498425,55.023185],[-1.498359,55.023014],[-1.498293,55.022844],[-1.498371,55.022833],[-1.498625,55.0228],[-1.498878,55.022767],[-1.499069,55.022743],[-1.499259,55.022718],[-1.499389,55.022701],[-1.49952,55.022684],[-1.499752,55.023281],[-1.499796,55.023395],[-1.49984,55.023509],[-1.499848,55.023531],[-1.499855,55.023552],[-1.499871,55.023595],[-1.499882,55.023628],[-1.499895,55.023661],[-1.499908,55.023695],[-1.499922,55.023728],[-1.499935,55.023761],[-1.499947,55.023791],[-1.499959,55.023822],[-1.499967,55.023842],[-1.499972,55.023856],[-1.499986,55.023894],[-1.499991,55.023906],[-1.5,55.023929],[-1.500028,55.023998],[-1.500058,55.024074],[-1.500088,55.024151],[-1.500115,55.024223],[-1.500143,55.024295],[-1.500174,55.024372],[-1.500205,55.02445],[-1.50024,55.024541],[-1.500276,55.024633],[-1.500313,55.02473],[-1.50033,55.024773]]]}},{"type":"Feature","properties":{"id":"substation-455","kind":"substation","name":"HUMBER REFINERY 400KV S/S","voltage":"400kV","status":"C","gid":10052359,"risk":"HIGH","floodCodes":["053FWTBNHGH1"],"floodNames":["Tidal flooding of low-lying areas from New Holland to Immingham Dock"],"lng":-0.238299,"lat":53.638531},"geometry":{"type":"Polygon","coordinates":[[[-0.237599,53.639037],[-0.2371,53.638539],[-0.239354,53.637768],[-0.239843,53.638272],[-0.237599,53.639037]]]}},{"type":"Feature","properties":{"id":"substation-456","kind":"substation","name":"TOD POINT 66KV S/S","voltage":"66kV","status":"C","gid":10052360,"risk":"SAFE","floodCodes":[],"floodNames":[],"lng":-1.115757,"lat":54.606319},"geometry":{"type":"Polygon","coordinates":[[[-1.11585,54.606378],[-1.115609,54.606373],[-1.115618,54.606231],[-1.115859,54.606237],[-1.11585,54.606378]]]}},{"type":"Feature","properties":{"id":"substation-457","kind":"substation","name":"GREYSTONES 66KV S/S","voltage":"66kV","status":"C","gid":10052361,"risk":"SAFE","floodCodes":[],"floodNames":[],"lng":-1.131266,"lat":54.576001},"geometry":{"type":"Polygon","coordinates":[[[-1.131502,54.576533],[-1.130493,54.575203],[-1.13066,54.57516],[-1.1308,54.575346],[-1.130851,54.575332],[-1.131453,54.576127],[-1.131398,54.576142],[-1.13149,54.576264],[-1.13154,54.57625],[-1.131582,54.576307],[-1.131532,54.57632],[-1.131662,54.576492],[-1.131502,54.576533]]]}},{"type":"Feature","properties":{"id":"substation-458","kind":"substation","name":"GRANGETOWN 66KV S/S","voltage":"66kV","status":"C","gid":10052362,"risk":"SAFE","floodCodes":[],"floodNames":[],"lng":-1.14973,"lat":54.581429},"geometry":{"type":"Polygon","coordinates":[[[-1.151332,54.581876],[-1.149261,54.582513],[-1.14918,54.582438],[-1.148525,54.582639],[-1.147434,54.581423],[-1.149902,54.580669],[-1.149879,54.580627],[-1.150051,54.580573],[-1.150033,54.580553],[-1.150099,54.580532],[-1.151332,54.581876]]]}},{"type":"Feature","properties":{"id":"substation-459","kind":"substation","name":"LACKENBY 400KV S/S","voltage":"400kV","status":"C","gid":10052364,"risk":"SAFE","floodCodes":[],"floodNames":[],"lng":-1.130483,"lat":54.565902},"geometry":{"type":"Polygon","coordinates":[[[-1.129702,54.565921],[-1.12975,54.565886],[-1.130488,54.565514],[-1.130553,54.565497],[-1.130587,54.565491],[-1.130695,54.565487],[-1.130782,54.565497],[-1.13089,54.565519],[-1.131011,54.565555],[-1.131073,54.56558],[-1.131176,54.565633],[-1.13136,54.565759],[-1.131431,54.565748],[-1.131574,54.565702],[-1.131922,54.565929],[-1.130405,54.566699],[-1.130242,54.5666],[-1.130204,54.566609],[-1.12984,54.56637],[-1.129843,54.566303],[-1.129772,54.566228],[-1.129719,54.566104],[-1.129681,54.566025],[-1.129677,54.565971],[-1.129702,54.565921]]]}},{"type":"Feature","properties":{"id":"substation-460","kind":"substation","name":"SOUTH HUMBER BANK 400KV S/S","voltage":"400kV","status":"C","gid":10052365,"risk":"HIGH","floodCodes":["053FWTIMM2"],"floodNames":["Wider area at risk of tidal flooding from Immingham to Pyewipe"],"lng":-0.146,"lat":53.601352},"geometry":{"type":"Polygon","coordinates":[[[-0.145804,53.6018],[-0.145712,53.601592],[-0.145533,53.601186],[-0.145446,53.600983],[-0.145948,53.600908],[-0.14601,53.601046],[-0.146709,53.601241],[-0.147034,53.601612],[-0.145804,53.6018]]]}},{"type":"Feature","properties":{"id":"substation-461","kind":"substation","name":"WIMBLEDON 33KV D S/S","voltage":"33kV","status":"C","gid":10052366,"risk":"HIGH","floodCodes":["064FWF41Wimbledn"],"floodNames":["River Wandle at Wimbledon"],"lng":-0.187867,"lat":51.431273},"geometry":{"type":"Polygon","coordinates":[[[-0.187962,51.431283],[-0.187877,51.431309],[-0.187867,51.431294],[-0.187827,51.431306],[-0.187812,51.431285],[-0.187787,51.431293],[-0.187759,51.431254],[-0.187908,51.431209],[-0.187912,51.431215],[-0.187962,51.431283]]]}},{"type":"Feature","properties":{"id":"substation-462","kind":"substation","name":"CLEVE HILL 400KV S/S","voltage":"400kV","status":"C","gid":10052367,"risk":"HIGH","floodCodes":["064FWC1Kemsley"],"floodNames":["Coast from Kemsley to Seasalter"],"lng":0.940456,"lat":51.33818},"geometry":{"type":"Polygon","coordinates":[[[0.939927,51.338434],[0.940763,51.338582],[0.941013,51.338023],[0.940687,51.337966],[0.940693,51.337951],[0.94018,51.33787],[0.939927,51.338434]]]}},{"type":"Feature","properties":{"id":"substation-463","kind":"substation","name":"TILBURY 400KV S/S","voltage":"400kV","status":"C","gid":10052368,"risk":"HIGH","floodCodes":["051FWCDV5B3EAST"],"floodNames":["The Thames estuary from Shellhaven, to and including Tilbury"],"lng":0.393696,"lat":51.460369},"geometry":{"type":"Polygon","coordinates":[[[0.393549,51.460682],[0.394198,51.460591],[0.393915,51.459896],[0.39327,51.459992],[0.393549,51.460682]]]}},{"type":"Feature","properties":{"id":"substation-464","kind":"substation","name":"BRERETON 25KV S/S","voltage":"25kV","status":"C","gid":10052369,"risk":"SAFE","floodCodes":[],"floodNames":[],"lng":-1.897231,"lat":52.749887},"geometry":{"type":"Polygon","coordinates":[[[-1.896836,52.74978],[-1.896986,52.749729],[-1.897058,52.749754],[-1.897295,52.749674],[-1.897493,52.749866],[-1.897566,52.749934],[-1.897505,52.749962],[-1.897346,52.750032],[-1.897388,52.750094],[-1.897232,52.750149],[-1.896836,52.74978]]]}},{"type":"Feature","properties":{"id":"substation-465","kind":"substation","name":"HARKER 25KV S/S","voltage":"25kV","status":"C","gid":10052370,"risk":"SAFE","floodCodes":[],"floodNames":[],"lng":-2.985257,"lat":54.94207},"geometry":{"type":"Polygon","coordinates":[[[-2.985457,54.942168],[-2.985226,54.942233],[-2.984956,54.941923],[-2.985188,54.941859],[-2.985457,54.942168]]]}},{"type":"Feature","properties":{"id":"substation-466","kind":"substation","name":"NEWARK 25KV (RAILTRACK)","voltage":"25kV","status":"C","gid":10052371,"risk":"LOW","floodCodes":["034FWFTRSTMUSKHM"],"floodNames":["River Trent at South Muskham and Little Carlton"],"lng":-0.811555,"lat":53.102072},"geometry":{"type":"Polygon","coordinates":[[[-0.811615,53.102164],[-0.811559,53.102171],[-0.811533,53.102174],[-0.811446,53.102033],[-0.811548,53.102016],[-0.811535,53.101982],[-0.811557,53.101974],[-0.81159,53.101974],[-0.811615,53.102164]]]}},{"type":"Feature","properties":{"id":"substation-467","kind":"substation","name":"FLEET 132KV S/S","voltage":"132kV","status":"C","gid":10052372,"risk":"SAFE","floodCodes":[],"floodNames":[],"lng":-0.880173,"lat":51.250734},"geometry":{"type":"Polygon","coordinates":[[[-0.878439,51.251469],[-0.87831,51.251138],[-0.879148,51.250992],[-0.879083,51.250852],[-0.879532,51.250767],[-0.879167,51.249999],[-0.883292,51.249271],[-0.883603,51.249998],[-0.882106,51.25026],[-0.882225,51.250528],[-0.879916,51.250913],[-0.879961,51.251036],[-0.879657,51.251083],[-0.879722,51.251231],[-0.878439,51.251469]]]}},{"type":"Feature","properties":{"id":"substation-468","kind":"substation","name":"BRAINTREE 132KV S/S","voltage":"132kV","status":"C","gid":10052373,"risk":"SAFE","floodCodes":[],"floodNames":[],"lng":0.575996,"lat":51.865217},"geometry":{"type":"Polygon","coordinates":[[[0.575261,51.865451],[0.576553,51.86574],[0.576831,51.865274],[0.576264,51.865147],[0.576203,51.865166],[0.576116,51.865147],[0.576105,51.865132],[0.576093,51.865115],[0.576087,51.865108],[0.576028,51.865095],[0.57561,51.865003],[0.575534,51.864986],[0.575261,51.865451]]]}},{"type":"Feature","properties":{"id":"substation-469","kind":"substation","name":"BERKSWELL 132KV S/S","voltage":"132kV","status":"C","gid":10052374,"risk":"SAFE","floodCodes":[],"floodNames":[],"lng":-1.614191,"lat":52.386672},"geometry":{"type":"Polygon","coordinates":[[[-1.615185,52.386826],[-1.614494,52.38735],[-1.612701,52.386434],[-1.613391,52.385924],[-1.615185,52.386826]]]}},{"type":"Feature","properties":{"id":"substation-470","kind":"substation","name":"HACKNEY 400KV S/S","voltage":"400kV","status":"C","gid":10052375,"risk":"LOW","floodCodes":["062FWF53Hackney"],"floodNames":["Lower River Lee at Hackney and Walthamstow"],"lng":-0.044424,"lat":51.558913},"geometry":{"type":"Polygon","coordinates":[[[-0.044764,51.558901],[-0.044029,51.5591],[-0.043913,51.558932],[-0.044651,51.558732],[-0.044764,51.558901]]]}},{"type":"Feature","properties":{"id":"substation-471","kind":"substation","name":"BRIDGWATER 132KV S/S","voltage":"132kV","status":"C","gid":10052376,"risk":"HIGH","floodCodes":["112FWTBRI03"],"floodNames":["Tidal River Parrett at Bridgwater, Moorland, Burrowbridge and Stathe"],"lng":-2.968788,"lat":51.117401},"geometry":{"type":"Polygon","coordinates":[[[-2.969582,51.117207],[-2.969287,51.117697],[-2.969088,51.117999],[-2.968994,51.118147],[-2.968981,51.118143],[-2.968907,51.118126],[-2.968868,51.118117],[-2.968471,51.118019],[-2.968437,51.118066],[-2.968296,51.118031],[-2.968324,51.117985],[-2.967825,51.117861],[-2.968103,51.117407],[-2.968567,51.116663],[-2.968412,51.116623],[-2.968496,51.116483],[-2.968653,51.116525],[-2.968621,51.116573],[-2.968947,51.116653],[-2.969015,51.116543],[-2.96987,51.116756],[-2.969582,51.117207]]]}},{"type":"Feature","properties":{"id":"substation-472","kind":"substation","name":"SPENNYMOOR 400KV S/S","voltage":"400kV","status":"C","gid":10052377,"risk":"SAFE","floodCodes":[],"floodNames":[],"lng":-1.553134,"lat":54.705523},"geometry":{"type":"Polygon","coordinates":[[[-1.553495,54.705361],[-1.553502,54.705379],[-1.553597,54.705593],[-1.553603,54.705607],[-1.553553,54.705614],[-1.553599,54.705724],[-1.553649,54.705717],[-1.553652,54.705723],[-1.553732,54.705905],[-1.553793,54.706044],[-1.553861,54.706203],[-1.553298,54.706289],[-1.553036,54.706261],[-1.553003,54.706217],[-1.552995,54.706177],[-1.552906,54.706172],[-1.552356,54.706249],[-1.551794,54.704944],[-1.551644,54.704853],[-1.55146,54.704409],[-1.552737,54.704217],[-1.552872,54.704229],[-1.553063,54.704779],[-1.553264,54.705261],[-1.553523,54.705312],[-1.553495,54.705361]]]}},{"type":"Feature","properties":{"id":"substation-473","kind":"substation","name":"HEDON 275KV S/S","voltage":"275kV","status":"C","gid":10052378,"risk":"SAFE","floodCodes":[],"floodNames":[],"lng":-0.2312,"lat":53.747488},"geometry":{"type":"Polygon","coordinates":[[[-0.232018,53.748351],[-0.23052,53.74817],[-0.230489,53.748137],[-0.23065,53.747654],[-0.23071,53.747488],[-0.230678,53.747463],[-0.230693,53.747093],[-0.23056,53.746939],[-0.230301,53.746815],[-0.230334,53.746786],[-0.230317,53.746778],[-0.23084,53.746325],[-0.231194,53.746455],[-0.231408,53.746539],[-0.23295,53.747149],[-0.232144,53.748273],[-0.232088,53.748298],[-0.232051,53.748347],[-0.232031,53.748351],[-0.232018,53.748351]]]}},{"type":"Feature","properties":{"id":"substation-474","kind":"substation","name":"MARCHWOOD 400KV S/S","voltage":"400kV","status":"C","gid":10052379,"risk":"LOW","floodCodes":["065FWC0301"],"floodNames":["Calshot, Hythe, Marchwood, Eling and Redbridge"],"lng":-1.440717,"lat":50.898295},"geometry":{"type":"Polygon","coordinates":[[[-1.441118,50.8983],[-1.440677,50.89883],[-1.439318,50.89838],[-1.439752,50.897856],[-1.440805,50.898206],[-1.440795,50.898219],[-1.440801,50.898249],[-1.440991,50.898307],[-1.441031,50.898293],[-1.441093,50.898302],[-1.441108,50.898299],[-1.441118,50.8983]]]}},{"type":"Feature","properties":{"id":"substation-475","kind":"substation","name":"ST PANCRAS HEADHOUSE","voltage":"132kV","status":"C","gid":10052380,"risk":"SAFE","floodCodes":[],"floodNames":[],"lng":-0.136515,"lat":51.539171},"geometry":{"type":"Polygon","coordinates":[[[-0.136518,51.539068],[-0.136719,51.539266],[-0.136512,51.539348],[-0.136376,51.539174],[-0.136447,51.539102],[-0.136518,51.539068]]]}},{"type":"Feature","properties":{"id":"substation-476","kind":"substation","name":"EADE ROAD HEADHOUSE","voltage":"132kV","status":"C","gid":10052381,"risk":"SAFE","floodCodes":[],"floodNames":[],"lng":-0.090112,"lat":51.574771},"geometry":{"type":"Polygon","coordinates":[[[-0.090161,51.574709],[-0.090219,51.574846],[-0.090033,51.574863],[-0.089988,51.574729],[-0.090161,51.574709]]]}},{"type":"Feature","properties":{"id":"substation-477","kind":"substation","name":"FOURSTONES 33KV S/S","voltage":"33kV","status":"C","gid":10052382,"risk":"SAFE","floodCodes":[],"floodNames":[],"lng":-2.163862,"lat":55.012113},"geometry":{"type":"Polygon","coordinates":[[[-2.163931,55.012088],[-2.163932,55.012151],[-2.163758,55.012152],[-2.163757,55.012088],[-2.163931,55.012088]]]}},{"type":"Feature","properties":{"id":"substation-478","kind":"substation","name":"CHAFFORD HUNDRED WEST CABLE COMPOUND","voltage":"400kV","status":"C","gid":10052383,"risk":"LOW","floodCodes":["051FWCDV5B3WEST"],"floodNames":["The Thames estuary from Grays to Purfleet-on-Thames, including West Thurrock"],"lng":0.284353,"lat":51.491705},"geometry":{"type":"Polygon","coordinates":[[[0.284108,51.491815],[0.28414,51.491839],[0.284563,51.491862],[0.284597,51.491838],[0.284629,51.491558],[0.284572,51.491518],[0.284306,51.49151],[0.284153,51.491592],[0.284108,51.491815]]]}},{"type":"Feature","properties":{"id":"substation-479","kind":"substation","name":"FLEET 400 KV S/S","voltage":"400kV","status":"C","gid":10052086,"risk":"SAFE","floodCodes":[],"floodNames":[],"lng":-0.882965,"lat":51.25124},"geometry":{"type":"Polygon","coordinates":[[[-0.884037,51.250995],[-0.884355,51.251722],[-0.884457,51.251958],[-0.884566,51.252207],[-0.884435,51.252336],[-0.883265,51.25253],[-0.883067,51.252457],[-0.88276,51.251746],[-0.881814,51.251906],[-0.881397,51.25176],[-0.881177,51.251258],[-0.880397,51.251394],[-0.880177,51.250874],[-0.88233,51.250517],[-0.882237,51.250352],[-0.882288,51.250287],[-0.88327,51.250115],[-0.883609,51.250059],[-0.883754,51.250388],[-0.883848,51.250594],[-0.883956,51.250817],[-0.884037,51.250995]]]}},{"type":"Feature","properties":{"id":"substation-480","kind":"substation","name":"EARLS COURT HEADHOUSE","voltage":"400kV","status":"C","gid":10052409,"risk":"HIGH","floodCodes":["063FWT23HammC"],"floodNames":["Tidal Thames at north Fulham"],"lng":-0.193273,"lat":51.48495},"geometry":{"type":"Polygon","coordinates":[[[-0.193276,51.484879],[-0.193364,51.48495],[-0.193419,51.484994],[-0.193282,51.485064],[-0.193127,51.48495],[-0.193166,51.484931],[-0.193276,51.484879]]]}},{"type":"Feature","properties":{"id":"substation-481","kind":"substation","name":"WIMBLEDON HEADHOUSE","voltage":"275kV","status":"C","gid":10052410,"risk":"HIGH","floodCodes":["064FWF41Wimbledn"],"floodNames":["River Wandle at Wimbledon"],"lng":-0.188552,"lat":51.432264},"geometry":{"type":"Polygon","coordinates":[[[-0.188691,51.432292],[-0.188449,51.43236],[-0.188354,51.432226],[-0.188578,51.432151],[-0.188691,51.432292]]]}},{"type":"Feature","properties":{"id":"substation-482","kind":"substation","name":"WANDSWORTH HEADHOUSE","voltage":"400kV","status":"C","gid":10052414,"risk":"HIGH","floodCodes":["063FWT23Wandswrh"],"floodNames":["Tidal Thames from Wandsworth Bridge to Putney Bridge"],"lng":-0.193066,"lat":51.459203},"geometry":{"type":"Polygon","coordinates":[[[-0.193223,51.459534],[-0.193229,51.459367],[-0.193012,51.459383],[-0.192761,51.459401],[-0.192548,51.459415],[-0.192484,51.459316],[-0.192471,51.459013],[-0.192619,51.459058],[-0.192697,51.45905],[-0.19283,51.459036],[-0.192863,51.459036],[-0.192964,51.459036],[-0.193024,51.459034],[-0.19311,51.45903],[-0.193174,51.459027],[-0.193243,51.45902],[-0.193281,51.459016],[-0.19347,51.458991],[-0.193499,51.458988],[-0.193533,51.458982],[-0.1935,51.459208],[-0.19332,51.459528],[-0.193305,51.459532],[-0.193274,51.459536],[-0.193223,51.459534]]]}},{"type":"Feature","properties":{"id":"substation-483","kind":"substation","name":"TILBURY CABLE COMPOUND","voltage":"400kV","status":"C","gid":10052439,"risk":"HIGH","floodCodes":["051FWCDV5B3EAST"],"floodNames":["The Thames estuary from Shellhaven, to and including Tilbury"],"lng":0.392574,"lat":51.453824},"geometry":{"type":"Polygon","coordinates":[[[0.392133,51.454257],[0.392999,51.454214],[0.393084,51.454124],[0.393015,51.453527],[0.392966,51.4535],[0.392445,51.45349],[0.392444,51.453544],[0.392525,51.453628],[0.392544,51.453737],[0.39251,51.453781],[0.392088,51.453831],[0.392133,51.454257]]]}},{"type":"Feature","properties":{"id":"substation-484","kind":"substation","name":"BULLS LODGE 400KV S/S","voltage":"400kV","status":"C","gid":10052454,"risk":"SAFE","floodCodes":[],"floodNames":[],"lng":0.537261,"lat":51.765589},"geometry":{"type":"Polygon","coordinates":[[[0.537165,51.766207],[0.537752,51.765936],[0.537993,51.765825],[0.537989,51.765509],[0.537522,51.765131],[0.537313,51.765095],[0.53639,51.765112],[0.536055,51.765281],[0.537165,51.766207]]]}},{"type":"Feature","properties":{"id":"substation-485","kind":"substation","name":"NEW CROSS HEADHOUSE (EAST)","voltage":"275kV","status":"C","gid":10052528,"risk":"HIGH","floodCodes":["063FWT23BermD"],"floodNames":["Tidal Thames at South Bermondsey"],"lng":-0.060834,"lat":51.484517},"geometry":{"type":"Polygon","coordinates":[[[-0.060997,51.484413],[-0.06099,51.484502],[-0.060908,51.48455],[-0.060879,51.484567],[-0.060825,51.484586],[-0.060762,51.484609],[-0.06075,51.484609],[-0.060753,51.484557],[-0.060764,51.484557],[-0.060766,51.484519],[-0.060794,51.484519],[-0.060799,51.484474],[-0.06076,51.484474],[-0.060762,51.484407],[-0.060997,51.484413]]]}},{"type":"Feature","properties":{"id":"substation-486","kind":"substation","name":"RICHBOROUGH 400KV S/S","voltage":"400kV","status":"C","gid":10052567,"risk":"HIGH","floodCodes":["064FWB6StourMarsh"],"floodNames":["River Stour between Stodmarsh and Ash Level"],"lng":1.344214,"lat":51.311235},"geometry":{"type":"Polygon","coordinates":[[[1.345073,51.311787],[1.34481,51.311468],[1.344808,51.311453],[1.344808,51.311443],[1.344808,51.311431],[1.345062,51.311342],[1.345013,51.31101],[1.344922,51.310384],[1.344022,51.310439],[1.343788,51.310634],[1.343667,51.310674],[1.343507,51.310784],[1.343294,51.310948],[1.342851,51.311041],[1.343098,51.311477],[1.343499,51.311925],[1.343753,51.312198],[1.345073,51.311787]]]}},{"type":"Feature","properties":{"id":"substation-487","kind":"substation","name":"NECHELLS 132KV","voltage":"132kV","status":"C","gid":10058874,"risk":"LOW","floodCodes":["033FWF3TAME011"],"floodNames":["River Tame at Gravelly Hill"],"lng":-1.849912,"lat":52.506929},"geometry":{"type":"Polygon","coordinates":[[[-1.850841,52.506272],[-1.850612,52.506804],[-1.850441,52.507085],[-1.850185,52.507245],[-1.850036,52.507279],[-1.850241,52.507526],[-1.85017,52.507647],[-1.849772,52.507755],[-1.849213,52.507659],[-1.849149,52.50759],[-1.84922,52.507447],[-1.84888,52.507364],[-1.849016,52.507075],[-1.848967,52.506832],[-1.849467,52.505938],[-1.849871,52.505795],[-1.850608,52.505952],[-1.850806,52.506108],[-1.850841,52.506272]]]}},{"type":"Feature","properties":{"id":"substation-488","kind":"substation","name":"CANTERBURY NORTH 132KV S/S","voltage":"132kV","status":"C","gid":10053352,"risk":"HIGH","floodCodes":["064FWF6Canterbury"],"floodNames":["River Great Stour at Canterbury"],"lng":1.095171,"lat":51.293114},"geometry":{"type":"Polygon","coordinates":[[[1.095229,51.292968],[1.094856,51.293158],[1.09508,51.293335],[1.09546,51.293139],[1.095229,51.292968]]]}},{"type":"Feature","properties":{"id":"substation-489","kind":"substation","name":"STALYBRIDGE 25KV S/S","voltage":"25kV","status":"C","gid":10053419,"risk":"LOW","floodCodes":["013FWFGM24"],"floodNames":["River Tame, Fern Bank and Millbrook in Stalybridge"],"lng":-2.045919,"lat":53.492007},"geometry":{"type":"Polygon","coordinates":[[[-2.045958,53.491883],[-2.046164,53.491982],[-2.045856,53.492195],[-2.045659,53.492091],[-2.045958,53.491883]]]}},{"type":"Feature","properties":{"id":"substation-490","kind":"substation","name":"SWANSEA NORTH 400KV GIS S/S","voltage":"400kV","status":"C","gid":10058875,"risk":"SAFE","floodCodes":[],"floodNames":[],"lng":-3.956286,"lat":51.689322},"geometry":{"type":"Polygon","coordinates":[[[-3.958498,51.689789],[-3.958494,51.689791],[-3.957898,51.690159],[-3.95767,51.6903],[-3.956663,51.690922],[-3.956577,51.690975],[-3.956128,51.690961],[-3.955411,51.690519],[-3.955411,51.690384],[-3.955423,51.690375],[-3.955461,51.690345],[-3.955514,51.690291],[-3.955326,51.690145],[-3.955331,51.690142],[-3.955556,51.689996],[-3.956211,51.689571],[-3.956197,51.689492],[-3.956148,51.689452],[-3.955937,51.689324],[-3.95585,51.689272],[-3.955842,51.689267],[-3.955707,51.689186],[-3.95563,51.68913],[-3.955562,51.689053],[-3.955547,51.688946],[-3.955532,51.688864],[-3.955519,51.688795],[-3.955513,51.688792],[-3.955508,51.688792],[-3.95529,51.688658],[-3.955098,51.68854],[-3.95507,51.688523],[-3.955028,51.688459],[-3.955001,51.688367],[-3.955001,51.688365],[-3.955446,51.688088],[-3.955597,51.687993],[-3.95583,51.687847],[-3.956362,51.688175],[-3.956361,51.688419],[-3.955799,51.688773],[-3.955799,51.688774],[-3.955807,51.689114],[-3.955811,51.689132],[-3.955841,51.689155],[-3.955851,51.689182],[-3.95593,51.689242],[-3.955976,51.689267],[-3.956088,51.689339],[-3.956125,51.689363],[-3.956156,51.689381],[-3.956256,51.689405],[-3.956377,51.689405],[-3.956512,51.689398],[-3.956761,51.689345],[-3.956831,51.689333],[-3.957028,51.689301],[-3.957044,51.689298],[-3.957061,51.689295],[-3.957299,51.689268],[-3.957305,51.689268],[-3.957321,51.689268],[-3.957335,51.689269],[-3.957351,51.68927],[-3.957365,51.689271],[-3.957378,51.689272],[-3.957401,51.689275],[-3.957411,51.689277],[-3.95756,51.689315],[-3.957593,51.689328],[-3.957597,51.68933],[-3.958498,51.689789]]]}},{"type":"Feature","properties":{"id":"substation-491","kind":"substation","name":"GRAVESEND CABLE COMPOUND","voltage":"400kV","status":"C","gid":10053546,"risk":"HIGH","floodCodes":["064FWT1Gravesend"],"floodNames":["Gravesend and Northfleet"],"lng":0.407441,"lat":51.442305},"geometry":{"type":"Polygon","coordinates":[[[0.407361,51.441901],[0.406988,51.44214],[0.407183,51.442265],[0.407054,51.442368],[0.407474,51.442581],[0.407567,51.442508],[0.407794,51.442654],[0.408187,51.442424],[0.407361,51.441901]]]}},{"type":"Feature","properties":{"id":"substation-492","kind":"substation","name":"LEISTON SGT5 COMPOUND","voltage":"400kV","status":"C","gid":10053580,"risk":"LOW","floodCodes":["054FWCDV3B10","054FWFSF3A"],"floodNames":["Minsmere Marshes on the Suffolk coast","The Rivers Minsmere and Yox, from Sibton and Peasenhall to the Minsmere Levels"],"lng":1.612278,"lat":52.208287},"geometry":{"type":"Polygon","coordinates":[[[1.612241,52.207728],[1.611713,52.208767],[1.612279,52.208835],[1.61231,52.208837],[1.612573,52.208567],[1.612499,52.207996],[1.61237,52.207835],[1.612241,52.207728]]]}},{"type":"Feature","properties":{"id":"substation-493","kind":"substation","name":"BEAULIEU 25KV S/S","voltage":"25kV","status":"C","gid":10053601,"risk":"SAFE","floodCodes":[],"floodNames":[],"lng":0.530799,"lat":51.761732},"geometry":{"type":"Polygon","coordinates":[[[0.530505,51.761766],[0.530873,51.761861],[0.531114,51.761908],[0.531211,51.761726],[0.530798,51.761608],[0.530776,51.76163],[0.530613,51.761594],[0.530505,51.761766]]]}},{"type":"Feature","properties":{"id":"substation-494","kind":"substation","name":"BRAMLEY 132KV S/S","voltage":"132kV","status":"C","gid":10058876,"risk":"SAFE","floodCodes":[],"floodNames":[],"lng":-1.076759,"lat":51.337292},"geometry":{"type":"MultiPolygon","coordinates":[[[[-1.077235,51.337118],[-1.077461,51.337764],[-1.075622,51.338002],[-1.07541,51.337382],[-1.075967,51.337301],[-1.076157,51.337297],[-1.077109,51.337162],[-1.077134,51.337131],[-1.077235,51.337118]]],[[[-1.077136,51.337129],[-1.077134,51.337131],[-1.077132,51.337131],[-1.077136,51.337129]]]]}},{"type":"Feature","properties":{"id":"substation-495","kind":"substation","name":"KIRKSTALL B 132KV S/S","voltage":"132kV","status":"C","gid":10058881,"risk":"HIGH","floodCodes":["123FWF163"],"floodNames":["River Aire at Kirkstall Road and Wellington Street"],"lng":-1.595178,"lat":53.805108},"geometry":{"type":"Polygon","coordinates":[[[-1.596182,53.805871],[-1.596122,53.8058],[-1.593704,53.804793],[-1.593698,53.804732],[-1.594263,53.804252],[-1.594396,53.804249],[-1.596875,53.805299],[-1.596182,53.805871]]]}},{"type":"Feature","properties":{"id":"substation-496","kind":"substation","name":"MANNINGTON 132KV S/S","voltage":"132kV","status":"C","gid":10058880,"risk":"SAFE","floodCodes":[],"floodNames":[],"lng":-1.894698,"lat":50.845653},"geometry":{"type":"Polygon","coordinates":[[[-1.896637,50.846082],[-1.893465,50.846459],[-1.893303,50.84592],[-1.893387,50.845902],[-1.893421,50.845898],[-1.893438,50.845888],[-1.893444,50.845873],[-1.893404,50.845741],[-1.893698,50.845702],[-1.893692,50.845667],[-1.893822,50.845663],[-1.894036,50.845546],[-1.894025,50.845542],[-1.893978,50.845453],[-1.894138,50.845441],[-1.894175,50.84553],[-1.894532,50.845483],[-1.894486,50.845382],[-1.894721,50.84537],[-1.894749,50.845447],[-1.89488,50.845436],[-1.895106,50.845466],[-1.895059,50.84537],[-1.895313,50.845347],[-1.895369,50.845442],[-1.896393,50.845318],[-1.896524,50.845651],[-1.896608,50.845633],[-1.896655,50.845741],[-1.896542,50.845758],[-1.896637,50.846082]]]}},{"type":"Feature","properties":{"id":"substation-497","kind":"substation","name":"THORPE MARSH 400KV S/S EXTENSION","voltage":"400kV","status":"C","gid":10058883,"risk":"HIGH","floodCodes":["123FWF680"],"floodNames":["Ea Beck at Thorpe Marsh and Almholme"],"lng":-1.08913,"lat":53.57849},"geometry":{"type":"Polygon","coordinates":[[[-1.086979,53.578211],[-1.087663,53.578185],[-1.087797,53.578074],[-1.088361,53.578057],[-1.088433,53.578047],[-1.089717,53.578],[-1.090647,53.577953],[-1.090667,53.578149],[-1.090631,53.578167],[-1.090485,53.578255],[-1.090466,53.578312],[-1.090457,53.578437],[-1.090482,53.578665],[-1.090508,53.578862],[-1.090522,53.579026],[-1.09053,53.579208],[-1.08807,53.579328],[-1.087651,53.579293],[-1.087623,53.578918],[-1.087065,53.578943],[-1.086979,53.578211]]]}},{"type":"Feature","properties":{"id":"substation-498","kind":"substation","name":"PYLE 132KV S/S","voltage":"132kV","status":"C","gid":10058884,"risk":"SAFE","floodCodes":[],"floodNames":[],"lng":-3.687839,"lat":51.536392},"geometry":{"type":"Polygon","coordinates":[[[-3.688874,51.535678],[-3.688302,51.536238],[-3.688293,51.53623],[-3.688147,51.536354],[-3.688161,51.536365],[-3.688055,51.536466],[-3.688037,51.536463],[-3.687909,51.536582],[-3.688035,51.536651],[-3.687933,51.536732],[-3.687822,51.536694],[-3.68762,51.536881],[-3.687189,51.536686],[-3.687122,51.536729],[-3.686988,51.536672],[-3.687041,51.536634],[-3.686639,51.536481],[-3.687905,51.535243],[-3.688874,51.535678]]]}},{"type":"Feature","properties":{"id":"substation-499","kind":"substation","name":"SALTHOLME 132KV S/S","voltage":"132kV","status":"C","gid":10058885,"risk":"SAFE","floodCodes":[],"floodNames":[],"lng":-1.239082,"lat":54.605548},"geometry":{"type":"Polygon","coordinates":[[[-1.239251,54.605812],[-1.238833,54.605814],[-1.238833,54.605151],[-1.239243,54.605151],[-1.239251,54.605812]]]}},{"type":"Feature","properties":{"id":"substation-500","kind":"substation","name":"SKELTON GRANGE 132KV S/S","voltage":"132kV","status":"C","gid":10058886,"risk":"LOW","floodCodes":["123FWF177"],"floodNames":["River Aire at Knowsthorpe, Thwaite Gate and Stourton"],"lng":-1.494159,"lat":53.778293},"geometry":{"type":"Polygon","coordinates":[[[-1.495148,53.778191],[-1.493442,53.779308],[-1.492598,53.778858],[-1.494146,53.777838],[-1.494248,53.777874],[-1.494387,53.777789],[-1.495148,53.778191]]]}},{"type":"Feature","properties":{"id":"substation-501","kind":"substation","name":"RAYLEIGH LOCAL 132KV S/S","voltage":"132kV","status":"C","gid":10058882,"risk":"SAFE","floodCodes":[],"floodNames":[],"lng":0.566895,"lat":51.595741},"geometry":{"type":"Polygon","coordinates":[[[0.566727,51.595821],[0.567193,51.595757],[0.567151,51.595622],[0.566679,51.595686],[0.566727,51.595821]]]}},{"type":"Feature","properties":{"id":"substation-502","kind":"substation","name":"WYMONDLEY MAIN 132KV S/S","voltage":"132kV","status":"C","gid":10058877,"risk":"SAFE","floodCodes":[],"floodNames":[],"lng":-0.248966,"lat":51.928927},"geometry":{"type":"Polygon","coordinates":[[[-0.249007,51.929574],[-0.247825,51.928879],[-0.248676,51.928322],[-0.249122,51.928597],[-0.249199,51.928561],[-0.249928,51.928985],[-0.249007,51.929574]]]}},{"type":"Feature","properties":{"id":"substation-503","kind":"substation","name":"CHETNEY MARSH 11KV SUBSTATION","voltage":"11kV","status":"C","gid":10058878,"risk":"SAFE","floodCodes":[],"floodNames":[],"lng":0.700361,"lat":51.420928},"geometry":{"type":"Polygon","coordinates":[[[0.700315,51.420962],[0.700461,51.420933],[0.700431,51.420876],[0.700285,51.420907],[0.700315,51.420962]]]}},{"type":"Feature","properties":{"id":"substation-504","kind":"substation","name":"LONG MEADOW FARM 25KV S/S","voltage":"25kV","status":"C","gid":10054365,"risk":"SAFE","floodCodes":[],"floodNames":[],"lng":-0.492762,"lat":51.926307},"geometry":{"type":"Polygon","coordinates":[[[-0.492953,51.926347],[-0.492713,51.926456],[-0.492468,51.926247],[-0.492725,51.926137],[-0.492953,51.926347]]]}},{"type":"Feature","properties":{"id":"substation-505","kind":"substation","name":"KIRKBY 132KV GIS S/S","voltage":"132kV","status":"C","gid":10054773,"risk":"SAFE","floodCodes":[],"floodNames":[],"lng":-2.850019,"lat":53.469094},"geometry":{"type":"Polygon","coordinates":[[[-2.850262,53.46887],[-2.850113,53.469474],[-2.849649,53.469425],[-2.84981,53.468829],[-2.850262,53.46887]]]}},{"type":"Feature","properties":{"id":"substation-506","kind":"substation","name":"ESSENDINE 25KV S/S","voltage":"25kV","status":"C","gid":10058873,"risk":"SAFE","floodCodes":[],"floodNames":[],"lng":-0.448533,"lat":52.696648},"geometry":{"type":"Polygon","coordinates":[[[-0.448888,52.69671],[-0.448567,52.696897],[-0.448501,52.69684],[-0.448476,52.696797],[-0.448166,52.696541],[-0.448351,52.696424],[-0.448408,52.696415],[-0.448553,52.696494],[-0.448888,52.69671]]]}},{"type":"Feature","properties":{"id":"substation-507","kind":"substation","name":"LITTLEBROOK 132KV CABLE COMPOUND","voltage":"132kV","status":"C","gid":10055583,"risk":"HIGH","floodCodes":["064FWT1Dartford"],"floodNames":["Dartford, Crayford and Greenhithe"],"lng":0.244915,"lat":51.459893},"geometry":{"type":"Polygon","coordinates":[[[0.245129,51.459731],[0.244516,51.459952],[0.244631,51.460081],[0.244837,51.460007],[0.245247,51.459859],[0.245129,51.459731]]]}},{"type":"Feature","properties":{"id":"substation-508","kind":"substation","name":"BRAMFORD GIS 400KV S/S","voltage":"400kV","status":"C","gid":10058887,"risk":"SAFE","floodCodes":[],"floodNames":[],"lng":1.060738,"lat":52.071734},"geometry":{"type":"Polygon","coordinates":[[[1.061107,52.070906],[1.060092,52.070692],[1.060199,52.070461],[1.059669,52.070387],[1.059362,52.070867],[1.059148,52.070805],[1.058958,52.071099],[1.05891,52.07121],[1.0588,52.071407],[1.058711,52.071558],[1.058642,52.071636],[1.05864,52.07169],[1.058644,52.071747],[1.058672,52.071803],[1.058689,52.07186],[1.058737,52.071931],[1.058625,52.072017],[1.059018,52.072247],[1.059347,52.072357],[1.059369,52.072318],[1.059469,52.072346],[1.059664,52.072306],[1.059884,52.072438],[1.060329,52.072632],[1.060737,52.072724],[1.061351,52.072841],[1.061637,52.072872],[1.062215,52.072925],[1.062843,52.072974],[1.063164,52.072528],[1.063256,52.072335],[1.063749,52.072135],[1.064286,52.071135],[1.063659,52.070996],[1.063487,52.071289],[1.063137,52.071226],[1.062932,52.071578],[1.063379,52.071688],[1.063244,52.07189],[1.062979,52.071897],[1.06078,52.071459],[1.060787,52.071426],[1.060842,52.07133],[1.060948,52.071139],[1.061107,52.070906]]]}},{"type":"Feature","properties":{"id":"substation-509","kind":"substation","name":"ST BRIDES 25KV S/S","voltage":"25kV","status":"C","gid":10058888,"risk":"SAFE","floodCodes":[],"floodNames":[],"lng":-3.025219,"lat":51.545661},"geometry":{"type":"Polygon","coordinates":[[[-3.025459,51.545634],[-3.025071,51.545832],[-3.024857,51.545702],[-3.025252,51.545505],[-3.025459,51.545634]]]}},{"type":"Feature","properties":{"id":"substation-510","kind":"substation","name":"CHILLING 400KV SUBSTATION","voltage":"400kV","status":"C","gid":10056713,"risk":"LOW","floodCodes":["065FWC0601"],"floodNames":["Hamble estuary"],"lng":-1.285462,"lat":50.835722},"geometry":{"type":"Polygon","coordinates":[[[-1.285868,50.835767],[-1.285703,50.835958],[-1.284855,50.83565],[-1.285017,50.835471],[-1.285868,50.835767]]]}},{"type":"Feature","properties":{"id":"substation-511","kind":"substation","name":"CHILLING HEAD HOUSE","voltage":"400kV","status":"C","gid":10056718,"risk":"HIGH","floodCodes":["065FWC0601"],"floodNames":["Hamble estuary"],"lng":-1.291281,"lat":50.834741},"geometry":{"type":"Polygon","coordinates":[[[-1.291304,50.834671],[-1.291398,50.834795],[-1.291255,50.834845],[-1.291146,50.834722],[-1.291304,50.834671]]]}},{"type":"Feature","properties":{"id":"substation-512","kind":"substation","name":"NURSLING 33KV S/S","voltage":"0kV","status":"C","gid":10057082,"risk":"SAFE","floodCodes":[],"floodNames":[],"lng":-1.484778,"lat":50.942113},"geometry":{"type":"Polygon","coordinates":[[[-1.484457,50.941817],[-1.484799,50.941801],[-1.484828,50.94181],[-1.48504,50.941946],[-1.48501,50.942018],[-1.485072,50.942836],[-1.48456,50.942861],[-1.484457,50.941817]]]}},{"type":"Feature","properties":{"id":"substation-513","kind":"substation","name":"HUTTON 400KV S/S","voltage":"400kV","status":"C","gid":10058879,"risk":"SAFE","floodCodes":[],"floodNames":[],"lng":-2.668611,"lat":54.297714},"geometry":{"type":"Polygon","coordinates":[[[-2.669768,54.298643],[-2.668396,54.298898],[-2.667876,54.2979],[-2.667837,54.297901],[-2.667755,54.297948],[-2.667658,54.297893],[-2.667698,54.297865],[-2.667655,54.297841],[-2.667779,54.297727],[-2.667561,54.297324],[-2.667543,54.297305],[-2.667918,54.297186],[-2.668047,54.297182],[-2.66806,54.2972],[-2.668201,54.297175],[-2.668487,54.297122],[-2.66889,54.297047],[-2.668952,54.297152],[-2.668989,54.297208],[-2.669054,54.297303],[-2.669086,54.297351],[-2.669189,54.297503],[-2.669261,54.297609],[-2.669241,54.297614],[-2.669439,54.297979],[-2.669458,54.297982],[-2.669548,54.29823],[-2.669564,54.298274],[-2.669639,54.298409],[-2.669768,54.298643]]]}},{"type":"Feature","properties":{"id":"substation-514","kind":"substation","name":"BLYTH 400KV S/S","voltage":"400kV","status":"C","gid":10057787,"risk":"SAFE","floodCodes":[],"floodNames":[],"lng":-1.533849,"lat":55.141396},"geometry":{"type":"Polygon","coordinates":[[[-1.534405,55.141362],[-1.534878,55.141406],[-1.534726,55.141983],[-1.533187,55.141847],[-1.533197,55.141755],[-1.533063,55.141679],[-1.533299,55.140809],[-1.533557,55.140867],[-1.533776,55.140887],[-1.534405,55.141362]]]}},{"type":"Feature","properties":{"id":"substation-515","kind":"substation","name":"COWLEY 33KV S/S","voltage":"33kV","status":"C","gid":10058962,"risk":"SAFE","floodCodes":[],"floodNames":[],"lng":-1.189768,"lat":51.709729},"geometry":{"type":"Polygon","coordinates":[[[-1.190548,51.709504],[-1.190638,51.709825],[-1.190337,51.709862],[-1.190285,51.709648],[-1.189918,51.709691],[-1.189974,51.709899],[-1.1888,51.71003],[-1.188727,51.709826],[-1.189036,51.709787],[-1.189007,51.709676],[-1.189216,51.709652],[-1.189954,51.709568],[-1.190548,51.709504]]]}},{"type":"Feature","properties":{"id":"substation-516","kind":"substation","name":"ISLINGTON 132KV S/S","voltage":"132kV","status":"C","gid":10060008,"risk":"SAFE","floodCodes":[],"floodNames":[],"lng":-0.116006,"lat":51.550149},"geometry":{"type":"Polygon","coordinates":[[[-0.116216,51.550313],[-0.116113,51.550363],[-0.115565,51.549923],[-0.115657,51.549877],[-0.115774,51.549972],[-0.115823,51.549948],[-0.115939,51.550042],[-0.116128,51.550194],[-0.116225,51.550271],[-0.116227,51.550279],[-0.116194,51.550295],[-0.116216,51.550313]]]}},{"type":"Feature","properties":{"id":"substation-517","kind":"substation","name":"WINTERBOURNE ABBAS NORTH 400KV S/S","voltage":"400kV","status":"C","gid":10061965,"risk":"LOW","floodCodes":["111FWGSWV1"],"floodNames":["Groundwater flooding for the South Winterbourne Valley"],"lng":-2.55785,"lat":50.720303},"geometry":{"type":"Polygon","coordinates":[[[-2.558096,50.720189],[-2.558087,50.720472],[-2.557487,50.720474],[-2.557483,50.720192],[-2.558096,50.720189]]]}},{"type":"Feature","properties":{"id":"substation-518","kind":"substation","name":"WINTERBOURNE ABBAS SOUTH 400KV S/S","voltage":"400kV","status":"C","gid":10061966,"risk":"SAFE","floodCodes":[],"floodNames":[],"lng":-2.510636,"lat":50.660273},"geometry":{"type":"Polygon","coordinates":[[[-2.510954,50.660089],[-2.511093,50.660388],[-2.510153,50.660551],[-2.510026,50.660248],[-2.510954,50.660089]]]}},{"type":"Feature","properties":{"id":"substation-519","kind":"substation","name":"BENGEWORTH ROAD 400KV SUBSTATION","voltage":"400kV","status":"P","gid":10062241,"risk":"SAFE","floodCodes":[],"floodNames":[],"lng":-0.098219,"lat":51.466232},"geometry":{"type":"Polygon","coordinates":[[[-0.098453,51.466143],[-0.098223,51.466455],[-0.097872,51.466355],[-0.098094,51.466064],[-0.098453,51.466143]]]}},{"type":"Feature","properties":{"id":"substation-520","kind":"substation","name":"WILLESDEN TUNNEL HEAD HOUSE","voltage":"0kV","status":"C","gid":0,"risk":"SAFE","floodCodes":[],"floodNames":[],"lng":-0.259472,"lat":51.534494},"geometry":{"type":"Polygon","coordinates":[[[-0.259766,51.534503],[-0.2591,51.534704],[-0.259019,51.534629],[-0.259097,51.534541],[-0.259363,51.534417],[-0.259456,51.534389],[-0.25959,51.534376],[-0.25977,51.534428],[-0.259799,51.534452],[-0.259766,51.534503]]]}},{"type":"Feature","properties":{"id":"substation-521","kind":"substation","name":"SHURTON 400KV S/S","voltage":"400kV","status":"C","gid":10063057,"risk":"LOW","floodCodes":["112FWTSTE03","112FWTSTE02"],"floodNames":["Somerset coast at Steart, Stolford and Stretcholt","Somerset coast at Steart and Stolford, properties located behind the seafront"],"lng":-3.137858,"lat":51.203387},"geometry":{"type":"Polygon","coordinates":[[[-3.139454,51.203847],[-3.13723,51.203878],[-3.137226,51.203791],[-3.137204,51.203366],[-3.137283,51.203366],[-3.13728,51.203236],[-3.137019,51.203239],[-3.137009,51.202658],[-3.139422,51.202639],[-3.139454,51.203847]]]}},{"type":"Feature","properties":{"id":"substation-522","kind":"substation","name":"PURITON EAST 400KV CSE COMPOUND","voltage":"400kV","status":"C","gid":10064102,"risk":"HIGH","floodCodes":["112FWTCOM02"],"floodNames":["Tidal River Parrett at Chilton Trinity, Combwich and Dunball"],"lng":-2.969685,"lat":51.152223},"geometry":{"type":"Polygon","coordinates":[[[-2.969792,51.151916],[-2.970228,51.152179],[-2.969967,51.152315],[-2.96992,51.152344],[-2.969899,51.152355],[-2.969851,51.152409],[-2.96959,51.152392],[-2.969504,51.152377],[-2.969415,51.152354],[-2.969362,51.152329],[-2.96926,51.152252],[-2.969391,51.152181],[-2.969568,51.152063],[-2.969732,51.151962],[-2.969792,51.151916]]]}},{"type":"Feature","properties":{"id":"substation-523","kind":"substation","name":"PURITON WEST 400KV CSE COMPOUND","voltage":"400kV","status":"C","gid":10064103,"risk":"HIGH","floodCodes":["112FWTCOM02"],"floodNames":["Tidal River Parrett at Chilton Trinity, Combwich and Dunball"],"lng":-2.974846,"lat":51.152638},"geometry":{"type":"Polygon","coordinates":[[[-2.974404,51.152563],[-2.974452,51.152526],[-2.974741,51.152439],[-2.974978,51.152368],[-2.975035,51.152379],[-2.975119,51.152415],[-2.975335,51.152712],[-2.975234,51.152737],[-2.97504,51.152791],[-2.974955,51.152803],[-2.974786,51.152849],[-2.974683,51.152889],[-2.974682,51.152889],[-2.974404,51.152563]]]}},{"type":"Feature","properties":{"id":"substation-524","kind":"substation","name":"LOXTON 400KV CABLE SEALING END COMPOUND","voltage":"400kV","status":"C","gid":10064187,"risk":"HIGH","floodCodes":["112FWTBRE03"],"floodNames":["Somerset coast at Brean and Lympsham"],"lng":-2.900045,"lat":51.286507},"geometry":{"type":"Polygon","coordinates":[[[-2.900378,51.286349],[-2.900422,51.286698],[-2.899545,51.286743],[-2.899499,51.286394],[-2.900378,51.286349]]]}},{"type":"Feature","properties":{"id":"substation-525","kind":"substation","name":"SANDFORD 400KV S/S","voltage":"400kV","status":"C","gid":10064188,"risk":"LOW","floodCodes":["112FWTKIN03"],"floodNames":["Somerset coast at Kingston Seymour, Wick St Lawrence, Hewish and Kenn"],"lng":-2.839288,"lat":51.340883},"geometry":{"type":"Polygon","coordinates":[[[-2.839903,51.339918],[-2.840965,51.341005],[-2.839371,51.341615],[-2.838939,51.341173],[-2.838998,51.341151],[-2.839007,51.341127],[-2.838969,51.341089],[-2.83893,51.341083],[-2.838873,51.341105],[-2.838309,51.340528],[-2.839903,51.339918]]]}},{"type":"Feature","properties":{"id":"substation-526","kind":"substation","name":"WOGDEN FOOT 400KV CSE COMPOUND","voltage":"400kV","status":"C","gid":10064245,"risk":"SAFE","floodCodes":[],"floodNames":[],"lng":-1.739742,"lat":53.520104},"geometry":{"type":"Polygon","coordinates":[[[-1.739746,53.519817],[-1.740423,53.520294],[-1.740117,53.520425],[-1.739717,53.52037],[-1.739196,53.520011],[-1.739248,53.519995],[-1.739746,53.519817]]]}},{"type":"Feature","properties":{"id":"substation-527","kind":"substation","name":"FRISTON 400KV S/S","voltage":"400kV","status":"P","gid":10064638,"risk":"SAFE","floodCodes":[],"floodNames":[],"lng":1.530349,"lat":52.197202},"geometry":{"type":"Polygon","coordinates":[[[1.529759,52.196481],[1.528752,52.197463],[1.53133,52.198319],[1.532145,52.197266],[1.529759,52.196481]]]}},{"type":"Feature","properties":{"id":"substation-528","kind":"substation","name":"LITTLE HORSTED 400KV S/S","voltage":"400kV","status":"C","gid":10065047,"risk":"SAFE","floodCodes":[],"floodNames":[],"lng":0.119998,"lat":50.941938},"geometry":{"type":"Polygon","coordinates":[[[0.122376,50.94041],[0.121545,50.94046],[0.121632,50.941051],[0.119855,50.941231],[0.119355,50.940512],[0.119237,50.940596],[0.1175,50.941625],[0.117403,50.941726],[0.117329,50.941823],[0.117291,50.941905],[0.117276,50.94198],[0.117279,50.942075],[0.117321,50.942175],[0.117398,50.942271],[0.117589,50.942491],[0.117645,50.94262],[0.118759,50.942731],[0.119656,50.942709],[0.11961,50.942554],[0.119629,50.942386],[0.11988,50.942396],[0.120053,50.942473],[0.12017,50.942562],[0.120453,50.94284],[0.122519,50.942806],[0.122749,50.942755],[0.122858,50.942683],[0.123247,50.942677],[0.123543,50.942592],[0.123497,50.941204],[0.122897,50.941277],[0.122376,50.94041]]]}},{"type":"Feature","properties":{"id":"substation-529","kind":"substation","name":"LITTLE HORSTED 400KV S/S","voltage":"400kV","status":"P","gid":10065048,"risk":"SAFE","floodCodes":[],"floodNames":[],"lng":0.120348,"lat":50.940753},"geometry":{"type":"Polygon","coordinates":[[[0.119355,50.940512],[0.119855,50.94123],[0.121632,50.941051],[0.121545,50.94046],[0.119355,50.940512]]]}},{"type":"Feature","properties":{"id":"substation-530","kind":"substation","name":"MARSTON VALE 400KV S/S","voltage":"400kV","status":"P","gid":10065050,"risk":"SAFE","floodCodes":[],"floodNames":[],"lng":-0.52926,"lat":52.052069},"geometry":{"type":"Polygon","coordinates":[[[-0.53019,52.051091],[-0.529939,52.053614],[-0.527865,52.053553],[-0.528117,52.050996],[-0.53019,52.051091]]]}},{"type":"Feature","properties":{"id":"substation-531","kind":"substation","name":"YAXLEY 400KV S/S","voltage":"400kV","status":"P","gid":10065051,"risk":"SAFE","floodCodes":[],"floodNames":[],"lng":1.104675,"lat":52.332304},"geometry":{"type":"Polygon","coordinates":[[[1.102602,52.332415],[1.104152,52.333792],[1.107085,52.332407],[1.106864,52.331545],[1.104745,52.33125],[1.102602,52.332415]]]}},{"type":"Feature","properties":{"id":"substation-532","kind":"substation","name":"TWINSTEAD GREEN 400KV SUBSTATION","voltage":"400kV","status":"P","gid":10065155,"risk":"SAFE","floodCodes":[],"floodNames":[],"lng":0.687365,"lat":52.001918},"geometry":{"type":"Polygon","coordinates":[[[0.686777,52.001642],[0.686819,52.002367],[0.688245,52.002334],[0.688207,52.001603],[0.686777,52.001642]]]}},{"type":"Feature","properties":{"id":"substation-533","kind":"substation","name":"SANDFORD 400KV S/S","voltage":"132kV","status":"C","gid":10065164,"risk":"LOW","floodCodes":["112FWTKIN03"],"floodNames":["Somerset coast at Kingston Seymour, Wick St Lawrence, Hewish and Kenn"],"lng":-2.839002,"lat":51.339988},"geometry":{"type":"Polygon","coordinates":[[[-2.839311,51.339516],[-2.839743,51.339958],[-2.839903,51.339918],[-2.838386,51.340499],[-2.838395,51.340474],[-2.837964,51.340032],[-2.839311,51.339516]]]}},{"type":"Feature","properties":{"id":"substation-534","kind":"substation","name":"MARKET HARBOROUGH 400KV SUBSTATION","voltage":"400kV","status":"C","gid":10066070,"risk":"SAFE","floodCodes":[],"floodNames":[],"lng":-0.885878,"lat":52.464381},"geometry":{"type":"Polygon","coordinates":[[[-0.886534,52.464348],[-0.88612,52.464735],[-0.884763,52.464782],[-0.884765,52.464044],[-0.886549,52.464026],[-0.886534,52.464348]]]}},{"type":"Feature","properties":{"id":"substation-535","kind":"substation","name":"BUSTLEHOLM 33KV S/S","voltage":"33kV","status":"C","gid":553,"risk":"LOW","floodCodes":["033FWF3TAME006"],"floodNames":["River Tame at Ray Hall Water Works"],"lng":-1.958221,"lat":52.553477},"geometry":{"type":"Polygon","coordinates":[[[-1.958266,52.553479],[-1.958213,52.553511],[-1.958153,52.553473],[-1.958206,52.553441],[-1.958266,52.553479]]]}},{"type":"Feature","properties":{"id":"substation-536","kind":"substation","name":"UPPER BOAT 33KV GIS S/S","voltage":"33kV","status":"C","gid":554,"risk":"SAFE","floodCodes":[],"floodNames":[],"lng":-3.298698,"lat":51.574961},"geometry":{"type":"Polygon","coordinates":[[[-3.298672,51.574886],[-3.298831,51.575032],[-3.298738,51.575075],[-3.298575,51.574925],[-3.298672,51.574886]]]}},{"type":"Feature","properties":{"id":"substation-537","kind":"substation","name":"BENGEWORTH ROAD HEAD HOUSE","voltage":"400kV","status":"C","gid":554,"risk":"SAFE","floodCodes":[],"floodNames":[],"lng":-0.098639,"lat":51.465285},"geometry":{"type":"Polygon","coordinates":[[[-0.098639,51.465285],[-0.098639,51.465285],[-0.098639,51.465285],[-0.098639,51.465285],[-0.098639,51.465285]]]}},{"type":"Feature","properties":{"id":"substation-538","kind":"substation","name":"BIGGLESWADE 132KV S/S","voltage":"132kV","status":"P","gid":556,"risk":"SAFE","floodCodes":[],"floodNames":[],"lng":-0.228978,"lat":52.080558},"geometry":{"type":"Polygon","coordinates":[[[-0.229008,52.080534],[-0.229004,52.080596],[-0.228931,52.080593],[-0.228939,52.080533],[-0.229008,52.080534]]]}},{"type":"Feature","properties":{"id":"substation-539","kind":"substation","name":"BIGGLESWADE 400KV S/S","voltage":"400kV","status":"P","gid":556,"risk":"SAFE","floodCodes":[],"floodNames":[],"lng":-0.229051,"lat":52.080617},"geometry":{"type":"Polygon","coordinates":[[[-0.229083,52.080605],[-0.229081,52.080636],[-0.229002,52.080636],[-0.229006,52.080604],[-0.229083,52.080605]]]}},{"type":"Feature","properties":{"id":"substation-540","kind":"substation","name":"UXBRIDGE MOOR 132KV S/S","voltage":"132kV","status":"P","gid":558,"risk":"HIGH","floodCodes":["062FWF28Iver"],"floodNames":["Colne Brook at Iver"],"lng":-0.501176,"lat":51.541679},"geometry":{"type":"Polygon","coordinates":[[[-0.501518,51.541547],[-0.5015,51.541877],[-0.500646,51.54187],[-0.500698,51.541555],[-0.501518,51.541547]]]}},{"type":"Feature","properties":{"id":"substation-541","kind":"substation","name":"UXBRIDGE MOOR 400KV S/S","voltage":"400kV","status":"P","gid":558,"risk":"HIGH","floodCodes":["062FWF28Iver"],"floodNames":["Colne Brook at Iver"],"lng":-0.500979,"lat":51.541358},"geometry":{"type":"Polygon","coordinates":[[[-0.501228,51.541239],[-0.501218,51.54154],[-0.500598,51.54154],[-0.500621,51.541235],[-0.501228,51.541239]]]}},{"type":"Feature","properties":{"id":"substation-542","kind":"substation","name":"COVENTRY 33KV S/S","voltage":"33kV","status":"C","gid":561,"risk":"SAFE","floodCodes":[],"floodNames":[],"lng":-1.464774,"lat":52.454971},"geometry":{"type":"Polygon","coordinates":[[[-1.465188,52.454908],[-1.465135,52.455086],[-1.4648,52.455048],[-1.464778,52.455157],[-1.464496,52.455122],[-1.464485,52.455115],[-1.464475,52.455104],[-1.464513,52.455032],[-1.464573,52.454911],[-1.46462,52.454846],[-1.464632,52.454814],[-1.464664,52.454767],[-1.464971,52.454846],[-1.465098,52.454895],[-1.465188,52.454908]]]}},{"type":"Feature","properties":{"id":"substation-543","kind":"substation","name":"SUNDON 33KV GRID PARK S/S","voltage":"33kV","status":"C","gid":561,"risk":"SAFE","floodCodes":[],"floodNames":[],"lng":-0.501413,"lat":51.938392},"geometry":{"type":"Polygon","coordinates":[[[-0.501584,51.938065],[-0.501926,51.938726],[-0.501164,51.938878],[-0.500808,51.938226],[-0.501584,51.938065]]]}},{"type":"Feature","properties":{"id":"substation-544","kind":"substation","name":"WHITEGATE 33KV S/S","voltage":"33kV","status":"P","gid":562,"risk":"SAFE","floodCodes":[],"floodNames":[],"lng":-2.165063,"lat":53.528692},"geometry":{"type":"Polygon","coordinates":[[[-2.165238,53.528575],[-2.165176,53.528861],[-2.164816,53.528871],[-2.164845,53.528577],[-2.165238,53.528575]]]}},{"type":"Feature","properties":{"id":"substation-545","kind":"substation","name":"WREN HALL 400KV CONVERTER STATION","voltage":"400kV","status":"P","gid":565,"risk":"SAFE","floodCodes":[],"floodNames":[],"lng":-0.986789,"lat":53.736699},"geometry":{"type":"Polygon","coordinates":[[[-0.988158,53.735633],[-0.987972,53.737106],[-0.987518,53.737242],[-0.987162,53.737251],[-0.986896,53.737393],[-0.986873,53.737385],[-0.984144,53.737228],[-0.984222,53.735418],[-0.988158,53.735633]]]}},{"type":"Feature","properties":{"id":"substation-546","kind":"substation","name":"INDIAN QUEENS 33KV S/S","voltage":"33kV","status":"P","gid":566,"risk":"SAFE","floodCodes":[],"floodNames":[],"lng":-4.899624,"lat":50.394105},"geometry":{"type":"Polygon","coordinates":[[[-4.899571,50.394169],[-4.899464,50.394036],[-4.899696,50.39396],[-4.899827,50.394114],[-4.899614,50.394183],[-4.899571,50.394169]]]}},{"type":"Feature","properties":{"id":"substation-547","kind":"substation","name":"COWLEY 132KV S/S","voltage":"132kV","status":"C","gid":0,"risk":"SAFE","floodCodes":[],"floodNames":[],"lng":-1.190188,"lat":51.710474},"geometry":{"type":"Polygon","coordinates":[[[-1.192112,51.710451],[-1.190692,51.710621],[-1.190681,51.710595],[-1.190581,51.710607],[-1.190561,51.710558],[-1.189617,51.710664],[-1.189551,51.710752],[-1.189082,51.710801],[-1.189014,51.71057],[-1.18897,51.710549],[-1.188853,51.710149],[-1.188896,51.71011],[-1.191906,51.709755],[-1.192112,51.710451]]]}},{"type":"Feature","properties":{"id":"substation-548","kind":"substation","name":"LITTLEBROOK 400KV","voltage":"400kV","status":"C","gid":568,"risk":"HIGH","floodCodes":["064FWT1Dartford"],"floodNames":["Dartford, Crayford and Greenhithe"],"lng":0.246678,"lat":51.459674},"geometry":{"type":"Polygon","coordinates":[[[0.246461,51.45963],[0.24669,51.459859],[0.247,51.459742],[0.24678,51.459509],[0.246461,51.45963]]]}},{"type":"Feature","properties":{"id":"substation-549","kind":"substation","name":"Mannington Static Capacitor 2 Compound","voltage":"132kV","status":"C","gid":0,"risk":"SAFE","floodCodes":[],"floodNames":[],"lng":-1.893723,"lat":50.84829},"geometry":{"type":"Polygon","coordinates":[[[-1.893996,50.848396],[-1.893923,50.848405],[-1.893884,50.84842],[-1.893714,50.848447],[-1.893686,50.848436],[-1.893395,50.848482],[-1.893307,50.848443],[-1.893139,50.847952],[-1.893793,50.847856],[-1.893828,50.847879],[-1.89401,50.848365],[-1.893996,50.848396]]]}},{"type":"Feature","properties":{"id":"substation-550","kind":"substation","name":"ELTHAM HEAD HOUSE","voltage":"0kV","status":"C","gid":570,"risk":"SAFE","floodCodes":[],"floodNames":[],"lng":0.081822,"lat":51.460036},"geometry":{"type":"Polygon","coordinates":[[[0.081208,51.460196],[0.081237,51.460197],[0.082209,51.460313],[0.082373,51.460244],[0.082382,51.46022],[0.082387,51.460209],[0.082416,51.460137],[0.082495,51.460051],[0.082634,51.459963],[0.082593,51.459817],[0.081355,51.45965],[0.081323,51.459646],[0.081276,51.459791],[0.081372,51.459807],[0.081294,51.46003],[0.081218,51.460152],[0.081208,51.460196]]]}},{"type":"Feature","properties":{"id":"substation-551","kind":"substation","name":"KIDBROOKE HEAD HOUSE","voltage":"0kV","status":"C","gid":570,"risk":"LOW","floodCodes":["064FWF43QuagFAS"],"floodNames":["River Quaggy at Kidbrooke, Lee and Hither Green"],"lng":0.031736,"lat":51.461403},"geometry":{"type":"Polygon","coordinates":[[[0.031523,51.461371],[0.031774,51.461609],[0.032148,51.461492],[0.031797,51.461259],[0.031653,51.461318],[0.031523,51.461371]]]}},{"type":"Feature","properties":{"id":"substation-552","kind":"substation","name":"Shunt Reactor 3 Compound","voltage":"33kV","status":"C","gid":0,"risk":"LOW","floodCodes":["123FWF625"],"floodNames":["River Don at Burngreave, Atlas and Attercliffe, Sheffield"],"lng":-1.44507,"lat":53.400606},"geometry":{"type":"Polygon","coordinates":[[[-1.445178,53.400559],[-1.445183,53.40062],[-1.445103,53.400669],[-1.44489,53.400671],[-1.444889,53.400559],[-1.445178,53.400559]]]}},{"type":"Feature","properties":{"id":"substation-553","kind":"substation","name":"MSC5 132kV Compound","voltage":"132kV","status":"C","gid":0,"risk":"SAFE","floodCodes":[],"floodNames":[],"lng":-4.897601,"lat":50.395278},"geometry":{"type":"Polygon","coordinates":[[[-4.897984,50.395366],[-4.897459,50.395523],[-4.897211,50.395232],[-4.897249,50.395165],[-4.897721,50.395017],[-4.897984,50.395366]]]}},{"type":"Feature","properties":{"id":"substation-554","kind":"substation","name":"LISTER DRIVE 132KV S/S","voltage":"132kV","status":"C","gid":573,"risk":"SAFE","floodCodes":[],"floodNames":[],"lng":-2.92714,"lat":53.418805},"geometry":{"type":"Polygon","coordinates":[[[-2.927943,53.419379],[-2.927501,53.419469],[-2.927156,53.419531],[-2.927075,53.419464],[-2.927048,53.419419],[-2.926979,53.419308],[-2.926886,53.419157],[-2.926784,53.41899],[-2.92674,53.418984],[-2.926581,53.418716],[-2.926503,53.418692],[-2.926442,53.418666],[-2.926373,53.418566],[-2.926435,53.418494],[-2.926168,53.418023],[-2.926919,53.417874],[-2.927192,53.417874],[-2.927344,53.418095],[-2.927299,53.418116],[-2.927594,53.41861],[-2.927953,53.418538],[-2.92804,53.418691],[-2.92763,53.418783],[-2.927976,53.419315],[-2.927943,53.419379]]]}},{"type":"Feature","properties":{"id":"substation-555","kind":"substation","name":"CRAYFORD 275KV CABLE COMPOUND","voltage":"275kV","status":"C","gid":0,"risk":"HIGH","floodCodes":["064FWF7Cray"],"floodNames":["River Cray in St Marys Cray, Sidcup, Bexley and Crayford"],"lng":0.175054,"lat":51.447897},"geometry":{"type":"Polygon","coordinates":[[[0.175826,51.447782],[0.175844,51.447715],[0.175272,51.447612],[0.175268,51.447618],[0.174973,51.447561],[0.174458,51.447666],[0.174164,51.447692],[0.174115,51.447775],[0.174016,51.447979],[0.174441,51.448085],[0.174606,51.448127],[0.174775,51.448169],[0.174948,51.448212],[0.175275,51.448294],[0.175674,51.448077],[0.175716,51.447995],[0.17578,51.448002],[0.175826,51.447782]]]}},{"type":"Feature","properties":{"id":"substation-556","kind":"substation","name":"LOVEDEAN 400KV CSE COMPOUND","voltage":"400kV","status":"P","gid":0,"risk":"SAFE","floodCodes":[],"floodNames":[],"lng":-1.042472,"lat":50.916966},"geometry":{"type":"Polygon","coordinates":[[[-1.042825,50.917095],[-1.042803,50.91709],[-1.042718,50.917069],[-1.04269,50.917038],[-1.042669,50.917033],[-1.042661,50.917041],[-1.042324,50.91696],[-1.042278,50.916949],[-1.042222,50.916936],[-1.042192,50.916928],[-1.042148,50.916918],[-1.042082,50.916902],[-1.042005,50.916884],[-1.042136,50.916664],[-1.042971,50.916859],[-1.042825,50.917095]]]}},{"type":"Feature","properties":{"id":"substation-557","kind":"substation","name":"WITTON 275KV CSE COMPOUND","voltage":"275kV","status":"P","gid":0,"risk":"HIGH","floodCodes":["033FWF3TAME010"],"floodNames":["River Tame at Witton and Salford Park"],"lng":-1.867027,"lat":52.512414},"geometry":{"type":"Polygon","coordinates":[[[-1.867259,52.512481],[-1.867158,52.512505],[-1.867061,52.512528],[-1.867043,52.512523],[-1.867016,52.512515],[-1.866988,52.512507],[-1.866965,52.5125],[-1.866943,52.512494],[-1.866915,52.512485],[-1.866898,52.51248],[-1.866894,52.512463],[-1.86689,52.512442],[-1.866887,52.512426],[-1.866887,52.512416],[-1.866888,52.512392],[-1.866889,52.512374],[-1.866892,52.512351],[-1.866901,52.512275],[-1.866965,52.512259],[-1.867099,52.512226],[-1.867139,52.512244],[-1.867234,52.512286],[-1.867306,52.512319],[-1.867286,52.512374],[-1.867259,52.512481]]]}},{"type":"Feature","properties":{"id":"substation-558","kind":"substation","name":"WEST BURTON 400KV CSE COMPOUND","voltage":"400kV","status":"P","gid":0,"risk":"HIGH","floodCodes":["034FWBTRCOTTAM"],"floodNames":["River Trent at Cottam"],"lng":-0.809713,"lat":53.357293},"geometry":{"type":"Polygon","coordinates":[[[-0.809932,53.357331],[-0.809796,53.357375],[-0.809675,53.357414],[-0.809619,53.357405],[-0.809572,53.357397],[-0.809569,53.357394],[-0.80955,53.357371],[-0.809536,53.357354],[-0.809509,53.357321],[-0.809497,53.357308],[-0.809499,53.357306],[-0.809518,53.357286],[-0.809528,53.357276],[-0.809581,53.357258],[-0.809638,53.35724],[-0.809695,53.357221],[-0.809749,53.357203],[-0.80981,53.357183],[-0.809825,53.357184],[-0.80987,53.357187],[-0.809894,53.357215],[-0.809911,53.357234],[-0.809931,53.357256],[-0.809949,53.357278],[-0.809962,53.357293],[-0.809932,53.357331]]]}},{"type":"Feature","properties":{"id":"substation-559","kind":"substation","name":"TILBURY 11KV CSE COMPOUND","voltage":"11kV","status":"P","gid":0,"risk":"HIGH","floodCodes":["051FWCDV5B3EAST"],"floodNames":["The Thames estuary from Shellhaven, to and including Tilbury"],"lng":0.391477,"lat":51.459305},"geometry":{"type":"Polygon","coordinates":[[[0.391402,51.459341],[0.391589,51.459343],[0.391592,51.459251],[0.391401,51.45925],[0.391402,51.459341]]]}},{"type":"Feature","properties":{"id":"substation-560","kind":"substation","name":"CONNAHS QUAY SITE SERVICES SUBSTATION","voltage":"11kV","status":"P","gid":0,"risk":"SAFE","floodCodes":[],"floodNames":[],"lng":-3.071269,"lat":53.226632},"geometry":{"type":"Polygon","coordinates":[[[-3.071322,53.226746],[-3.071263,53.226723],[-3.071118,53.226666],[-3.071175,53.226613],[-3.071173,53.226588],[-3.071242,53.226525],[-3.071309,53.226505],[-3.0715,53.226579],[-3.071322,53.226746]]]}},{"type":"Feature","properties":{"id":"substation-561","kind":"substation","name":"TRAWSFYNYDD 275KV CSE COMPOUND","voltage":"275kV","status":"P","gid":0,"risk":"SAFE","floodCodes":[],"floodNames":[],"lng":-3.946807,"lat":52.928147},"geometry":{"type":"Polygon","coordinates":[[[-3.946837,52.928225],[-3.946812,52.92821],[-3.946611,52.928083],[-3.946761,52.928],[-3.946985,52.928139],[-3.946837,52.928225]]]}},{"type":"Feature","properties":{"id":"substation-562","kind":"substation","name":"WALTHAM CROSS  275KV CSE COMPOUND F","voltage":"275kV","status":"P","gid":0,"risk":"HIGH","floodCodes":["062FWF53Hoddesdn"],"floodNames":["Lower River Lee at Hoddesdon and Cheshunt"],"lng":-0.011632,"lat":51.713239},"geometry":{"type":"Polygon","coordinates":[[[-0.011674,51.713371],[-0.011443,51.713329],[-0.01157,51.713041],[-0.011798,51.71308],[-0.011674,51.713371]]]}},{"type":"Feature","properties":{"id":"substation-563","kind":"substation","name":"WALTHAM CROSS  275KV CSE COMPOUND E","voltage":"0kV","status":"P","gid":0,"risk":"HIGH","floodCodes":["062FWF53Hoddesdn"],"floodNames":["Lower River Lee at Hoddesdon and Cheshunt"],"lng":-0.012698,"lat":51.713431},"geometry":{"type":"Polygon","coordinates":[[[-0.012734,51.713564],[-0.012511,51.713525],[-0.012646,51.713231],[-0.012864,51.71327],[-0.012734,51.713564]]]}},{"type":"Feature","properties":{"id":"substation-564","kind":"substation","name":"Waltham Cross  275kV Cable Sealing End C","voltage":"275kV","status":"P","gid":0,"risk":"HIGH","floodCodes":["062FWF53Hoddesdn"],"floodNames":["Lower River Lee at Hoddesdon and Cheshunt"],"lng":-0.009831,"lat":51.714351},"geometry":{"type":"Polygon","coordinates":[[[-0.009974,51.714476],[-0.009506,51.71446],[-0.00955,51.714222],[-0.00978,51.714266],[-0.009867,51.714283],[-0.009999,51.714308],[-0.009998,51.714316],[-0.009974,51.714476]]]}},{"type":"Feature","properties":{"id":"substation-565","kind":"substation","name":"CAPENHURST 132KV CSE COMPOUND","voltage":"132kV","status":"P","gid":0,"risk":"SAFE","floodCodes":[],"floodNames":[],"lng":-2.944832,"lat":53.268551},"geometry":{"type":"Polygon","coordinates":[[[-2.945011,53.268555],[-2.944729,53.268679],[-2.944566,53.268547],[-2.944845,53.268421],[-2.945011,53.268555]]]}},{"type":"Feature","properties":{"id":"substation-566","kind":"substation","name":"WALTHAM CROSS  275KV CSE COMPOUND D","voltage":"275kV","status":"P","gid":0,"risk":"HIGH","floodCodes":["062FWF53Hoddesdn"],"floodNames":["Lower River Lee at Hoddesdon and Cheshunt"],"lng":-0.012752,"lat":51.714943},"geometry":{"type":"Polygon","coordinates":[[[-0.012907,51.715044],[-0.012485,51.715002],[-0.012519,51.714774],[-0.012943,51.714853],[-0.012907,51.715044]]]}},{"type":"Feature","properties":{"id":"substation-567","kind":"substation","name":"WALTHAM CROSS  275KV CSE COMPOUND C","voltage":"275kV","status":"P","gid":0,"risk":"HIGH","floodCodes":["062FWF53Hoddesdn"],"floodNames":["Lower River Lee at Hoddesdon and Cheshunt"],"lng":-0.012826,"lat":51.715277},"geometry":{"type":"Polygon","coordinates":[[[-0.012885,51.715418],[-0.012682,51.715408],[-0.012744,51.715065],[-0.012936,51.715076],[-0.012885,51.715418]]]}},{"type":"Feature","properties":{"id":"substation-568","kind":"substation","name":"WALTHAM CROSS  275KV CSE COMPOUND A","voltage":"275kV","status":"P","gid":0,"risk":"HIGH","floodCodes":["062FWF53Hoddesdn"],"floodNames":["Lower River Lee at Hoddesdon and Cheshunt"],"lng":-0.009399,"lat":51.714633},"geometry":{"type":"Polygon","coordinates":[[[-0.009458,51.714777],[-0.009257,51.714767],[-0.009313,51.714414],[-0.009512,51.714429],[-0.009458,51.714777]]]}},{"type":"Feature","properties":{"id":"substation-569","kind":"substation","name":"BRIMSDOWN 275KV CSE COMPOUND B","voltage":"275kV","status":"P","gid":0,"risk":"HIGH","floodCodes":["062FWF53Enfield"],"floodNames":["Lower River Lee at Enfield"],"lng":-0.022015,"lat":51.66367},"geometry":{"type":"Polygon","coordinates":[[[-0.022103,51.663723],[-0.021842,51.663679],[-0.021882,51.663588],[-0.022144,51.663634],[-0.022103,51.663723]]]}},{"type":"Feature","properties":{"id":"substation-570","kind":"substation","name":"NORTON 275KV CSE COMPOUND","voltage":"275kV","status":"P","gid":0,"risk":"SAFE","floodCodes":[],"floodNames":[],"lng":-1.366695,"lat":54.593682},"geometry":{"type":"Polygon","coordinates":[[[-1.36687,54.593771],[-1.366379,54.593717],[-1.366433,54.593549],[-1.366924,54.593603],[-1.36687,54.593771]]]}},{"type":"Feature","properties":{"id":"substation-571","kind":"substation","name":"PITSMOOR 33KV SHR COMPOUND","voltage":"33kV","status":"P","gid":0,"risk":"LOW","floodCodes":["123FWF625"],"floodNames":["River Don at Burngreave, Atlas and Attercliffe, Sheffield"],"lng":-1.445053,"lat":53.400624},"geometry":{"type":"Polygon","coordinates":[[[-1.445096,53.400672],[-1.444886,53.400672],[-1.444885,53.400555],[-1.445179,53.400555],[-1.445178,53.40062],[-1.445096,53.400672]]]}},{"type":"Feature","properties":{"id":"substation-572","kind":"substation","name":"BRIMSDOWN 275KV CSE COMPOUND A","voltage":"275kV","status":"P","gid":0,"risk":"HIGH","floodCodes":["062FWF53Enfield"],"floodNames":["Lower River Lee at Enfield"],"lng":-0.022261,"lat":51.663977},"geometry":{"type":"Polygon","coordinates":[[[-0.022452,51.663979],[-0.022155,51.664118],[-0.021976,51.663974],[-0.02227,51.663833],[-0.022452,51.663979]]]}},{"type":"Feature","properties":{"id":"substation-573","kind":"substation","name":"NECTON 400KV CSE COMPOUND","voltage":"400kV","status":"P","gid":0,"risk":"SAFE","floodCodes":[],"floodNames":[],"lng":0.79532,"lat":52.662244},"geometry":{"type":"Polygon","coordinates":[[[0.795059,52.662463],[0.795084,52.66247],[0.79576,52.662238],[0.795771,52.662223],[0.795523,52.661956],[0.795495,52.66195],[0.794807,52.662185],[0.795059,52.662463]]]}},{"type":"Feature","properties":{"id":"substation-574","kind":"substation","name":"TRAWSFYNYDD 400KV CSE COMPOUND","voltage":"400kV","status":"P","gid":0,"risk":"SAFE","floodCodes":[],"floodNames":[],"lng":-3.948663,"lat":52.927096},"geometry":{"type":"Polygon","coordinates":[[[-3.948794,52.927075],[-3.948777,52.927085],[-3.948758,52.927096],[-3.948672,52.927148],[-3.948634,52.92717],[-3.948589,52.927197],[-3.948484,52.927132],[-3.948575,52.927077],[-3.948586,52.927084],[-3.948636,52.927054],[-3.948626,52.927048],[-3.948689,52.92701],[-3.948794,52.927075]]]}},{"type":"Feature","properties":{"id":"substation-575","kind":"substation","name":"KINGSNORTH 400KV CSE COMPOUND","voltage":"400kV","status":"P","gid":0,"risk":"HIGH","floodCodes":["064FWT1Medway"],"floodNames":["Tidal River Medway and Medway estuary"],"lng":0.596679,"lat":51.419517},"geometry":{"type":"Polygon","coordinates":[[[0.596835,51.419631],[0.596823,51.41934],[0.596445,51.419346],[0.596457,51.419637],[0.596835,51.419631]]]}},{"type":"Feature","properties":{"id":"substation-576","kind":"substation","name":"BRINSWORTH 275KV CSE COMPOUND","voltage":"275kV","status":"P","gid":0,"risk":"SAFE","floodCodes":[],"floodNames":[],"lng":-1.351145,"lat":53.400294},"geometry":{"type":"Polygon","coordinates":[[[-1.351038,53.400342],[-1.351111,53.40019],[-1.351305,53.400223],[-1.351234,53.400375],[-1.351038,53.400342]]]}},{"type":"Feature","properties":{"id":"substation-577","kind":"substation","name":"BRIMSDOWN 275KV CSE COMPOUND C","voltage":"275kV","status":"P","gid":0,"risk":"HIGH","floodCodes":["062FWF53Enfield"],"floodNames":["Lower River Lee at Enfield"],"lng":-0.021391,"lat":51.663562},"geometry":{"type":"Polygon","coordinates":[[[-0.021481,51.663616],[-0.021217,51.663572],[-0.021257,51.663481],[-0.02152,51.663525],[-0.021481,51.663616]]]}},{"type":"Feature","properties":{"id":"substation-578","kind":"substation","name":"INCE 132KV CSE COMPOUND","voltage":"132kV","status":"P","gid":0,"risk":"LOW","floodCodes":["013FWTTME8"],"floodNames":["Irish Sea and Mersey estuary from the Head of the Wirral to Runcorn"],"lng":-2.818074,"lat":53.279987},"geometry":{"type":"Polygon","coordinates":[[[-2.818157,53.279995],[-2.818037,53.280047],[-2.817948,53.279975],[-2.81807,53.279922],[-2.818157,53.279995]]]}},{"type":"Feature","properties":{"id":"substation-579","kind":"substation","name":"SWANSEA 400KV SGT9 COMPOUND","voltage":"400kV","status":"P","gid":0,"risk":"SAFE","floodCodes":[],"floodNames":[],"lng":-3.955638,"lat":51.688746},"geometry":{"type":"Polygon","coordinates":[[[-3.955828,51.689151],[-3.955761,51.689191],[-3.955701,51.689227],[-3.955628,51.689183],[-3.955522,51.689022],[-3.955525,51.688788],[-3.955186,51.68858],[-3.955085,51.688517],[-3.955021,51.688418],[-3.955018,51.68837],[-3.955829,51.687865],[-3.956363,51.688192],[-3.956361,51.688402],[-3.955778,51.68877],[-3.955782,51.689115],[-3.955828,51.689151]]]}},{"type":"Feature","properties":{"id":"substation-580","kind":"substation","name":"Canterbury 400kV Cable Sealing End Compo","voltage":"400kV","status":"P","gid":0,"risk":"HIGH","floodCodes":["064FWF6Canterbury"],"floodNames":["River Great Stour at Canterbury"],"lng":1.097906,"lat":51.294743},"geometry":{"type":"Polygon","coordinates":[[[1.098327,51.294731],[1.098069,51.29453],[1.097817,51.29466],[1.097658,51.294651],[1.097345,51.294809],[1.097588,51.294996],[1.098117,51.294835],[1.098327,51.294731]]]}},{"type":"Feature","properties":{"id":"substation-581","kind":"substation","name":"Daines 275KV Cable Sealing End Compound","voltage":"275kV","status":"P","gid":0,"risk":"SAFE","floodCodes":[],"floodNames":[],"lng":-2.380805,"lat":53.426299},"geometry":{"type":"Polygon","coordinates":[[[-2.381008,53.426306],[-2.380877,53.426341],[-2.380781,53.426366],[-2.380744,53.426318],[-2.380588,53.426359],[-2.380509,53.426255],[-2.380767,53.426184],[-2.380968,53.426254],[-2.381008,53.426306]]]}},{"type":"Feature","properties":{"id":"substation-582","kind":"substation","name":"Daines 275KV Cable Sealing End Compound","voltage":"275kV","status":"P","gid":0,"risk":"SAFE","floodCodes":[],"floodNames":[],"lng":-2.377256,"lat":53.425173},"geometry":{"type":"Polygon","coordinates":[[[-2.377403,53.425171],[-2.377281,53.425205],[-2.377118,53.42525],[-2.377104,53.425234],[-2.377031,53.425138],[-2.377318,53.425059],[-2.377389,53.425155],[-2.377403,53.425171]]]}},{"type":"Feature","properties":{"id":"substation-583","kind":"substation","name":"Damhead Creek400kV Cable Sealing End Com","voltage":"400kV","status":"P","gid":0,"risk":"HIGH","floodCodes":["064FWT1Medway"],"floodNames":["Tidal River Medway and Medway estuary"],"lng":0.598641,"lat":51.424365},"geometry":{"type":"Polygon","coordinates":[[[0.598515,51.424456],[0.598817,51.424462],[0.598829,51.424228],[0.598528,51.424222],[0.598515,51.424456]]]}},{"type":"Feature","properties":{"id":"substation-584","kind":"substation","name":"Ferrybridge 275kV Cable Sealing End Comp","voltage":"275kV","status":"P","gid":0,"risk":"LOW","floodCodes":["123FWF137"],"floodNames":["River Aire at Ferrybridge"],"lng":-1.282035,"lat":53.723633},"geometry":{"type":"Polygon","coordinates":[[[-1.282129,53.723702],[-1.281998,53.723722],[-1.281881,53.72353],[-1.282035,53.723507],[-1.282129,53.723702]]]}},{"type":"Feature","properties":{"id":"substation-585","kind":"substation","name":"Oldbury275kv Cable Sealing End Compound","voltage":"275kV","status":"P","gid":0,"risk":"SAFE","floodCodes":[],"floodNames":[],"lng":-2.028251,"lat":52.496858},"geometry":{"type":"Polygon","coordinates":[[[-2.02827,52.496918],[-2.028156,52.496927],[-2.028069,52.496897],[-2.028044,52.496802],[-2.028268,52.496784],[-2.028371,52.496793],[-2.028405,52.496816],[-2.028411,52.496863],[-2.02827,52.496918]]]}},{"type":"Feature","properties":{"id":"substation-586","kind":"substation","name":"Thorpe Marsh, West Melton 275kV Cable Se","voltage":"275kV","status":"P","gid":0,"risk":"HIGH","floodCodes":["123FWF680"],"floodNames":["Ea Beck at Thorpe Marsh and Almholme"],"lng":-1.085149,"lat":53.578178},"geometry":{"type":"Polygon","coordinates":[[[-1.085021,53.578248],[-1.085003,53.578086],[-1.085342,53.578072],[-1.08536,53.578234],[-1.085021,53.578248]]]}},{"type":"Feature","properties":{"id":"substation-587","kind":"substation","name":"INDIAN QUEENS MSC5 400KV COMPOUND","voltage":"400kV","status":"P","gid":0,"risk":"SAFE","floodCodes":[],"floodNames":[],"lng":-4.897596,"lat":50.395276},"geometry":{"type":"Polygon","coordinates":[[[-4.897971,50.395363],[-4.897463,50.395516],[-4.897212,50.395227],[-4.897241,50.395167],[-4.897716,50.395022],[-4.897971,50.395363]]]}},{"type":"Feature","properties":{"id":"substation-588","kind":"substation","name":"SCRATCHWOOD 275KV CSE COMPOUND A","voltage":"275kV","status":"P","gid":0,"risk":"SAFE","floodCodes":[],"floodNames":[],"lng":-0.269244,"lat":51.634191},"geometry":{"type":"Polygon","coordinates":[[[-0.269055,51.634195],[-0.269404,51.634091],[-0.269435,51.63413],[-0.269379,51.634231],[-0.269138,51.634302],[-0.269055,51.634195]]]}},{"type":"Feature","properties":{"id":"substation-589","kind":"substation","name":"SCRATCHWOOD 275KV CSE COMPOUND B","voltage":"275kV","status":"P","gid":0,"risk":"SAFE","floodCodes":[],"floodNames":[],"lng":-0.269116,"lat":51.63409},"geometry":{"type":"Polygon","coordinates":[[[-0.268968,51.634084],[-0.269319,51.633982],[-0.269404,51.634091],[-0.269055,51.634195],[-0.268982,51.634102],[-0.268968,51.634084]]]}},{"type":"Feature","properties":{"id":"substation-590","kind":"substation","name":"INGLEBOROUGH CONVERTER STATION 400KV","voltage":"400kV","status":"P","gid":609,"risk":"HIGH","floodCodes":["052FWTTRV_BRW3"],"floodNames":["Tidal breach east of Wisbech along the A47 at West Walton, Emneth Hungate and Terrington St John"],"lng":0.187394,"lat":52.711815},"geometry":{"type":"Polygon","coordinates":[[[0.186664,52.713091],[0.190081,52.71223],[0.188493,52.709905],[0.185069,52.710757],[0.186664,52.713091]]]}},{"type":"Feature","properties":{"id":"substation-591","kind":"substation","name":"OLD ABBEY 132KV","voltage":"132kV","status":"P","gid":609,"risk":"SAFE","floodCodes":[],"floodNames":[],"lng":1.589327,"lat":52.221335},"geometry":{"type":"Polygon","coordinates":[[[1.589105,52.221654],[1.589883,52.221497],[1.589787,52.221318],[1.589762,52.221271],[1.589628,52.221019],[1.589251,52.221095],[1.589231,52.221099],[1.58885,52.221175],[1.588984,52.221427],[1.589009,52.221474],[1.589105,52.221654]]]}}]}